rule_id,date,session,latest_completed_signal_date,signal_observed_on_execution_date,monthly_signal_completed_today,scheduled_next_session_execution,initial_entry,terminal_liquidation,scheduled_target_ignored_at_terminal,allocation_trade_executed,previous_equity,market_pnl_before_trade,pretrade_equity,gross_traded_dollars,fee_dollars,gross_turnover,cash_end,equity_end,net_daily_return,drawdown,pretrade_SPY_dollars,posttrade_SPY_dollars,trade_SPY_dollars,metric_mark_SPY_weight,pretrade_QQQ_dollars,posttrade_QQQ_dollars,trade_QQQ_dollars,metric_mark_QQQ_weight,pretrade_SHY_dollars,posttrade_SHY_dollars,trade_SHY_dollars,metric_mark_SHY_weight,pretrade_TQQQ_dollars,posttrade_TQQQ_dollars,trade_TQQQ_dollars,metric_mark_TQQQ_weight,pretrade_UPRO_dollars,posttrade_UPRO_dollars,trade_UPRO_dollars,metric_mark_UPRO_weight,pretrade_QLD_dollars,posttrade_QLD_dollars,trade_QLD_dollars,metric_mark_QLD_weight
lev_core_relative_leverage_sleeves_v3,2024-01-02,1,2023-12-29,False,False,True,True,False,False,True,100000,0,100000,99900.099900099915,99.900099900099917,0.99900099900099915,0,99900.099900099915,-0.00099900099900085415,-0.00099900099900085415,0,49950.049950049957,49950.049950049957,0.5,0,0,0,0,0,0,0,0,0,49950.049950049957,49950.049950049957,0.5,0,0,0,0,0,0,0,0
lev_core_relative_leverage_sleeves_v3,2024-01-03,2,2023-12-29,False,False,False,False,False,False,False,99900.099900099915,-1988.4971010553418,97911.602799044573,0,0,0,0,97911.602799044573,-0.019904855981563996,-0.020883972009554275,49551.674558112711,49551.674558112711,0,0.50608582784425871,0,0,0,0,0,0,0,0,48359.928240931855,48359.928240931855,0,0.49391417215574124,0,0,0,0,0,0,0,0
lev_core_relative_leverage_sleeves_v3,2024-01-04,3,2023-12-29,False,False,False,False,False,False,False,97911.602799044573,-982.09709337409004,96929.505705670483,0,0,0,0,96929.505705670483,-0.010030446497640955,-0.030704942943295177,49388.158372005521,49388.158372005521,0,0.50952656791600925,0,0,0,0,0,0,0,0,47541.347333664962,47541.347333664962,0,0.49047343208399069,0,0,0,0,0,0,0,0
lev_core_relative_leverage_sleeves_v3,2024-01-05,4,2023-12-29,False,False,False,False,False,False,False,96929.505705670483,286.67522811859089,97216.180933789074,0,0,0,0,97216.180933789074,0.0029575641187018498,-0.027838190662109241,49478.054351199746,49478.054351199746,0,0.50894875601930623,0,0,0,0,0,0,0,0,47738.126582589328,47738.126582589328,0,0.49105124398069377,0,0,0,0,0,0,0,0
lev_core_relative_leverage_sleeves_v3,2024-01-08,5,2023-12-29,False,False,False,False,False,False,False,97216.180933789074,3702.2696750173491,100918.45060880642,0,0,0,0,100918.45060880642,0.038082854515122833,0,50177.026170074372,50177.026170074372,0,0.49720369137034476,0,0,0,0,0,0,0,0,50741.424438732058,50741.424438732058,0,0.5027963086296553,0,0,0,0,0,0,0,0
lev_core_relative_leverage_sleeves_v3,2024-01-09,6,2023-12-29,False,False,False,False,False,False,False,100918.45060880642,180.93603565440571,101099.38664446083,0,0,0,0,101099.38664446083,0.0017928935151390046,0,50109.885358404077,50109.885358404077,0,0.49564974646806687,0,0,0,0,0,0,0,0,50989.501286056751,50989.501286056751,0,0.50435025353193308,0,0,0,0,0,0,0,0
lev_core_relative_leverage_sleeves_v3,2024-01-10,7,2023-12-29,False,False,False,False,False,False,False,101099.38664446083,1315.703009377743,102415.08965383857,0,0,0,0,102415.08965383857,0.013013956395252047,0,50394.340493867378,50394.340493867378,0,0.49205972151368976,0,0,0,0,0,0,0,0,52020.749159971201,52020.749159971201,0,0.50794027848631029,0,0,0,0,0,0,0,0
lev_core_relative_leverage_sleeves_v3,2024-01-11,8,2023-12-29,False,False,False,False,False,False,False,102415.08965383857,147.66630077027366,102562.75595460885,0,0,0,0,102562.75595460885,0.0014418412488763632,0,50362.257517651873,50362.257517651873,0,0.49103845785833483,0,0,0,0,0,0,0,0,52200.498436956979,52200.498436956979,0,0.50896154214166522,0,0,0,0,0,0,0,0
lev_core_relative_leverage_sleeves_v3,2024-01-12,9,2023-12-29,False,False,False,False,False,False,False,102562.75595460885,142.43986357556423,102705.19581818441,0,0,0,0,102705.19581818441,0.0013888069041221307,0,50403.867486395982,50403.867486395982,0,0.49076258591263749,0,0,0,0,0,0,0,0,52301.32833178842,52301.32833178842,0,0.50923741408736245,0,0,0,0,0,0,0,0
lev_core_relative_leverage_sleeves_v3,2024-01-16,10,2023-12-29,False,False,False,False,False,False,False,102705.19581818441,-229.24006782454671,102475.95575035986,0,0,0,0,102475.95575035986,-0.0022320201621577329,-0.0022320201621577329,50216.475459371708,50216.475459371708,0,0.49003178444808371,0,0,0,0,0,0,0,0,52259.480290988155,52259.480290988155,0,0.50996821555191629,0,0,0,0,0,0,0,0
lev_core_relative_leverage_sleeves_v3,2024-01-17,11,2023-12-29,False,False,False,False,False,False,False,102475.95575035986,-1179.1209837727511,101296.83476658711,0,0,0,0,101296.83476658711,-0.011506318483578637,-0.013712656310888804,49935.477812774086,49935.477812774086,0,0.49296187711923817,0,0,0,0,0,0,0,0,51361.356953813025,51361.356953813025,0,0.50703812288076189,0,0,0,0,0,0,0,0
lev_core_relative_leverage_sleeves_v3,2024-01-18,12,2023-12-29,False,False,False,False,False,False,False,101296.83476658711,2648.8946481305611,103945.72941471767,0,0,0,0,103945.72941471767,0.026149826440621471,0,50378.887253567125,50378.887253567125,0,0.48466529156352217,0,0,0,0,0,0,0,0,53566.842161150547,53566.842161150547,0,0.51533470843647777,0,0,0,0,0,0,0,0
lev_core_relative_leverage_sleeves_v3,2024-01-19,13,2023-12-29,False,False,False,False,False,False,False,103945.72941471767,3747.0995251490385,107692.82893986671,0,0,0,0,107692.82893986671,0.036048614466872797,0,51001.402293157262,51001.402293157262,0,0.47358215765355477,0,0,0,0,0,0,0,0,56691.426646709457,56691.426646709457,0,0.52641784234644529,0,0,0,0,0,0,0,0
lev_core_relative_leverage_sleeves_v3,2024-01-22,14,2023-12-29,False,False,False,False,False,False,False,107692.82893986671,251.76197597461578,107944.59091584133,0,0,0,0,107944.59091584133,0.0023377784616949171,0,51113.082365807881,51113.082365807881,0,0.47351221522214154,0,0,0,0,0,0,0,0,56831.508550033446,56831.508550033446,0,0.52648778477785851,0,0,0,0,0,0,0,0
lev_core_relative_leverage_sleeves_v3,2024-01-23,15,2023-12-29,False,False,False,False,False,False,False,107944.59091584133,855.41068711109983,108800.00160295243,0,0,0,0,108800.00160295243,0.0079245349846017721,0,51263.306836852818,51263.306836852818,0,0.47117009266166887,0,0,0,0,0,0,0,0,57536.694766099601,57536.694766099601,0,0.52882990733833102,0,0,0,0,0,0,0,0
lev_core_relative_leverage_sleeves_v3,2024-01-24,16,2023-12-29,False,False,False,False,False,False,False,108800.00160295243,963.08916282976861,109763.0907657822,0,0,0,0,109763.0907657822,0.0088519223220639986,0,51305.323736907325,51305.323736907325,0,0.46741872316975031,0,0,0,0,0,0,0,0,58457.767028874863,58457.767028874863,0,0.53258127683024958,0,0,0,0,0,0,0,0
lev_core_relative_leverage_sleeves_v3,2024-01-25,17,2023-12-29,False,False,False,False,False,False,False,109763.0907657822,382.2167754532129,110145.30754123541,0,0,0,0,110145.30754123541,0.0034821976384467046,0,51577.780266390597,51577.780266390597,0,0.46827033686461206,0,0,0,0,0,0,0,0,58567.527274844819,58567.527274844819,0,0.53172966313538805,0,0,0,0,0,0,0,0
lev_core_relative_leverage_sleeves_v3,2024-01-26,18,2023-12-29,False,False,False,False,False,False,False,110145.30754123541,-1014.6841248167912,109130.62341641862,0,0,0,0,109130.62341641862,-0.0092122319821652532,-0.0092122319821652532,51543.877147426378,51543.877147426378,0,0.47231359570581949,0,0,0,0,0,0,0,0,57586.746268992239,57586.746268992239,0,0.52768640429418057,0,0,0,0,0,0,0,0
lev_core_relative_leverage_sleeves_v3,2024-01-29,19,2023-12-29,False,False,False,False,False,False,False,109130.62341641862,2109.0812258893129,111239.70464230793,0,0,0,0,111239.70464230793,0.019326208903265529,0,51933.86577915059,51933.86577915059,0,0.46686447025497152,0,0,0,0,0,0,0,0,59305.83886315734,59305.83886315734,0,0.53313552974502842,0,0,0,0,0,0,0,0
lev_core_relative_leverage_sleeves_v3,2024-01-30,20,2023-12-29,False,False,False,False,False,False,False,111239.70464230793,-1240.0518423429021,109999.65279996503,0,0,0,0,109999.65279996503,-0.011147565038313378,-0.011147565038313378,51906.784072261762,51906.784072261762,0,0.47188134463164655,0,0,0,0,0,0,0,0,58092.868727703259,58092.868727703259,0,0.52811865536835334,0,0,0,0,0,0,0,0
lev_core_relative_leverage_sleeves_v3,2024-01-31,21,2023-12-29,False,True,False,False,False,False,False,109999.65279996503,-4238.9613050016051,105760.69149496342,0,0,0,0,105760.69149496342,-0.038536133497713676,-0.04925411448153616,51072.67490075939,51072.67490075939,0,0.48290791388397447,0,0,0,0,0,0,0,0,54688.01659420404,54688.01659420404,0,0.51709208611602553,0,0,0,0,0,0,0,0
lev_core_relative_leverage_sleeves_v3,2024-02-01,22,2024-01-31,False,False,True,False,False,False,True,105760.69149496342,2564.6830640312401,108325.37455899466,4899.6399701155387,4.9020910156233555,0.045230768783976506,0,108320.47246797902,0.02420351963316647,-0.0262427177752379,51712.867294439558,54160.236233989512,2447.3689395499532,0.5,0,0,0,0,0,0,0,0,56612.507264555097,54160.236233989512,-2452.2710305655855,0.5,0,0,0,0,0,0,0,0
lev_core_relative_leverage_sleeves_v3,2024-02-02,23,2024-01-31,False,False,False,False,False,False,False,108320.47246797902,3358.2782254658523,111678.75069344488,0,0,0,0,111678.75069344488,0.031003171874629754,0,54740.679263613223,54740.679263613223,0,0.49016199522033421,0,0,0,0,0,0,0,0,56938.071429831652,56938.071429831652,0,0.50983800477966579,0,0,0,0,0,0,0,0
lev_core_relative_leverage_sleeves_v3,2024-02-05,24,2024-01-31,False,False,False,False,False,False,False,111678.75069344488,-482.09166759860818,111196.65902584627,0,0,0,0,111196.65902584627,-0.0043167716741561168,-0.0043167716741561168,54566.948959575646,54566.948959575646,0,0.49072471635044579,0,0,0,0,0,0,0,0,56629.710066270622,56629.710066270622,0,0.50927528364955421,0,0,0,0,0,0,0,0
lev_core_relative_leverage_sleeves_v3,2024-02-06,25,2024-01-31,False,False,False,False,False,False,False,111196.65902584627,-272.8268422997935,110923.83218354647,0,0,0,0,110923.83218354647,-0.002453552513986712,-0.0067597327621494729,54694.276618701086,54694.276618701086,0,0.49307958030333887,0,0,0,0,0,0,0,0,56229.555564845381,56229.555564845381,0,0.50692041969666113,0,0,0,0,0,0,0,0
lev_core_relative_leverage_sleeves_v3,2024-02-07,26,2024-01-31,False,False,False,False,False,False,False,110923.83218354647,2181.3473336939933,113105.17951724047,0,0,0,0,113105.17951724047,0.019665272022738156,0,55145.263697721646,55145.263697721646,0,0.48755736857582133,0,0,0,0,0,0,0,0,57959.915819518821,57959.915819518821,0,0.51244263142417867,0,0,0,0,0,0,0,0
lev_core_relative_leverage_sleeves_v3,2024-02-08,27,2024-01-31,False,False,False,False,False,False,False,113105.17951724047,264.621433424516,113369.80095066498,0,0,0,0,113369.80095066498,0.0023396049107033967,0,55183.481926392415,55183.481926392415,0,0.48675645069189594,0,0,0,0,0,0,0,0,58186.319024272569,58186.319024272569,0,0.51324354930810412,0,0,0,0,0,0,0,0
lev_core_relative_leverage_sleeves_v3,2024-02-09,28,2024-01-31,False,False,False,False,False,False,False,113369.80095066498,2082.1647336604219,115451.96568432541,0,0,0,0,115451.96568432541,0.018366132040458671,0,55504.887379203588,55504.887379203588,0,0.4807617354126984,0,0,0,0,0,0,0,0,59947.078305121817,59947.078305121817,0,0.5192382645873016,0,0,0,0,0,0,0,0
lev_core_relative_leverage_sleeves_v3,2024-02-12,29,2024-01-31,False,False,False,False,False,False,False,115451.96568432541,-865.04157051059883,114586.92411381481,0,0,0,0,114586.92411381481,-0.0074926534631366559,-0.0074926534631366559,55452.870744061423,55452.870744061423,0,0.48393716100610407,0,0,0,0,0,0,0,0,59134.053369753383,59134.053369753383,0,0.51606283899389593,0,0,0,0,0,0,0,0
lev_core_relative_leverage_sleeves_v3,2024-02-13,30,2024-01-31,False,False,False,False,False,False,False,114586.92411381481,-3573.542431947455,111013.38168186735,0,0,0,0,111013.38168186735,-0.03118630209846629,-0.038445287407182449,54701.967301437457,54701.967301437457,0,0.49275111227759616,0,0,0,0,0,0,0,0,56311.414380429895,56311.414380429895,0,0.50724888772240384,0,0,0,0,0,0,0,0
lev_core_relative_leverage_sleeves_v3,2024-02-14,31,2024-01-31,False,False,False,False,False,False,False,111013.38168186735,2531.3532769509475,113544.7349588183,0,0,0,0,113544.7349588183,0.022802235537739746,-0.016519690368217321,55235.42902472338,55235.42902472338,0,0.48646402710576403,0,0,0,0,0,0,0,0,58309.305934094911,58309.305934094911,0,0.51353597289423591,0,0,0,0,0,0,0,0
lev_core_relative_leverage_sleeves_v3,2024-02-15,32,2024-01-31,False,False,False,False,False,False,False,113544.7349588183,637.73625623813132,114182.47121505643,0,0,0,0,114182.47121505643,0.0056166079076183095,-0.010995867084152455,55568.77764631233,55568.77764631233,0,0.48666644761656613,0,0,0,0,0,0,0,0,58613.693568744107,58613.693568744107,0,0.51333355238343392,0,0,0,0,0,0,0,0
lev_core_relative_leverage_sleeves_v3,2024-02-16,33,2024-01-31,False,False,False,False,False,False,False,114182.47121505643,-1842.0331326730957,112340.43808238333,0,0,0,0,112340.43808238333,-0.016132363514919312,-0.026950841274108406,55310.573514687501,55310.573514687501,0,0.4923478531757749,0,0,0,0,0,0,0,0,57029.864567695833,57029.864567695833,0,0.5076521468242251,0,0,0,0,0,0,0,0
lev_core_relative_leverage_sleeves_v3,2024-02-20,34,2024-01-31,False,False,False,False,False,False,False,112340.43808238333,-1704.9949962954706,110635.44308608786,0,0,0,0,110635.44308608786,-0.015177037097230617,-0.041718844453520365,54980.886094789967,54980.886094789967,0,0.49695544719794843,0,0,0,0,0,0,0,0,55654.556991297897,55654.556991297897,0,0.50304455280205151,0,0,0,0,0,0,0,0
lev_core_relative_leverage_sleeves_v3,2024-02-21,35,2024-01-31,False,False,False,False,False,False,False,110635.44308608786,-574.70610581598885,110060.73698027187,0,0,0,0,110060.73698027187,-0.0051945930687763431,-0.046696725102061021,55052.606339712285,55052.606339712285,0,0.50020205070569657,0,0,0,0,0,0,0,0,55008.130640559582,55008.130640559582,0,0.49979794929430338,0,0,0,0,0,0,0,0
lev_core_relative_leverage_sleeves_v3,2024-02-22,36,2024-01-31,False,False,False,False,False,False,False,110060.73698027187,6070.6829902572208,116131.4199705291,0,0,0,0,116131.4199705291,0.05515757169012403,0,56216.032153479457,56216.032153479457,0,0.48407254615284573,0,0,0,0,0,0,0,0,59915.387817049646,59915.387817049646,0,0.51592745384715433,0,0,0,0,0,0,0,0
lev_core_relative_leverage_sleeves_v3,2024-02-23,37,2024-01-31,False,False,False,False,False,False,False,116131.4199705291,-660.15135122201173,115471.26861930708,0,0,0,0,115471.26861930708,-0.0056845197569231898,-0.0056845197569231898,56236.282535192237,56236.282535192237,0,0.48701536934348177,0,0,0,0,0,0,0,0,59234.98608411484,59234.98608411484,0,0.51298463065651811,0,0,0,0,0,0,0,0
lev_core_relative_leverage_sleeves_v3,2024-02-26,38,2024-01-31,False,False,False,False,False,False,False,115471.26861930708,-280.09639153104217,115191.17222777604,0,0,0,0,115191.17222777604,-0.002425680386819673,-0.0080964113156599682,56025.726399618907,56025.726399618907,0,0.48637170119976803,0,0,0,0,0,0,0,0,59165.445828157135,59165.445828157135,0,0.51362829880023197,0,0,0,0,0,0,0,0
lev_core_relative_leverage_sleeves_v3,2024-02-27,39,2024-01-31,False,False,False,False,False,False,False,115191.17222777604,451.08312526490772,115642.25535304095,0,0,0,0,115642.25535304095,0.0039159522083249687,-0.0042121642671060222,56121.75684660831,56121.75684660831,0,0.48530493179396922,0,0,0,0,0,0,0,0,59520.498506432639,59520.498506432639,0,0.51469506820603073,0,0,0,0,0,0,0,0
lev_core_relative_leverage_sleeves_v3,2024-02-28,40,2024-01-31,False,False,False,False,False,False,False,115642.25535304095,-1055.429553503971,114586.82579953698,0,0,0,0,114586.82579953698,-0.0091266773575271465,-0.013300398560390336,56034.029626367286,56034.029626367286,0,0.48900935369651988,0,0,0,0,0,0,0,0,58552.7961731697,58552.7961731697,0,0.51099064630348023,0,0,0,0,0,0,0,0
lev_core_relative_leverage_sleeves_v3,2024-02-29,41,2024-01-31,False,True,False,False,False,False,False,114586.82579953698,1943.4687048888736,116530.29450442585,0,0,0,0,116530.29450442585,0.016960664468434361,0,56338.136468664517,56338.136468664517,0,0.48346343505143019,0,0,0,0,0,0,0,0,60192.158035761335,60192.158035761335,0,0.51653656494856981,0,0,0,0,0,0,0,0
lev_core_relative_leverage_sleeves_v3,2024-03-01,42,2024-02-29,False,False,True,False,False,False,True,116530.29450442585,3034.1368252469401,119564.43132967279,5982.1559712591552,5.9851485455319198,0.050032906147185759,0,119558.44618112726,0.02598596090037697,0,56791.137679206819,59779.223090563632,2988.085411356813,0.5,0,0,0,0,0,0,0,0,62773.293650465974,59779.223090563632,-2994.0705599023422,0.5,0,0,0,0,0,0,0,0
lev_core_relative_leverage_sleeves_v3,2024-03-04,43,2024-02-29,False,False,False,False,False,False,False,119558.44618112726,-829.67218501828029,118728.77399610898,0,0,0,0,118728.77399610898,-0.0069394694521318634,-0.0069394694521318634,59709.985028954186,59709.985028954186,0,0.50291081950286975,0,0,0,0,0,0,0,0,59018.788967154796,59018.788967154796,0,0.49708918049713019,0,0,0,0,0,0,0,0
lev_core_relative_leverage_sleeves_v3,2024-03-05,44,2024-02-29,False,False,False,False,False,False,False,118728.77399610898,-3818.1884832968208,114910.58551281216,0,0,0,0,114910.58551281216,-0.03215891442980745,-0.038875218077639939,59104.105659908084,59104.105659908084,0,0.5143486598396817,0,0,0,0,0,0,0,0,55806.479852904071,55806.479852904071,0,0.48565134016031819,0,0,0,0,0,0,0,0
lev_core_relative_leverage_sleeves_v3,2024-03-06,45,2024-02-29,False,False,False,False,False,False,False,114910.58551281216,1405.8941464008385,116316.479659213,0,0,0,0,116316.479659213,0.012234679164906836,-0.027116164733378856,59411.447798219415,59411.447798219415,0,0.51077412222485241,0,0,0,0,0,0,0,0,56905.031860993586,56905.031860993586,0,0.48922587777514764,0,0,0,0,0,0,0,0
lev_core_relative_leverage_sleeves_v3,2024-03-07,46,2024-02-29,False,False,False,False,False,False,False,116316.479659213,3228.773178453077,119545.25283766608,0,0,0,0,119545.25283766608,0.027758518723338454,-0.00011035057649710911,60030.261210984121,60030.261210984121,0,0.50215512357066094,0,0,0,0,0,0,0,0,59514.991626681964,59514.991626681964,0,0.49784487642933906,0,0,0,0,0,0,0,0
lev_core_relative_leverage_sleeves_v3,2024-03-08,47,2024-02-29,False,False,False,False,False,False,False,119545.25283766608,-3129.1974215151859,116416.05541615089,0,0,0,0,116416.05541615089,-0.026175840087639513,-0.026283302145092668,59642.997379759872,59642.997379759872,0,0.51232621794781541,0,0,0,0,0,0,0,0,56773.058036391027,56773.058036391027,0,0.4876737820521847,0,0,0,0,0,0,0,0
lev_core_relative_leverage_sleeves_v3,2024-03-11,48,2024-02-29,False,False,False,False,False,False,False,116416.05541615089,-722.71805761837459,115693.33735853252,0,0,0,0,115693.33735853252,-0.0062080617234013813,-0.032328195506482471,59576.269644574546,59576.269644574546,0,0.51494987528925951,0,0,0,0,0,0,0,0,56117.067713957971,56117.067713957971,0,0.48505012471074049,0,0,0,0,0,0,0,0
lev_core_relative_leverage_sleeves_v3,2024-03-12,49,2024-02-29,False,False,False,False,False,False,False,115693.33735853252,3157.404377985702,118850.74173651822,0,0,0,0,118850.74173651822,0.027291151332258012,-0.0059193178500905885,60243.767865058711,60243.767865058711,0,0.50688592250113096,0,0,0,0,0,0,0,0,58606.973871459508,58606.973871459508,0,0.49311407749886899,0,0,0,0,0,0,0,0
lev_core_relative_leverage_sleeves_v3,2024-03-13,50,2024-02-29,False,False,False,False,False,False,False,118850.74173651822,-1587.9614079660532,117262.78032855217,0,0,0,0,117262.78032855217,-0.013360971793398013,-0.019201201804657453,60130.602121414668,60130.602121414668,0,0.51278506234406196,0,0,0,0,0,0,0,0,57132.178207137498,57132.178207137498,0,0.48721493765593804,0,0,0,0,0,0,0,0
lev_core_relative_leverage_sleeves_v3,2024-03-14,51,2024-02-29,False,False,False,False,False,False,False,117262.78032855217,-713.50503676397784,116549.27529178819,0,0,0,0,116549.27529178819,-0.0060846675711154763,-0.025169036445825688,59973.090036040834,59973.090036040834,0,0.51457282669407045,0,0,0,0,0,0,0,0,56576.185255747361,56576.185255747361,0,0.4854271733059296,0,0,0,0,0,0,0,0
lev_core_relative_leverage_sleeves_v3,2024-03-15,52,2024-02-29,False,False,False,False,False,False,False,116549.27529178819,-2347.2674229847325,114202.00786880346,0,0,0,0,114202.00786880346,-0.0201396998574912,-0.044801839463595727,59586.887423225518,59586.887423225518,0,0.52176742366631246,0,0,0,0,0,0,0,0,54615.12044557793,54615.12044557793,0,0.47823257633368749,0,0,0,0,0,0,0,0
lev_core_relative_leverage_sleeves_v3,2024-03-18,53,2024-02-29,False,False,False,False,False,False,False,114202.00786880346,1980.230568231811,116182.23843703527,0,0,0,0,116182.23843703527,0.017339717621311257,-0.028238973087498564,59963.754278651548,59963.754278651548,0,0.51611808384246949,0,0,0,0,0,0,0,0,56218.484158383719,56218.484158383719,0,0.48388191615753051,0,0,0,0,0,0,0,0
lev_core_relative_leverage_sleeves_v3,2024-03-19,54,2024-02-29,False,False,False,False,False,False,False,116182.23843703527,758.98111905163387,116941.2195560869,0,0,0,0,116941.2195560869,0.0065326777075565001,-0.021890771489915029,60302.40586171094,60302.40586171094,0,0.51566424645322717,0,0,0,0,0,0,0,0,56638.81369437596,56638.81369437596,0,0.48433575354677288,0,0,0,0,0,0,0,0
lev_core_relative_leverage_sleeves_v3,2024-03-20,55,2024-02-29,False,False,False,False,False,False,False,116941.2195560869,2509.7500213074673,119450.96957739437,0,0,0,0,119450.96957739437,0.021461637144152945,-0.00089894614028418474,60847.170646116676,60847.170646116676,0,0.50939034535582173,0,0,0,0,0,0,0,0,58603.798931277692,58603.798931277692,0,0.49060965464417822,0,0,0,0,0,0,0,0
lev_core_relative_leverage_sleeves_v3,2024-03-21,56,2024-02-29,False,False,False,False,False,False,False,119450.96957739437,905.50721518427599,120356.47679257864,0,0,0,0,120356.47679257864,0.0075805765192853425,0,61045.320086584412,61045.320086584412,0,0.50720427943225199,0,0,0,0,0,0,0,0,59311.156705994232,59311.156705994232,0,0.49279572056774801,0,0,0,0,0,0,0,0
lev_core_relative_leverage_sleeves_v3,2024-03-22,57,2024-02-29,False,False,False,False,False,False,False,120356.47679257864,86.391586161014857,120442.86837873966,0,0,0,0,120442.86837873966,0.0007177975665564329,0,60962.538198776158,60962.538198776158,0,0.5061531580855072,0,0,0,0,0,0,0,0,59480.330179963494,59480.330179963494,0,0.49384684191449268,0,0,0,0,0,0,0,0
lev_core_relative_leverage_sleeves_v3,2024-03-25,58,2024-02-29,False,False,False,False,False,False,False,120442.86837873966,-816.509869188827,119626.35850955083,0,0,0,0,119626.35850955083,-0.0067792296893931514,-0.0067792296893931514,60776.109332243868,60776.109332243868,0,0.50804948081230417,0,0,0,0,0,0,0,0,58850.249177306963,58850.249177306963,0,0.49195051918769578,0,0,0,0,0,0,0,0
lev_core_relative_leverage_sleeves_v3,2024-03-26,59,2024-02-29,False,False,False,False,False,False,False,119626.35850955083,-833.14222062856425,118793.21628892227,0,0,0,0,118793.21628892227,-0.0069645371723159322,-0.013696552664537731,60605.895489127797,60605.895489127797,0,0.51017976768745366,0,0,0,0,0,0,0,0,58187.320799794463,58187.320799794463,0,0.48982023231254629,0,0,0,0,0,0,0,0
lev_core_relative_leverage_sleeves_v3,2024-03-27,60,2024-02-29,False,False,False,False,False,False,False,118793.21628892227,1124.3936760375218,119917.60996495979,0,0,0,0,119917.60996495979,0.0094651337101845368,-0.0043610586566915632,61136.093444865917,61136.093444865917,0,0.50981747770598518,0,0,0,0,0,0,0,0,58781.516520093872,58781.516520093872,0,0.49018252229401477,0,0,0,0,0,0,0,0
lev_core_relative_leverage_sleeves_v3,2024-03-28,61,2024-02-29,False,True,False,False,False,False,False,119917.60996495979,-194.34819963245536,119723.26176532733,0,0,0,0,119723.26176532733,-0.0016206810633504487,-0.0059746718348610006,61205.378655566012,61205.378655566012,0,0.51122378185399142,0,0,0,0,0,0,0,0,58517.883109761315,58517.883109761315,0,0.48877621814600852,0,0,0,0,0,0,0,0
lev_core_relative_leverage_sleeves_v3,2024-04-01,62,2024-03-28,False,False,True,False,False,False,True,119723.26176532733,219.66006732455571,119942.92183265189,2221.3479947488886,2.2202378758109882,0.018520042373556506,0,119940.7015947761,0.0018161869818997811,-0.0041693359741687974,61082.134913700393,59970.350797388048,-1111.7841163123448,0.5,0,0,0,0,0,0,0,0,58860.786918951504,59970.350797388048,1109.5638784365437,0.5,0,0,0,0,0,0,0,0
lev_core_relative_leverage_sleeves_v3,2024-04-02,63,2024-03-28,False,False,False,False,False,False,False,119940.7015947761,-2122.7471406920522,117817.95445408404,0,0,0,0,117817.95445408404,-0.017698305183038054,-0.021793850976725482,59537.762120591266,59537.762120591266,0,0.50533691911782674,0,0,0,0,0,0,0,0,58280.192333492785,58280.192333492785,0,0.49466308088217331,0,0,0,0,0,0,0,0
lev_core_relative_leverage_sleeves_v3,2024-04-03,64,2024-03-28,False,False,False,False,False,False,False,117817.95445408404,439.29874198068865,118257.25319606473,0,0,0,0,118257.25319606473,0.00372862306102828,-0.018146488971037544,59605.349807475824,59605.349807475824,0,0.50403123864760391,0,0,0,0,0,0,0,0,58651.9033885889,58651.9033885889,0,0.49596876135239604,0,0,0,0,0,0,0,0
lev_core_relative_leverage_sleeves_v3,2024-04-04,65,2024-03-28,False,False,False,False,False,False,False,118257.25319606473,-3521.0186143676256,114736.23458169711,0,0,0,0,114736.23458169711,-0.029774229649406347,-0.047380420890489772,58877.822471336382,58877.822471336382,0,0.51315805060181618,0,0,0,0,0,0,0,0,55858.412110360725,55858.412110360725,0,0.48684194939818376,0,0,0,0,0,0,0,0
lev_core_relative_leverage_sleeves_v3,2024-04-05,66,2024-03-28,False,False,False,False,False,False,False,114736.23458169711,2789.2687158401677,117525.50329753727,0,0,0,0,117525.50329753727,0.024310268905104238,-0.024221982758070526,59530.64731911436,59530.64731911436,0,0.50653386412991275,0,0,0,0,0,0,0,0,57994.855978422915,57994.855978422915,0,0.49346613587008725,0,0,0,0,0,0,0,0
lev_core_relative_leverage_sleeves_v3,2024-04-08,67,2024-03-28,False,False,False,False,False,False,False,117525.50329753727,-123.48595065719564,117402.01734688008,0,0,0,0,117402.01734688008,-0.001050716203653046,-0.025247248531954924,59509.30211115336,59509.30211115336,0,0.50688483431528364,0,0,0,0,0,0,0,0,57892.715235726711,57892.715235726711,0,0.49311516568471636,0,0,0,0,0,0,0,0
lev_core_relative_leverage_sleeves_v3,2024-04-09,68,2024-03-28,False,False,False,False,False,False,False,117402.01734688008,744.67717624151555,118146.69452312159,0,0,0,0,118146.69452312159,0.0063429674640194111,-0.019064423543929676,59603.702570400041,59603.702570400041,0,0.5044889559625847,0,0,0,0,0,0,0,0,58542.991952721553,58542.991952721553,0,0.49551104403741525,0,0,0,0,0,0,0,0
lev_core_relative_leverage_sleeves_v3,2024-04-10,69,2024-03-28,False,False,False,False,False,False,False,118146.69452312159,-2115.741199876109,116030.95332324549,0,0,0,0,116030.95332324549,-0.017907747723420631,-0.036630770380033151,59041.448556550124,59041.448556550124,0,0.50884222585045191,0,0,0,0,0,0,0,0,56989.504766695369,56989.504766695369,0,0.49115777414954814,0,0,0,0,0,0,0,0
lev_core_relative_leverage_sleeves_v3,2024-04-11,70,2024-03-28,False,False,False,False,False,False,False,116030.95332324549,3186.7186399692728,119217.67196321476,0,0,0,0,119217.67196321476,0.027464383844985951,-0.010172428073301876,59481.974046301119,59481.974046301119,0,0.49893587978009329,0,0,0,0,0,0,0,0,59735.697916913632,59735.697916913632,0,0.50106412021990665,0,0,0,0,0,0,0,0
lev_core_relative_leverage_sleeves_v3,2024-04-12,71,2024-03-28,False,False,False,False,False,False,False,119217.67196321476,-3853.0366277327994,115364.63533548196,0,0,0,0,115364.63533548196,-0.032319341287939896,-0.042163003186613701,58623.905180732283,58623.905180732283,0,0.50816183842000762,0,0,0,0,0,0,0,0,56740.730154749675,56740.730154749675,0,0.49183816157999238,0,0,0,0,0,0,0,0
lev_core_relative_leverage_sleeves_v3,2024-04-15,72,2024-03-28,False,False,False,False,False,False,False,115364.63533548196,-3531.8990828655951,111832.73625261636,0,0,0,0,111832.73625261636,-0.030615093374107061,-0.071487272281229863,57920.511532208518,57920.511532208518,0,0.51792090109798639,0,0,0,0,0,0,0,0,53912.224720407852,53912.224720407852,0,0.48207909890201367,0,0,0,0,0,0,0,0
lev_core_relative_leverage_sleeves_v3,2024-04-16,73,2024-03-28,False,False,False,False,False,False,False,111832.73625261636,-76.848077484697569,111755.88817513167,0,0,0,0,111755.88817513167,-0.00068716978641303328,-0.072125318174018238,57801.491708686401,57801.491708686401,0,0.51721204719080394,0,0,0,0,0,0,0,0,53954.396466445272,53954.396466445272,0,0.48278795280919617,0,0,0,0,0,0,0,0
lev_core_relative_leverage_sleeves_v3,2024-04-17,74,2024-03-28,False,False,False,False,False,False,False,111755.88817513167,-2363.9211826103274,109391.96699252134,0,0,0,0,109391.96699252134,-0.021152542574811362,-0.091752226885431831,57467.42433878671,57467.42433878671,0,0.5253349575724835,0,0,0,0,0,0,0,0,51924.542653734621,51924.542653734621,0,0.47466504242751645,0,0,0,0,0,0,0,0
lev_core_relative_leverage_sleeves_v3,2024-04-18,75,2024-03-28,False,False,False,False,False,False,False,109391.96699252134,-1068.9884579871141,108322.97853453422,0,0,0,0,108322.97853453422,-0.0097720928453567391,-0.10062770845089586,57344.108268432894,57344.108268432894,0,0.52938082984997625,0,0,0,0,0,0,0,0,50978.87026610133,50978.87026610133,0,0.47061917015002375,0,0,0,0,0,0,0,0
lev_core_relative_leverage_sleeves_v3,2024-04-19,76,2024-03-28,False,False,False,False,False,False,False,108322.97853453422,-3648.1451408022258,104674.833393732,0,0,0,0,104674.833393732,-0.03367840498993635,-0.13091713272241368,56844.722348967858,56844.722348967858,0,0.5430600699897723,0,0,0,0,0,0,0,0,47830.111044764133,47830.111044764133,0,0.45693993001022759,0,0,0,0,0,0,0,0
lev_core_relative_leverage_sleeves_v3,2024-04-22,77,2024-03-28,False,False,False,False,False,False,False,104674.833393732,1934.1399658210867,106608.97335955309,0,0,0,0,106608.97335955309,0.018477602525010628,-0.11485856493956192,57340.283464295979,57340.283464295979,0,0.53785607024755944,0,0,0,0,0,0,0,0,49268.689895257114,49268.689895257114,0,0.46214392975244062,0,0,0,0,0,0,0,0
lev_core_relative_leverage_sleeves_v3,2024-04-23,78,2024-03-28,False,False,False,False,False,False,False,106608.97335955309,2905.6185531629308,109514.59191271602,0,0,0,0,109514.59191271602,0.02725491543158709,-0.090734109981996047,58026.662244332379,58026.662244332379,0,0.52985324814596468,0,0,0,0,0,0,0,0,51487.929668383636,51487.929668383636,0,0.47014675185403526,0,0,0,0,0,0,0,0
lev_core_relative_leverage_sleeves_v3,2024-04-24,79,2024-03-28,False,False,False,False,False,False,False,109514.59191271602,485.48462661364465,110000.07653932966,0,0,0,0,110000.07653932966,0.0044330588110175206,-0.086703280816694206,58039.068866658985,58039.068866658985,0,0.52762753165819454,0,0,0,0,0,0,0,0,51961.007672670683,51961.007672670683,0,0.47237246834180552,0,0,0,0,0,0,0,0
lev_core_relative_leverage_sleeves_v3,2024-04-25,80,2024-03-28,False,False,False,False,False,False,False,110000.07653932966,-1173.9456263310567,108826.1309129986,0,0,0,0,108826.1309129986,-0.010672225540782398,-0.096450189389475027,57774.717505777779,57774.717505777779,0,0.53089011821954746,0,0,0,0,0,0,0,0,51051.413407220818,51051.413407220818,0,0.46910988178045249,0,0,0,0,0,0,0,0
lev_core_relative_leverage_sleeves_v3,2024-04-26,81,2024-03-28,False,False,False,False,False,False,False,108826.1309129986,3104.3030848626513,111930.43399786126,0,0,0,0,111930.43399786126,0.02852534642938287,-0.070676118025606582,58364.481871063632,58364.481871063632,0,0.52143532180156515,0,0,0,0,0,0,0,0,53565.952126797623,53565.952126797623,0,0.47856467819843485,0,0,0,0,0,0,0,0
lev_core_relative_leverage_sleeves_v3,2024-04-29,82,2024-03-28,False,False,False,False,False,False,False,111930.43399786126,749.97809511382366,112680.41209297508,0,0,0,0,112680.41209297508,0.0067003947749202375,-0.064449281142616721,58552.685881348349,58552.685881348349,0,0.51963499949782965,0,0,0,0,0,0,0,0,54127.726211626723,54127.726211626723,0,0.48036500050217024,0,0,0,0,0,0,0,0
lev_core_relative_leverage_sleeves_v3,2024-04-30,83,2024-03-28,False,True,False,False,False,False,False,112680.41209297508,-4058.7886698055081,108621.62342316957,0,0,0,0,108621.62342316957,-0.036020356993871405,-0.098148152021732771,57634.144704322047,57634.144704322047,0,0.53059550104301223,0,0,0,0,0,0,0,0,50987.478718847531,50987.478718847531,0,0.46940449895698788,0,0,0,0,0,0,0,0
lev_core_relative_leverage_sleeves_v3,2024-05-01,84,2024-04-30,False,False,True,False,False,False,True,108621.62342316957,-1288.863817938196,107332.75960523137,7540.673645914947,7.5369051933182964,0.070255098943225305,0,107325.22270003807,-0.011935015168029417,-0.10891176750666864,57436.716625573157,53662.611350019033,-3774.1052755541241,0.5,0,0,0,0,0,0,0,0,49896.04297965821,53662.611350019033,3766.5683703608229,0.5,0,0,0,0,0,0,0,0
lev_core_relative_leverage_sleeves_v3,2024-05-02,85,2024-04-30,False,False,False,False,False,False,False,107325.22270003807,2499.2068524252827,109824.42955246335,0,0,0,0,109824.42955246335,0.023286295518904154,-0.088161623591410998,54152.665167188046,54152.665167188046,0,0.49308396490526918,0,0,0,0,0,0,0,0,55671.76438527531,55671.76438527531,0,0.50691603509473093,0,0,0,0,0,0,0,0
lev_core_relative_leverage_sleeves_v3,2024-05-03,86,2024-04-30,False,False,False,False,False,False,False,109824.42955246335,3995.6568587375514,113820.0864112009,0,0,0,0,113820.0864112009,0.036382222744246739,-0.054986916674161446,54834.062126201825,54834.062126201825,0,0.48176085482927267,0,0,0,0,0,0,0,0,58986.024284999083,58986.024284999083,0,0.51823914517072744,0,0,0,0,0,0,0,0
lev_core_relative_leverage_sleeves_v3,2024-05-06,87,2024-04-30,False,False,False,False,False,False,False,113820.0864112009,2552.9779252411972,116373.0643364421,0,0,0,0,116373.0643364421,0.022429941899868133,-0.033790328120547719,55400.876703501206,55400.876703501206,0,0.47606271278836199,0,0,0,0,0,0,0,0,60972.187632940891,60972.187632940891,0,0.52393728721163801,0,0,0,0,0,0,0,0
lev_core_relative_leverage_sleeves_v3,2024-05-07,88,2024-04-30,False,False,False,False,False,False,False,116373.0643364421,52.022703043548972,116425.08703948565,0,0,0,0,116425.08703948565,0.00044703388486144746,-0.033358399657336779,55477.969608548316,55477.969608548316,0,0.47651215918552781,0,0,0,0,0,0,0,0,60947.117430937331,60947.117430937331,0,0.52348784081447219,0,0,0,0,0,0,0,0
lev_core_relative_leverage_sleeves_v3,2024-05-08,89,2024-04-30,False,False,False,False,False,False,False,116425.08703948565,-88.132228392743855,116336.9548110929,0,0,0,0,116336.9548110929,-0.00075698657938605418,-0.034090134375872494,55477.531074300809,55477.531074300809,0,0.47686937623891579,0,0,0,0,0,0,0,0,60859.423736792087,60859.423736792087,0,0.5231306237610841,0,0,0,0,0,0,0,0
lev_core_relative_leverage_sleeves_v3,2024-05-09,90,2024-04-30,False,False,False,False,False,False,False,116336.9548110929,528.42489639815176,116865.37970749105,0,0,0,0,116865.37970749105,0.0045421929537023953,-0.029702785390322783,55770.44170789374,55770.44170789374,0,0.47721953111763915,0,0,0,0,0,0,0,0,61094.937999597321,61094.937999597321,0,0.52278046888236096,0,0,0,0,0,0,0,0
lev_core_relative_leverage_sleeves_v3,2024-05-10,91,2024-04-30,False,False,False,False,False,False,False,116865.37970749105,591.22451026074123,117456.6042177518,0,0,0,0,117456.6042177518,0.005059021856948176,-0.024794030573876524,55870.768777263176,55870.768777263176,0,0.47567158227803724,0,0,0,0,0,0,0,0,61585.835440488619,61585.835440488619,0,0.52432841772196281,0,0,0,0,0,0,0,0
lev_core_relative_leverage_sleeves_v3,2024-05-13,92,2024-04-30,False,False,False,False,False,False,False,117456.6042177518,345.28910756895493,117801.89332532075,0,0,0,0,117801.89332532075,0.0029397164158502243,-0.021927201576719457,55858.001306839389,55858.001306839389,0,0.47416896053259844,0,0,0,0,0,0,0,0,61943.892018481361,61943.892018481361,0,0.52583103946740151,0,0,0,0,0,0,0,0
lev_core_relative_leverage_sleeves_v3,2024-05-14,93,2024-04-30,False,False,False,False,False,False,False,117801.89332532075,1533.4673248054896,119335.36065012624,0,0,0,0,119335.36065012624,0.013017340227042595,-0.0091952951928278015,56135.982042512216,56135.982042512216,0,0.47040526577109593,0,0,0,0,0,0,0,0,63199.378607614017,63199.378607614017,0,0.52959473422890402,0,0,0,0,0,0,0,0
lev_core_relative_leverage_sleeves_v3,2024-05-15,94,2024-04-30,False,False,False,False,False,False,False,119335.36065012624,3508.3256372005271,122843.68628732677,0,0,0,0,122843.68628732677,0.029398877399687384,0,56802.948768819646,56802.948768819646,0,0.46240022980065643,0,0,0,0,0,0,0,0,66040.737518507129,66040.737518507129,0,0.53759977019934357,0,0,0,0,0,0,0,0
lev_core_relative_leverage_sleeves_v3,2024-05-16,95,2024-04-30,False,False,False,False,False,False,False,122843.68628732677,-558.2276885441097,122285.45859878266,0,0,0,0,122285.45859878266,-0.0045442114724434379,-0.0045442114724434379,56696.40081927742,56696.40081927742,0,0.46363976116978661,0,0,0,0,0,0,0,0,65589.057779505238,65589.057779505238,0,0.53636023883021344,0,0,0,0,0,0,0,0
lev_core_relative_leverage_sleeves_v3,2024-05-17,96,2024-04-30,False,False,False,False,False,False,False,122285.45859878266,-70.885249697952531,122214.57334908471,0,0,0,0,122214.57334908471,-0.00057967031002870151,-0.0051212476379990379,56764.285899341921,56764.285899341921,0,0.4644641333992518,0,0,0,0,0,0,0,0,65450.287449742784,65450.287449742784,0,0.53553586660074826,0,0,0,0,0,0,0,0
lev_core_relative_leverage_sleeves_v3,2024-05-20,97,2024-04-30,False,False,False,False,False,False,False,122214.57334908471,1388.2994688895124,123602.87281797422,0,0,0,0,123602.87281797422,0.011359524734616322,0,56820.847915743558,56820.847915743558,0,0.45970491316509854,0,0,0,0,0,0,0,0,66782.024902230653,66782.024902230653,0,0.54029508683490135,0,0,0,0,0,0,0,0
lev_core_relative_leverage_sleeves_v3,2024-05-21,98,2024-04-30,False,False,False,False,False,False,False,123602.87281797422,547.10311657996499,124149.97593455418,0,0,0,0,124149.97593455418,0.0044262977397431236,0,56964.019105436295,56964.019105436295,0,0.45883230082513227,0,0,0,0,0,0,0,0,67185.956829117888,67185.956829117888,0,0.54116769917486773,0,0,0,0,0,0,0,0
lev_core_relative_leverage_sleeves_v3,2024-05-22,99,2024-04-30,False,False,False,False,False,False,False,124149.97593455418,-265.80667273208383,123884.1692618221,0,0,0,0,123884.1692618221,-0.0021410126802779983,-0.0021410126802779983,56810.768277384086,56810.768277384086,0,0.45857972504394634,0,0,0,0,0,0,0,0,67073.40098443802,67073.40098443802,0,0.54142027495605372,0,0,0,0,0,0,0,0
lev_core_relative_leverage_sleeves_v3,2024-05-23,100,2024-04-30,False,False,False,False,False,False,False,123884.1692618221,-1395.5213259939483,122488.64793582815,0,0,0,0,122488.64793582815,-0.01126472683563462,-0.013381621592917559,56394.337164076904,56394.337164076904,0,0.46040460168702263,0,0,0,0,0,0,0,0,66094.310771751247,66094.310771751247,0,0.53959539831297743,0,0,0,0,0,0,0,0
lev_core_relative_leverage_sleeves_v3,2024-05-24,101,2024-04-30,False,False,False,False,False,False,False,122488.64793582815,2349.6947970527544,124838.3427328809,0,0,0,0,124838.3427328809,0.019182959699936886,0,56789.180359258666,56789.180359258666,0,0.45490174826152258,0,0,0,0,0,0,0,0,68049.162373622239,68049.162373622239,0,0.54509825173847737,0,0,0,0,0,0,0,0
lev_core_relative_leverage_sleeves_v3,2024-05-28,102,2024-04-30,False,False,False,False,False,False,False,124838.3427328809,650.67284297588049,125489.01557585679,0,0,0,0,125489.01557585679,0.0052121233647592913,0,56803.215707372365,56803.215707372365,0,0.45265488335140713,0,0,0,0,0,0,0,0,68685.799868484421,68685.799868484421,0,0.54734511664859287,0,0,0,0,0,0,0,0
lev_core_relative_leverage_sleeves_v3,2024-05-29,103,2024-04-30,False,False,False,False,False,False,False,125489.01557585679,-1889.7060033648741,123599.30957249191,0,0,0,0,123599.30957249191,-0.01505873637380295,-0.01505873637380295,56386.202026681356,56386.202026681356,0,0.4562015938576941,0,0,0,0,0,0,0,0,67213.107545810548,67213.107545810548,0,0.5437984061423059,0,0,0,0,0,0,0,0
lev_core_relative_leverage_sleeves_v3,2024-05-30,104,2024-04-30,False,False,False,False,False,False,False,123599.30957249191,-2472.1570126391598,121127.15255985275,0,0,0,0,121127.15255985275,-0.020001382056177408,-0.034758922890484656,56055.518783524742,56055.518783524742,0,0.46278243646341755,0,0,0,0,0,0,0,0,65071.633776328003,65071.633776328003,0,0.53721756353658234,0,0,0,0,0,0,0,0
lev_core_relative_leverage_sleeves_v3,2024-05-31,105,2024-04-30,False,True,False,False,False,False,False,121127.15255985275,376.24574255771586,121503.39830241047,0,0,0,0,121503.39830241047,0.0031062047988934527,-0.031760686424677997,56509.159672516689,56509.159672516689,0,0.46508295621387258,0,0,0,0,0,0,0,0,64994.238629893778,64994.238629893778,0,0.53491704378612737,0,0,0,0,0,0,0,0
lev_core_relative_leverage_sleeves_v3,2024-06-03,106,2024-05-31,False,False,True,False,False,False,True,121503.39830241047,717.153285224922,122220.55158763539,9063.6702205187394,9.0682043226800921,0.074158315461535507,0,122211.48338331269,0.0058276977499827076,-0.02611808035551022,56578.440683558329,61105.741691656345,4527.3010080980166,0.5,0,0,0,0,0,0,0,0,65642.110904077068,61105.741691656345,-4536.3692124207228,0.5,0,0,0,0,0,0,0,0
lev_core_relative_leverage_sleeves_v3,2024-06-04,107,2024-05-31,False,False,False,False,False,False,False,122211.48338331269,619.32171165419277,122830.80509496688,0,0,0,0,122830.80509496688,0.00506762289851026,-0.021182814039074516,61200.498648036184,61200.498648036184,0,0.49825040714109864,0,0,0,0,0,0,0,0,61630.306446930699,61630.306446930699,0,0.50174959285890131,0,0,0,0,0,0,0,0
lev_core_relative_leverage_sleeves_v3,2024-06-05,108,2024-05-31,False,False,False,False,False,False,False,122830.80509496688,4470.3309288885503,127301.13602385543,0,0,0,0,127301.13602385543,0.036394216625318832,0,61924.602491352824,61924.602491352824,0,0.48644186867074418,0,0,0,0,0,0,0,0,65376.53353250261,65376.53353250261,0,0.51355813132925587,0,0,0,0,0,0,0,0
lev_core_relative_leverage_sleeves_v3,2024-06-06,109,2024-05-31,False,False,False,False,False,False,False,127301.13602385543,-171.81531386755523,127129.32070998788,0,0,0,0,127129.32070998788,-0.001349676202695882,-0.001349676202695882,61912.955186572181,61912.955186572181,0,0.48700767722821636,0,0,0,0,0,0,0,0,65216.365523415698,65216.365523415698,0,0.51299232277178364,0,0,0,0,0,0,0,0
lev_core_relative_leverage_sleeves_v3,2024-06-07,110,2024-05-31,False,False,False,False,False,False,False,127129.32070998788,-305.19576776413305,126824.12494222375,0,0,0,0,126824.12494222375,-0.0024006717416539258,-0.0037471078148296755,61854.983679508703,61854.983679508703,0,0.4877225347124412,0,0,0,0,0,0,0,0,64969.141262715035,64969.141262715035,0,0.51227746528755869,0,0,0,0,0,0,0,0
lev_core_relative_leverage_sleeves_v3,2024-06-10,111,2024-05-31,False,False,False,False,False,False,False,126824.12494222375,906.40486258066085,127730.52980480441,0,0,0,0,127730.52980480441,0.0071469435566269279,0,62019.134739398243,62019.134739398243,0,0.4855466804543504,0,0,0,0,0,0,0,0,65711.395065406163,65711.395065406163,0,0.51445331954564966,0,0,0,0,0,0,0,0
lev_core_relative_leverage_sleeves_v3,2024-06-11,112,2024-05-31,False,False,False,False,False,False,False,127730.52980480441,1547.6234865700681,129278.15329137447,0,0,0,0,129278.15329137447,0.012116316192652743,0,62187.124836934985,62187.124836934985,0,0.48103351768008396,0,0,0,0,0,0,0,0,67091.028454439496,67091.028454439496,0,0.51896648231991616,0,0,0,0,0,0,0,0
lev_core_relative_leverage_sleeves_v3,2024-06-12,113,2024-05-31,False,False,False,False,False,False,False,129278.15329137447,3176.1596083369514,132454.31289971143,0,0,0,0,132454.31289971143,0.024568417226523476,0,62715.76729385963,62715.76729385963,0,0.47348980883201025,0,0,0,0,0,0,0,0,69738.545605851788,69738.545605851788,0,0.52651019116798969,0,0,0,0,0,0,0,0
lev_core_relative_leverage_sleeves_v3,2024-06-13,114,2024-05-31,False,False,False,False,False,False,False,132454.31289971143,1324.9628472985642,133779.27574700999,0,0,0,0,133779.27574700999,0.010003168777914961,0,62863.001406868658,62863.001406868658,0,0.46990089500670412,0,0,0,0,0,0,0,0,70916.274340141332,70916.274340141332,0,0.53009910499329593,0,0,0,0,0,0,0,0
lev_core_relative_leverage_sleeves_v3,2024-06-14,115,2024-05-31,False,False,False,False,False,False,False,133779.27574700999,853.5300390147604,134632.80578602475,0,0,0,0,134632.80578602475,0.0063801364916107328,0,62853.328523875774,62853.328523875774,0,0.46685002334252862,0,0,0,0,0,0,0,0,71779.477262148983,71779.477262148983,0,0.53314997665747144,0,0,0,0,0,0,0,0
lev_core_relative_leverage_sleeves_v3,2024-06-17,116,2024-05-31,False,False,False,False,False,False,False,134632.80578602475,3120.3215563342092,137753.12734235896,0,0,0,0,137753.12734235896,0.023176532184090437,0,63341.336300881492,63341.336300881492,0,0.45981777345394675,0,0,0,0,0,0,0,0,74411.791041477467,74411.791041477467,0,0.54018222654605319,0,0,0,0,0,0,0,0
lev_core_relative_leverage_sleeves_v3,2024-06-18,117,2024-05-31,False,False,False,False,False,False,False,137753.12734235896,180.45092350625782,137933.57826586522,0,0,0,0,137933.57826586522,0.0013099588153653308,0,63502.129361120154,63502.129361120154,0,0.4603819473074251,0,0,0,0,0,0,0,0,74431.448904745077,74431.448904745077,0,0.53961805269257501,0,0,0,0,0,0,0,0
lev_core_relative_leverage_sleeves_v3,2024-06-20,118,2024-05-31,False,False,False,False,False,False,False,137933.57826586522,-1943.948192145268,135989.63007371995,0,0,0,0,135989.63007371995,-0.014093364477200221,-0.014093364477200221,63342.592235144359,63342.592235144359,0,0.46578987089534957,0,0,0,0,0,0,0,0,72647.037838575576,72647.037838575576,0,0.53421012910465038,0,0,0,0,0,0,0,0
lev_core_relative_leverage_sleeves_v3,2024-06-21,119,2024-05-31,False,False,False,False,False,False,False,135989.63007371995,-743.36331210151548,135246.26676161843,0,0,0,0,135246.26676161843,-0.0054663235108334263,-0.019482649098445215,63246.776369695894,63246.776369695894,0,0.46764156885138297,0,0,0,0,0,0,0,0,71999.490391922533,71999.490391922533,0,0.53235843114861703,0,0,0,0,0,0,0,0
lev_core_relative_leverage_sleeves_v3,2024-06-24,120,2024-05-31,False,False,False,False,False,False,False,135246.26676161843,-2659.267979783559,132586.99878183487,0,0,0,0,132586.99878183487,-0.019662413192304329,-0.038761986394095227,63056.845893972793,63056.845893972793,0,0.47558845492633561,0,0,0,0,0,0,0,0,69530.152887862074,69530.152887862074,0,0.52441154507366428,0,0,0,0,0,0,0,0
lev_core_relative_leverage_sleeves_v3,2024-06-25,121,2024-05-31,False,False,False,False,False,False,False,132586.99878183487,2647.6239608663309,135234.62274270121,0,0,0,0,135234.62274270121,0.019968956120824943,-0.019567066678729983,63304.564311186936,63304.564311186936,0,0.46810915006307857,0,0,0,0,0,0,0,0,71930.058431514277,71930.058431514277,0,0.53189084993692148,0,0,0,0,0,0,0,0
lev_core_relative_leverage_sleeves_v3,2024-06-26,122,2024-05-31,False,False,False,False,False,False,False,135234.62274270121,617.00298945658142,135851.62573215779,0,0,0,0,135851.62573215779,0.0045624631987215558,-0.015093877501637043,63404.093901660242,63404.093901660242,0,0.46671575374936197,0,0,0,0,0,0,0,0,72447.531830497537,72447.531830497537,0,0.53328424625063797,0,0,0,0,0,0,0,0
lev_core_relative_leverage_sleeves_v3,2024-06-27,123,2024-05-31,False,False,False,False,False,False,False,135851.62573215779,452.03167174846749,136303.65740390625,0,0,0,0,136303.65740390625,0.0033273924350356587,-0.011816708320415703,63462.059866731346,63462.059866731346,0,0.46559322820425375,0,0,0,0,0,0,0,0,72841.597537174908,72841.597537174908,0,0.53440677179574625,0,0,0,0,0,0,0,0
lev_core_relative_leverage_sleeves_v3,2024-06-28,124,2024-05-31,False,True,False,False,False,False,False,136303.65740390625,-1486.9045450907142,134816.75285881554,0,0,0,0,134816.75285881554,-0.0109087648373557,-0.022596567465552386,63209.939897842574,63209.939897842574,0,0.46885819868423967,0,0,0,0,0,0,0,0,71606.812960972951,71606.812960972951,0,0.53114180131576016,0,0,0,0,0,0,0,0
lev_core_relative_leverage_sleeves_v3,2024-07-01,125,2024-06-28,False,False,True,False,False,False,True,134816.75285881554,1553.8833084440266,136370.63616725957,9609.2260350575452,9.6140330515833377,0.070464040537816075,0,136361.02213420797,0.011454579958691369,-0.011400821695687235,63380.705066101007,68180.511067103987,4799.8060010029803,0.5,0,0,0,0,0,0,0,0,72989.931101158552,68180.511067103987,-4809.4200340545649,0.5,0,0,0,0,0,0,0,0
lev_core_relative_leverage_sleeves_v3,2024-07-02,126,2024-06-28,False,False,False,False,False,False,False,136361.02213420797,2462.4607023728022,138823.48283658078,0,0,0,0,138823.48283658078,0.018058391348439784,0,68604.892107777705,68604.892107777705,0,0.4941879479319613,0,0,0,0,0,0,0,0,70218.590728803087,70218.590728803087,0,0.50581205206803881,0,0,0,0,0,0,0,0
lev_core_relative_leverage_sleeves_v3,2024-07-03,127,2024-06-28,False,False,False,False,False,False,False,138823.48283658078,2152.9340424811235,140976.4168790619,0,0,0,0,140976.4168790619,0.01550842839042943,0,68955.098109477651,68955.098109477651,0,0.4891250581906299,0,0,0,0,0,0,0,0,72021.318769584235,72021.318769584235,0,0.51087494180936999,0,0,0,0,0,0,0,0
lev_core_relative_leverage_sleeves_v3,2024-07-05,128,2024-06-28,False,False,False,False,False,False,False,140976.4168790619,2534.3925628904253,143510.80944195233,0,0,0,0,143510.80944195233,0.017977422174551227,0,69340.908339890782,69340.908339890782,0,0.48317550858730257,0,0,0,0,0,0,0,0,74169.901102061529,74169.901102061529,0,0.51682449141269726,0,0,0,0,0,0,0,0
lev_core_relative_leverage_sleeves_v3,2024-07-08,129,2024-06-28,False,False,False,False,False,False,False,143510.80944195233,562.54789399396395,144073.35733594629,0,0,0,0,144073.35733594629,0.0039198991085163115,0,69413.321955445339,69413.321955445339,0,0.48179152092353389,0,0,0,0,0,0,0,0,74660.035380500965,74660.035380500965,0,0.51820847907646628,0,0,0,0,0,0,0,0
lev_core_relative_leverage_sleeves_v3,2024-07-09,130,2024-06-28,False,False,False,False,False,False,False,144073.35733594629,176.58681145898299,144249.94414740527,0,0,0,0,144249.94414740527,0.0012256729122179788,0,69466.149407602163,69466.149407602163,0,0.48156794665110242,0,0,0,0,0,0,0,0,74783.794739803125,74783.794739803125,0,0.51843205334889775,0,0,0,0,0,0,0,0
lev_core_relative_leverage_sleeves_v3,2024-07-10,131,2024-06-28,False,False,False,False,False,False,False,144249.94414740527,3132.5765167694772,147382.52066417475,0,0,0,0,147382.52066417475,0.021716310084448853,0,70183.01223821356,70183.01223821356,0,0.47619630823204812,0,0,0,0,0,0,0,0,77199.508425961205,77199.508425961205,0,0.52380369176795194,0,0,0,0,0,0,0,0
lev_core_relative_leverage_sleeves_v3,2024-07-11,132,2024-06-28,False,False,False,False,False,False,False,147382.52066417475,-5830.7274552691961,141551.79320890555,0,0,0,0,141551.79320890555,-0.039561865470838731,-0.039561865470838731,69571.243296494213,69571.243296494213,0,0.4914896640964434,0,0,0,0,0,0,0,0,71980.549912411341,71980.549912411341,0,0.50851033590355654,0,0,0,0,0,0,0,0
lev_core_relative_leverage_sleeves_v3,2024-07-12,133,2024-06-28,False,False,False,False,False,False,False,141551.79320890555,1580.1160057213274,143131.90921462688,0,0,0,0,143131.90921462688,0.011162811645835991,-0.02884067547761171,69954.080570184684,69954.080570184684,0,0.48873854162937391,0,0,0,0,0,0,0,0,73177.828644442183,73177.828644442183,0,0.51126145837062598,0,0,0,0,0,0,0,0
lev_core_relative_leverage_sleeves_v3,2024-07-15,134,2024-06-28,False,False,False,False,False,False,False,143131.90921462688,775.72214967064792,143907.63136429753,0,0,0,0,143907.63136429753,0.0054196311215792825,-0.023577350178418333,70158.766321725358,70158.766321725358,0,0.4875263782510651,0,0,0,0,0,0,0,0,73748.865042572172,73748.865042572172,0,0.51247362174893485,0,0,0,0,0,0,0,0
lev_core_relative_leverage_sleeves_v3,2024-07-16,135,2024-06-28,False,False,False,False,False,False,False,143907.63136429753,550.19491046870826,144457.82627476624,0,0,0,0,144457.82627476624,0.0038232504089787955,-0.019844241883151925,70606.902890407131,70606.902890407131,0,0.48877173851494315,0,0,0,0,0,0,0,0,73850.923384359106,73850.923384359106,0,0.51122826148505685,0,0,0,0,0,0,0,0
lev_core_relative_leverage_sleeves_v3,2024-07-17,136,2024-06-28,False,False,False,False,False,False,False,144457.82627476624,-7514.8693657885888,136942.95690897765,0,0,0,0,136942.95690897765,-0.052021199263340145,-0.070833119885258644,69625.401785239446,69625.401785239446,0,0.50842630652058729,0,0,0,0,0,0,0,0,67317.555123738217,67317.555123738217,0,0.49157369347941282,0,0,0,0,0,0,0,0
lev_core_relative_leverage_sleeves_v3,2024-07-18,137,2024-06-28,False,False,False,False,False,False,False,136942.95690897765,-1529.7910289179999,135413.16588005965,0,0,0,0,135413.16588005965,-0.011171009181106029,-0.081212851633800098,69081.690464334111,69081.690464334111,0,0.51015490270364305,0,0,0,0,0,0,0,0,66331.475415725552,66331.475415725552,0,0.489845097296357,0,0,0,0,0,0,0,0
lev_core_relative_leverage_sleeves_v3,2024-07-19,138,2024-06-28,False,False,False,False,False,False,False,135413.16588005965,-2397.6151276587625,133015.55075240089,0,0,0,0,133015.55075240089,-0.017705923290962877,-0.097480826403494536,68592.402889465593,68592.402889465593,0,0.51567205865384524,0,0,0,0,0,0,0,0,64423.147862935308,64423.147862935308,0,0.48432794134615492,0,0,0,0,0,0,0,0
lev_core_relative_leverage_sleeves_v3,2024-07-22,139,2024-06-28,False,False,False,False,False,False,False,133015.55075240089,3683.0264950463315,136698.57724744722,0,0,0,0,136698.57724744722,0.027688691090728357,-0.07249125180232141,69334.532914638781,69334.532914638781,0,0.50720742169197353,0,0,0,0,0,0,0,0,67364.044332808422,67364.044332808422,0,0.49279257830802636,0,0,0,0,0,0,0,0
lev_core_relative_leverage_sleeves_v3,2024-07-23,140,2024-06-28,False,False,False,False,False,False,False,136698.57724744722,-833.16487560753012,135865.41237183969,0,0,0,0,135865.41237183969,-0.0060949052461559683,-0.07814432973756702,69226.399942206335,69226.399942206335,0,0.50952187708190133,0,0,0,0,0,0,0,0,66639.012429633352,66639.012429633352,0,0.49047812291809867,0,0,0,0,0,0,0,0
lev_core_relative_leverage_sleeves_v3,2024-07-24,141,2024-06-28,False,False,False,False,False,False,False,135865.41237183969,-8926.4507597250486,126938.96161211464,0,0,0,0,126938.96161211464,-0.065700685729307762,-0.13871087941725957,67626.0855766803,67626.0855766803,0,0.53274490918969586,0,0,0,0,0,0,0,0,59312.876035434339,59312.876035434339,0,0.46725509081030414,0,0,0,0,0,0,0,0
lev_core_relative_leverage_sleeves_v3,2024-07-25,142,2024-06-28,False,False,False,False,False,False,False,126938.96161211464,-2257.771857508109,124681.18975460653,0,0,0,0,124681.18975460653,-0.017786279553846929,-0.15403000849263115,67279.456048292865,67279.456048292865,0,0.53961191885247572,0,0,0,0,0,0,0,0,57401.733706313666,57401.733706313666,0,0.46038808114752428,0,0,0,0,0,0,0,0
lev_core_relative_leverage_sleeves_v3,2024-07-26,143,2024-06-28,False,False,False,False,False,False,False,124681.18975460653,2460.6745439411898,127141.86429854772,0,0,0,0,127141.86429854772,0.019735731979974025,-0.13733417147714089,68029.109780282801,68029.109780282801,0,0.53506459226160541,0,0,0,0,0,0,0,0,59112.754518264919,59112.754518264919,0,0.46493540773839459,0,0,0,0,0,0,0,0
lev_core_relative_leverage_sleeves_v3,2024-07-29,144,2024-06-28,False,False,False,False,False,False,False,127141.86429854772,368.72243828303181,127510.58673683075,0,0,0,0,127510.58673683075,0.0029000867677795306,-0.1348323657228262,68085.210447415957,68085.210447415957,0,0.5339573143674502,0,0,0,0,0,0,0,0,59425.376289414795,59425.376289414795,0,0.46604268563254986,0,0,0,0,0,0,0,0
lev_core_relative_leverage_sleeves_v3,2024-07-30,145,2024-06-28,False,False,False,False,False,False,False,127510.58673683075,-2822.6889255274,124687.89781130335,0,0,0,0,124687.89781130335,-0.022136898572611474,-0.15398449389112623,67748.513817070751,67748.513817070751,0,0.54334474320513515,0,0,0,0,0,0,0,0,56939.383994232609,56939.383994232609,0,0.45665525679486491,0,0,0,0,0,0,0,0
lev_core_relative_leverage_sleeves_v3,2024-07-31,146,2024-06-28,False,True,False,False,False,False,False,124687.89781130335,6206.8352491892001,130894.73306049255,0,0,0,0,130894.73306049255,0.049778970999914796,-0.11187071254705439,68822.195831169738,68822.195831169738,0,0.52578277385205252,0,0,0,0,0,0,0,0,62072.537229322814,62072.537229322814,0,0.47421722614794748,0,0,0,0,0,0,0,0
lev_core_relative_leverage_sleeves_v3,2024-08-01,147,2024-07-31,False,False,True,False,False,False,True,130894.73306049255,-5504.807666645851,125389.9253938467,10376.530146511672,10.371344474274538,0.08275409777874293,0,125379.55404937244,-0.04213446089210704,-0.14929156127637544,67883.22777017919,62689.77702468622,-5193.4507454929699,0.5,0,0,0,0,0,0,0,0,57506.697623667518,62689.77702468622,5183.0794010187019,0.5,0,0,0,0,0,0,0,0
lev_core_relative_leverage_sleeves_v3,2024-08-02,148,2024-07-31,False,False,False,False,False,False,False,125379.55404937244,-5691.5780800859357,119687.9759692865,0,0,0,0,119687.9759692865,-0.045394786440576151,-0.18790928917543026,61539.240788796735,61539.240788796735,0,0.51416393577069519,0,0,0,0,0,0,0,0,58148.73518048977,58148.73518048977,0,0.48583606422930481,0,0,0,0,0,0,0,0
lev_core_relative_leverage_sleeves_v3,2024-08-05,149,2024-07-31,False,False,False,False,False,False,False,119687.9759692865,-7022.481097803291,112665.49487148321,0,0,0,0,112665.49487148321,-0.058673237983449145,-0.23555728071578863,59699.409165027952,59699.409165027952,0,0.52988192377024279,0,0,0,0,0,0,0,0,52966.085706455255,52966.085706455255,0,0.4701180762297571,0,0,0,0,0,0,0,0
lev_core_relative_leverage_sleeves_v3,2024-08-06,150,2024-07-31,False,False,False,False,False,False,False,112665.49487148321,2213.6807351183961,114879.17560660161,0,0,0,0,114879.17560660161,0.019648258214669312,-0.22053731277696853,60317.385395268277,60317.385395268277,0,0.52505064627049858,0,0,0,0,0,0,0,0,54561.790211333326,54561.790211333326,0,0.47494935372950131,0,0,0,0,0,0,0,0
lev_core_relative_leverage_sleeves_v3,2024-08-07,151,2024-07-31,False,False,False,False,False,False,False,114879.17560660161,-2384.2124577095092,112494.9631488921,0,0,0,0,112494.9631488921,-0.020754087458584647,-0.23671434955829873,59853.34362735031,59853.34362735031,0,0.53205354223843548,0,0,0,0,0,0,0,0,52641.619521541783,52641.619521541783,0,0.4679464577615644,0,0,0,0,0,0,0,0
lev_core_relative_leverage_sleeves_v3,2024-08-08,152,2024-07-31,False,False,False,False,False,False,False,112494.9631488921,6197.1554890885018,118692.1186379806,0,0,0,0,118692.1186379806,0.055088292983271447,-0.19466624601683935,61231.216135637209,61231.216135637209,0,0.51588274637170117,0,0,0,0,0,0,0,0,57460.902502343386,57460.902502343386,0,0.48411725362829877,0,0,0,0,0,0,0,0
lev_core_relative_leverage_sleeves_v3,2024-08-09,153,2024-07-31,False,False,False,False,False,False,False,118692.1186379806,1168.5082675384037,119860.62690551901,0,0,0,0,119860.62690551901,0.0098448682266969456,-0.18673784133036386,61523.923059638553,61523.923059638553,0,0.51329552204107209,0,0,0,0,0,0,0,0,58336.703845880453,58336.703845880453,0,0.48670447795892785,0,0,0,0,0,0,0,0
lev_core_relative_leverage_sleeves_v3,2024-08-12,154,2024-07-31,False,False,False,False,False,False,False,119860.62690551901,282.60919191937137,120143.23609743838,0,0,0,0,120143.23609743838,0.0023578150658443153,-0.18482031956017164,61534.725008186215,61534.725008186215,0,0.51217802189280481,0,0,0,0,0,0,0,0,58608.511089252155,58608.511089252155,0,0.48782197810719508,0,0,0,0,0,0,0,0
lev_core_relative_leverage_sleeves_v3,2024-08-13,155,2024-07-31,False,False,False,False,False,False,False,120143.23609743838,5418.6093759641808,125561.84547340256,0,0,0,0,125561.84547340256,0.04510124374850033,-0.14805470209383043,62570.368347552139,62570.368347552139,0,0.4983231021465534,0,0,0,0,0,0,0,0,62991.477125850419,62991.477125850419,0,0.5016768978534466,0,0,0,0,0,0,0,0
lev_core_relative_leverage_sleeves_v3,2024-08-14,156,2024-07-31,False,False,False,False,False,False,False,125561.84547340256,376.6178209654754,125938.46329436803,0,0,0,0,125938.46329436803,0.0029994607003864804,-0.14549932565388168,62810.98356385895,62810.98356385895,0,0.49874344914821472,0,0,0,0,0,0,0,0,63127.479730509083,63127.479730509083,0,0.50125655085178522,0,0,0,0,0,0,0,0
lev_core_relative_leverage_sleeves_v3,2024-08-15,157,2024-07-31,False,False,False,False,False,False,False,125938.46329436803,5698.5341122325335,131636.99740660057,0,0,0,0,131636.99740660057,0.045248559996422966,-0.10683440062374749,63841.084745871965,63841.084745871965,0,0.48497828120979941,0,0,0,0,0,0,0,0,67795.912660728602,67795.912660728602,0,0.51502171879020064,0,0,0,0,0,0,0,0
lev_core_relative_leverage_sleeves_v3,2024-08-16,158,2024-07-31,False,False,False,False,False,False,False,131636.99740660057,298.74083580923616,131935.7382424098,0,0,0,0,131935.7382424098,0.0022694291247504772,-0.10480742459929782,63976.503676523418,63976.503676523418,0,0.48490655017958301,0,0,0,0,0,0,0,0,67959.234565886378,67959.234565886378,0,0.51509344982041694,0,0,0,0,0,0,0,0
lev_core_relative_leverage_sleeves_v3,2024-08-19,159,2024-07-31,False,False,False,False,False,False,False,131935.7382424098,3294.2959980327869,135230.03424044259,0,0,0,0,135230.03424044259,0.024968943532040377,-0.082455411733815875,64604.099403734297,64604.099403734297,0,0.47773484467856075,0,0,0,0,0,0,0,0,70625.934836708286,70625.934836708286,0,0.52226515532143913,0,0,0,0,0,0,0,0
lev_core_relative_leverage_sleeves_v3,2024-08-20,160,2024-07-31,False,False,False,False,False,False,False,135230.03424044259,-649.2576693118026,134580.77657113079,0,0,0,0,134580.77657113079,-0.0048011351395312873,-0.086860667298627403,64477.867762818729,64477.867762818729,0,0.47910161767226728,0,0,0,0,0,0,0,0,70102.908808312044,70102.908808312044,0,0.52089838232773256,0,0,0,0,0,0,0,0
lev_core_relative_leverage_sleeves_v3,2024-08-21,161,2024-07-31,False,False,False,False,False,False,False,134580.77657113079,1370.6067789523804,135951.38335008317,0,0,0,0,135951.38335008317,0.010184268614529479,-0.077561011051904383,64753.524896404138,64753.524896404138,0,0.47629912473681735,0,0,0,0,0,0,0,0,71197.858453679029,71197.858453679029,0,0.52370087526318265,0,0,0,0,0,0,0,0
lev_core_relative_leverage_sleeves_v3,2024-08-22,162,2024-07-31,False,False,False,False,False,False,False,135951.38335008317,-4179.7314028776018,131771.65194720557,0,0,0,0,131771.65194720557,-0.030744309472118703,-0.10592076079727286,64177.36760211725,64177.36760211725,0,0.48703470476206806,0,0,0,0,0,0,0,0,67594.284345088323,67594.284345088323,0,0.512965295237932,0,0,0,0,0,0,0,0
lev_core_relative_leverage_sleeves_v3,2024-08-23,163,2024-07-31,False,False,False,False,False,False,False,131771.65194720557,3043.6985194880108,134815.35046669358,0,0,0,0,134815.35046669358,0.023098280051216724,-0.085269068142189486,64913.278110239189,64913.278110239189,0,0.48149767727137388,0,0,0,0,0,0,0,0,69902.072356454373,69902.072356454373,0,0.51850232272862595,0,0,0,0,0,0,0,0
lev_core_relative_leverage_sleeves_v3,2024-08-26,164,2024-07-31,False,False,False,False,False,False,False,134815.35046669358,-2400.6993475270865,132414.65111916649,0,0,0,0,132414.65111916649,-0.017807314517349293,-0.10155796954452956,64710.297708299091,64710.297708299091,0,0.48869439417291594,0,0,0,0,0,0,0,0,67704.353410867407,67704.353410867407,0,0.51130560582708418,0,0,0,0,0,0,0,0
lev_core_relative_leverage_sleeves_v3,2024-08-27,165,2024-07-31,False,False,False,False,False,False,False,132414.65111916649,760.12040031523793,133174.77151948173,0,0,0,0,133174.77151948173,0.0057404554095088489,-0.096400503130671389,64818.219300684184,64818.219300684184,0,0.48671545339352901,0,0,0,0,0,0,0,0,68356.552218797529,68356.552218797529,0,0.51328454660647083,0,0,0,0,0,0,0,0
lev_core_relative_leverage_sleeves_v3,2024-08-28,166,2024-07-31,False,False,False,False,False,False,False,133174.77151948173,-2828.0913885938207,130346.68013088791,0,0,0,0,130346.68013088791,-0.021235939482577626,-0.11558928736267604,64431.839885685811,64431.839885685811,0,0.49431132285829171,0,0,0,0,0,0,0,0,65914.840245202096,65914.840245202096,0,0.50568867714170829,0,0,0,0,0,0,0,0
lev_core_relative_leverage_sleeves_v3,2024-08-29,167,2024-07-31,False,False,False,False,False,False,False,130346.68013088791,-281.21710055868607,130065.46303032922,0,0,0,0,130065.46303032922,-0.0021574550289757966,-0.11749736370233554,64432.526291726768,64432.526291726768,0,0.49538536049882909,0,0,0,0,0,0,0,0,65632.936738602453,65632.936738602453,0,0.50461463950117091,0,0,0,0,0,0,0,0
lev_core_relative_leverage_sleeves_v3,2024-08-30,168,2024-07-31,False,True,False,False,False,False,False,130065.46303032922,3122.359778899423,133187.82280922864,0,0,0,0,133187.82280922864,0.024006063609455897,-0.096311949279861309,65090.012081390167,65090.012081390167,0,0.48870843226127164,0,0,0,0,0,0,0,0,68097.81072783847,68097.81072783847,0,0.5112915677387283,0,0,0,0,0,0,0,0
lev_core_relative_leverage_sleeves_v3,2024-09-03,169,2024-08-30,False,False,True,False,False,False,True,133187.82280922864,-7817.1333560249186,125370.68945320373,2074.7269817534907,2.0736901366851566,0.016548740306065797,0,125368.61576306705,-0.058708122719007272,-0.14936577826123965,63722.708217478605,62684.307881533525,-1038.4003359450799,0.5,0,0,0,0,0,0,0,0,61647.981235725114,62684.307881533525,1036.3266458084108,0.5,0,0,0,0,0,0,0,0
lev_core_relative_leverage_sleeves_v3,2024-09-04,170,2024-08-30,False,False,False,False,False,False,False,125368.61576306705,-483.84109227858426,124884.77467078847,0,0,0,0,124884.77467078847,-0.0038593478067349141,-0.15264867157924078,62586.347062366629,62586.347062366629,0,0.50115274041492963,0,0,0,0,0,0,0,0,62298.427608421829,62298.427608421829,0,0.49884725958507031,0,0,0,0,0,0,0,0
lev_core_relative_leverage_sleeves_v3,2024-09-05,171,2024-08-30,False,False,False,False,False,False,False,124884.77467078847,-109.59739241650095,124775.17727837196,0,0,0,0,124775.17727837196,-0.00087758810235605278,-0.15339229702357848,62399.956073605805,62399.956073605805,0,0.50009911774673121,0,0,0,0,0,0,0,0,62375.221204766167,62375.221204766167,0,0.49990088225326884,0,0,0,0,0,0,0,0
lev_core_relative_leverage_sleeves_v3,2024-09-06,172,2024-08-30,False,False,False,False,False,False,False,124775.17727837196,-6130.7665107059584,118644.41076766601,0,0,0,0,118644.41076766601,-0.049134504509885768,-0.19498994702357741,61332.836516609677,61332.836516609677,0,0.51694669913034474,0,0,0,0,0,0,0,0,57311.574251056336,57311.574251056336,0,0.48305330086965526,0,0,0,0,0,0,0,0
lev_core_relative_leverage_sleeves_v3,2024-09-09,173,2024-08-30,False,False,False,False,False,False,False,118644.41076766601,2935.6181213234959,121580.0288889895,0,0,0,0,121580.0288889895,0.024742995496620068,-0.17507158690804803,62047.277865032163,62047.277865032163,0,0.51034103571142742,0,0,0,0,0,0,0,0,59532.751023957338,59532.751023957338,0,0.48965896428857264,0,0,0,0,0,0,0,0
lev_core_relative_leverage_sleeves_v3,2024-09-10,174,2024-08-30,False,False,False,False,False,False,False,121580.0288889895,1871.5251770998875,123451.55406608939,0,0,0,0,123451.55406608939,0.015393360194121186,-0.16237316671095869,62325.461726630871,62325.461726630871,0,0.50485765204110056,0,0,0,0,0,0,0,0,61126.092339458519,61126.092339458519,0,0.49514234795889944,0,0,0,0,0,0,0,0
lev_core_relative_leverage_sleeves_v3,2024-09-11,175,2024-08-30,False,False,False,False,False,False,False,123451.55406608939,4614.3936975233955,128065.94776361278,0,0,0,0,128065.94776361278,0.03737817423548262,-0.13106420499196536,62988.457530996748,62988.457530996748,0,0.49184391816052742,0,0,0,0,0,0,0,0,65077.49023261603,65077.49023261603,0,0.50815608183947247,0,0,0,0,0,0,0,0
lev_core_relative_leverage_sleeves_v3,2024-09-12,176,2024-08-30,False,False,False,False,False,False,False,128065.94776361278,2334.8615181134664,130400.80928172625,0,0,0,0,130400.80928172625,0.018231712323897531,-0.11522201754944172,63460.042706878296,63460.042706878296,0,0.48665374897923491,0,0,0,0,0,0,0,0,66940.766574847949,66940.766574847949,0,0.51334625102076503,0,0,0,0,0,0,0,0
lev_core_relative_leverage_sleeves_v3,2024-09-13,177,2024-08-30,False,False,False,False,False,False,False,130400.80928172625,1254.3873102293583,131655.19659195561,0,0,0,0,131655.19659195561,0.0096194748877616032,-0.10671091796601417,63812.432362536121,63812.432362536121,0,0.48469360886917839,0,0,0,0,0,0,0,0,67842.764229419496,67842.764229419496,0,0.51530639113082166,0,0,0,0,0,0,0,0
lev_core_relative_leverage_sleeves_v3,2024-09-16,178,2024-08-30,False,False,False,False,False,False,False,131655.19659195561,-879.56262081449677,130775.63397114111,0,0,0,0,130775.63397114111,-0.0066808044314464743,-0.11267880762382965,63905.118943145499,63905.118943145499,0,0.4886622760112006,0,0,0,0,0,0,0,0,66870.515027995614,66870.515027995614,0,0.5113377239887994,0,0,0,0,0,0,0,0
lev_core_relative_leverage_sleeves_v3,2024-09-17,179,2024-08-30,False,False,False,False,False,False,False,130775.63397114111,95.44326654120232,130871.07723768232,0,0,0,0,130871.07723768232,0.00072982453720893403,-0.11203121884524792,63923.366025681316,63923.366025681316,0,0.48844532630832171,0,0,0,0,0,0,0,0,66947.711212000999,66947.711212000999,0,0.51155467369167829,0,0,0,0,0,0,0,0
lev_core_relative_leverage_sleeves_v3,2024-09-18,180,2024-08-30,False,False,False,False,False,False,False,130871.07723768232,-1113.7855787154986,129757.29165896682,0,0,0,0,129757.29165896682,-0.0085105555958150392,-0.1195883265246136,63739.859884725738,63739.859884725738,0,0.49122372291993677,0,0,0,0,0,0,0,0,66017.431774241079,66017.431774241079,0,0.50877627708006323,0,0,0,0,0,0,0,0
lev_core_relative_leverage_sleeves_v3,2024-09-19,181,2024-08-30,False,False,False,False,False,False,False,129757.29165896682,6164.3045355116046,135921.59619447842,0,0,0,0,135921.59619447842,0.04750642107815306,-0.077763118842370416,64822.199727949956,64822.199727949956,0,0.47690875874648714,0,0,0,0,0,0,0,0,71099.396466528458,71099.396466528458,0,0.52309124125351281,0,0,0,0,0,0,0,0
lev_core_relative_leverage_sleeves_v3,2024-09-20,182,2024-08-30,False,False,False,False,False,False,False,135921.59619447842,-714.50123608083231,135207.09495839759,0,0,0,0,135207.09495839759,-0.0052567160487029252,-0.08261105625625742,64696.583593062816,64696.583593062816,0,0.47849991609515435,0,0,0,0,0,0,0,0,70510.511365334765,70510.511365334765,0,0.52150008390484559,0,0,0,0,0,0,0,0
lev_core_relative_leverage_sleeves_v3,2024-09-23,183,2024-08-30,False,False,False,False,False,False,False,135207.09495839759,803.90461785468506,136010.99957625227,0,0,0,0,136010.99957625227,0.005945728055928079,-0.077156511075241907,64878.792215348658,64878.792215348658,0,0.47701136244481063,0,0,0,0,0,0,0,0,71132.207360903616,71132.207360903616,0,0.52298863755518943,0,0,0,0,0,0,0,0
lev_core_relative_leverage_sleeves_v3,2024-09-24,184,2024-08-30,False,False,False,False,False,False,False,136010.99957625227,1135.609746942966,137146.60932319524,0,0,0,0,137146.60932319524,0.008349396375888718,-0.069451324993301089,65041.951467037223,65041.951467037223,0,0.47425125409962909,0,0,0,0,0,0,0,0,72104.657856158025,72104.657856158025,0,0.52574874590037102,0,0,0,0,0,0,0,0
lev_core_relative_leverage_sleeves_v3,2024-09-25,185,2024-08-30,False,False,False,False,False,False,False,137146.60932319524,154.61531066361931,137301.22463385886,0,0,0,0,137301.22463385886,0.0011273724624081272,-0.068402250042168156,64921.082080062559,64921.082080062559,0,0.47283687565924915,0,0,0,0,0,0,0,0,72380.142553796293,72380.142553796293,0,0.52716312434075074,0,0,0,0,0,0,0,0
lev_core_relative_leverage_sleeves_v3,2024-09-26,186,2024-08-30,False,False,False,False,False,False,False,137301.22463385886,1797.2582483293663,139098.48288218823,0,0,0,0,139098.48288218823,0.013089892337975195,-0.056207735792920155,65187.027172347684,65187.027172347684,0,0.46863938284329759,0,0,0,0,0,0,0,0,73911.455709840549,73911.455709840549,0,0.53136061715670246,0,0,0,0,0,0,0,0
lev_core_relative_leverage_sleeves_v3,2024-09-27,187,2024-08-30,False,False,False,False,False,False,False,139098.48288218823,-1327.4190830916632,137771.06379909656,0,0,0,0,137771.06379909656,-0.009543016254288994,-0.06521436071092046,65106.892239105349,65106.892239105349,0,0.47257305303272462,0,0,0,0,0,0,0,0,72664.171559991199,72664.171559991199,0,0.52742694696727521,0,0,0,0,0,0,0,0
lev_core_relative_leverage_sleeves_v3,2024-09-30,188,2024-08-30,False,True,False,False,False,False,False,137771.06379909656,827.08905608113855,138598.1528551777,0,0,0,0,138598.1528551777,0.0060033582762142323,-0.059602507606808297,65388.439624204897,65388.439624204897,0,0.47178435121375528,0,0,0,0,0,0,0,0,73209.713230972804,73209.713230972804,0,0.52821564878624472,0,0,0,0,0,0,0,0
lev_core_relative_leverage_sleeves_v3,2024-10-01,189,2024-09-30,False,False,True,False,False,False,True,138598.1528551777,-3777.9063851596438,134820.24647001806,5259.264848315499,5.2618957962136159,0.039009458786926923,0,134814.98457422183,-0.027295950220266874,-0.085271550746436553,64780.490810851283,67407.492287110916,2627.0014762596329,0.5,0,0,0,0,0,0,0,0,70039.755659166782,67407.492287110916,-2632.2633720558661,0.5,0,0,0,0,0,0,0,0
lev_core_relative_leverage_sleeves_v3,2024-10-02,190,2024-09-30,False,False,False,False,False,False,False,134814.98457422183,329.03463589312742,135144.01921011496,0,0,0,0,135144.01921011496,0.0024406384567139394,-0.083039029315738144,67420.70674687784,67420.70674687784,0,0.49888043245225377,0,0,0,0,0,0,0,0,67723.312463237133,67723.312463237133,0,0.50111956754774634,0,0,0,0,0,0,0,0
lev_core_relative_leverage_sleeves_v3,2024-10-03,191,2024-09-30,False,False,False,False,False,False,False,135144.01921011496,-232.43600680530653,134911.58320330965,0,0,0,0,134911.58320330965,-0.0017199133795475774,-0.084616122757740886,67307.407828051219,67307.407828051219,0,0.49890014059519266,0,0,0,0,0,0,0,0,67604.175375258434,67604.175375258434,0,0.50109985940480739,0,0,0,0,0,0,0,0
lev_core_relative_leverage_sleeves_v3,2024-10-04,192,2024-09-30,False,False,False,False,False,False,False,134911.58320330965,3029.5890552394267,137941.17225854908,0,0,0,0,137941.17225854908,0.022456107795235658,-0.064060163736368025,67924.810965758108,67924.810965758108,0,0.49241868728245769,0,0,0,0,0,0,0,0,70016.361292790956,70016.361292790956,0,0.50758131271754214,0,0,0,0,0,0,0,0
lev_core_relative_leverage_sleeves_v3,2024-10-07,193,2024-09-30,False,False,False,False,False,False,False,137941.17225854908,-3130.6167465032195,134810.55551204586,0,0,0,0,134810.55551204586,-0.022695303332897376,-0.085301602221713457,67274.597294830717,67274.597294830717,0,0.49903063628292416,0,0,0,0,0,0,0,0,67535.958217215142,67535.958217215142,0,0.50096936371707579,0,0,0,0,0,0,0,0
lev_core_relative_leverage_sleeves_v3,2024-10-08,194,2024-09-30,False,False,False,False,False,False,False,134810.55551204586,3770.9414032466302,138581.49691529249,0,0,0,0,138581.49691529249,0.02797215239506734,-0.059715519243535242,67926.304287777341,67926.304287777341,0,0.49015421105818391,0,0,0,0,0,0,0,0,70655.192627515149,70655.192627515149,0,0.50984578894181609,0,0,0,0,0,0,0,0
lev_core_relative_leverage_sleeves_v3,2024-10-09,195,2024-09-30,False,False,False,False,False,False,False,138581.49691529249,2160.0868634922372,140741.58377878473,0,0,0,0,140741.58377878473,0.01558712318436406,-0.045059189213638384,68411.086586218604,68411.086586218604,0,0.48607586151471771,0,0,0,0,0,0,0,0,72330.497192566138,72330.497192566138,0,0.5139241384852824,0,0,0,0,0,0,0,0
lev_core_relative_leverage_sleeves_v3,2024-10-10,196,2024-09-30,False,False,False,False,False,False,False,140741.58377878473,-443.00703324799542,140298.57674553673,0,0,0,0,140298.57674553673,-0.0031476626975031063,-0.048065020782074086,68279.72118522806,68279.72118522806,0,0.4866743681161414,0,0,0,0,0,0,0,0,72018.855560308672,72018.855560308672,0,0.5133256318838586,0,0,0,0,0,0,0,0
lev_core_relative_leverage_sleeves_v3,2024-10-11,197,2024-09-30,False,False,False,False,False,False,False,140298.57674553673,644.12724559751223,140942.70399113424,0,0,0,0,140942.70399113424,0.0045911174620523187,-0.043694575476248332,68692.765237339991,68692.765237339991,0,0.48738078163777099,0,0,0,0,0,0,0,0,72249.938753794253,72249.938753794253,0,0.51261921836222901,0,0,0,0,0,0,0,0
lev_core_relative_leverage_sleeves_v3,2024-10-14,198,2024-09-30,False,False,False,False,False,False,False,140942.70399113424,2310.6379380483413,143253.34192918258,0,0,0,0,143253.34192918258,0.016394164952260981,-0.028016746601863929,69221.691504842514,69221.691504842514,0,0.48321170433191235,0,0,0,0,0,0,0,0,74031.650424340085,74031.650424340085,0,0.51678829566808782,0,0,0,0,0,0,0,0
lev_core_relative_leverage_sleeves_v3,2024-10-15,199,2024-09-30,False,False,False,False,False,False,False,143253.34192918258,-3578.3377803714829,139675.0041488111,0,0,0,0,139675.0041488111,-0.024979087623243301,-0.052296001456821117,68700.881731127884,68700.881731127884,0,0.49186239262920156,0,0,0,0,0,0,0,0,70974.122417683218,70974.122417683218,0,0.50813760737079838,0,0,0,0,0,0,0,0
lev_core_relative_leverage_sleeves_v3,2024-10-16,200,2024-09-30,False,False,False,False,False,False,False,139675.0041488111,446.8743552796077,140121.87850409071,0,0,0,0,140121.87850409071,0.003199386733531151,-0.04926392985656769,69022.885647539137,69022.885647539137,0,0.4925917807012849,0,0,0,0,0,0,0,0,71098.992856551573,71098.992856551573,0,0.50740821929871516,0,0,0,0,0,0,0,0
lev_core_relative_leverage_sleeves_v3,2024-10-17,201,2024-09-30,False,False,False,False,False,False,False,140121.87850409071,139.24631541362032,140261.12481950433,0,0,0,0,140261.12481950433,0.00099375141769564301,-0.048319134539008268,69011.607208239104,69011.607208239104,0,0.49202234259169819,0,0,0,0,0,0,0,0,71249.517611265241,71249.517611265241,0,0.50797765740830192,0,0,0,0,0,0,0,0
lev_core_relative_leverage_sleeves_v3,2024-10-18,202,2024-09-30,False,False,False,False,False,False,False,140261.12481950433,1620.7275914773345,141881.85241098166,0,0,0,0,141881.85241098166,0.011555073393022974,-0.037322392291870843,69288.884358194933,69288.884358194933,0,0.48835621456005157,0,0,0,0,0,0,0,0,72592.968052786717,72592.968052786717,0,0.51164378543994837,0,0,0,0,0,0,0,0
lev_core_relative_leverage_sleeves_v3,2024-10-21,203,2024-09-30,False,False,False,False,False,False,False,141881.85241098166,248.94585925957654,142130.79827024124,0,0,0,0,142130.79827024124,0.0017545997252592649,-0.035633278425872938,69165.162409625613,69165.162409625613,0,0.48663036619352562,0,0,0,0,0,0,0,0,72965.635860615628,72965.635860615628,0,0.51336963380647438,0,0,0,0,0,0,0,0
lev_core_relative_leverage_sleeves_v3,2024-10-22,204,2024-09-30,False,False,False,False,False,False,False,142130.79827024124,181.77987655368634,142312.57814679493,0,0,0,0,142312.57814679493,0.0012789619052731016,-0.034399890126266541,69132.476092729907,69132.476092729907,0,0.48577909973228084,0,0,0,0,0,0,0,0,73180.102054065021,73180.102054065021,0,0.51422090026771916,0,0,0,0,0,0,0,0
lev_core_relative_leverage_sleeves_v3,2024-10-23,205,2024-09-30,False,False,False,False,False,False,False,142312.57814679493,-4070.1324090372073,138242.44573775772,0,0,0,0,138242.44573775772,-0.028599948522040508,-0.062016003561532029,68498.467199945779,68498.467199945779,0,0.49549519204749581,0,0,0,0,0,0,0,0,69743.978537811941,69743.978537811941,0,0.50450480795250419,0,0,0,0,0,0,0,0
lev_core_relative_leverage_sleeves_v3,2024-10-24,206,2024-09-30,False,False,False,False,False,False,False,138242.44573775772,1850.9797488788026,140093.42548663652,0,0,0,0,140093.42548663652,0.01338937356758052,-0.049456985432805411,68645.184103008753,68645.184103008753,0,0.48999575722100391,0,0,0,0,0,0,0,0,71448.241383627756,71448.241383627756,0,0.51000424277899603,0,0,0,0,0,0,0,0
lev_core_relative_leverage_sleeves_v3,2024-10-25,207,2024-09-30,False,False,False,False,False,False,False,140093.42548663652,1176.4820854697318,141269.90757210625,0,0,0,0,141269.90757210625,0.0083978393802781603,-0.041474477872424753,68624.659133240799,68624.659133240799,0,0.48576983104638727,0,0,0,0,0,0,0,0,72645.248438865456,72645.248438865456,0,0.51423016895361273,0,0,0,0,0,0,0,0
lev_core_relative_leverage_sleeves_v3,2024-10-28,208,2024-09-30,False,False,False,False,False,False,False,141269.90757210625,145.58326512895292,141415.49083723521,0,0,0,0,141415.49083723521,0.0010305327414095178,-0.04048668593839555,68807.169065116803,68807.169065116803,0,0.48656033831761542,0,0,0,0,0,0,0,0,72608.321772118405,72608.321772118405,0,0.51343966168238464,0,0,0,0,0,0,0,0
lev_core_relative_leverage_sleeves_v3,2024-10-29,209,2024-09-30,False,False,False,False,False,False,False,141415.49083723521,2225.0398722477839,143640.53070948299,0,0,0,0,143640.53070948299,0.015734060385285131,-0.02538964551446532,68917.962915217606,68917.962915217606,0,0.47979468312189771,0,0,0,0,0,0,0,0,74722.567794265386,74722.567794265386,0,0.52020531687810234,0,0,0,0,0,0,0,0
lev_core_relative_leverage_sleeves_v3,2024-10-30,210,2024-09-30,False,False,False,False,False,False,False,143640.53070948299,-2028.2029399759776,141612.32776950701,0,0,0,0,141612.32776950701,-0.014119990576184072,-0.039151134535252541,68690.906733549054,68690.906733549054,0,0.48506304370162379,0,0,0,0,0,0,0,0,72921.421035957974,72921.421035957974,0,0.51493695629837632,0,0,0,0,0,0,0,0
lev_core_relative_leverage_sleeves_v3,2024-10-31,211,2024-09-30,False,True,False,False,False,False,False,141612.32776950701,-6618.2059279818204,134994.12184152519,0,0,0,0,134994.12184152519,-0.0467346736842984,-0.084056092722675779,67418.710396153954,67418.710396153954,0,0.49941960047193301,0,0,0,0,0,0,0,0,67575.411445371239,67575.411445371239,0,0.50058039952806699,0,0,0,0,0,0,0,0
lev_core_relative_leverage_sleeves_v3,2024-11-01,212,2024-10-31,False,False,True,False,False,False,True,134994.12184152519,1673.7900021596579,136667.91184368485,1274.5670531356445,1.2752046554633634,0.0093260154189920026,0,136666.6366390294,0.012389537964235364,-0.072707970910353192,67696.672395274596,68333.318319514699,636.64592424010334,0.5,0,0,0,0,0,0,0,0,68971.239448410241,68333.318319514699,-637.92112889554119,0.5,0,0,0,0,0,0,0,0
lev_core_relative_leverage_sleeves_v3,2024-11-04,213,2024-10-31,False,False,False,False,False,False,False,136666.6366390294,-922.0396404118801,135744.59699861752,0,0,0,0,135744.59699861752,-0.006746632997541413,-0.078964069912166535,68144.521680006539,68144.521680006539,0,0.50200540711539743,0,0,0,0,0,0,0,0,67600.075318610965,67600.075318610965,0,0.49799459288460252,0,0,0,0,0,0,0,0
lev_core_relative_leverage_sleeves_v3,2024-11-05,214,2024-10-31,False,False,False,False,False,False,False,135744.59699861752,3492.9996430544998,139237.59664167202,0,0,0,0,139237.59664167202,0.025732144927212541,-0.055263839875976384,68980.093104712214,68980.093104712214,0,0.49541283940883074,0,0,0,0,0,0,0,0,70257.50353695979,70257.50353695979,0,0.50458716059116915,0,0,0,0,0,0,0,0
lev_core_relative_leverage_sleeves_v3,2024-11-06,215,2024-10-31,False,False,False,False,False,False,False,139237.59664167202,7489.5633131333743,146727.15995480539,0,0,0,0,146727.15995480539,0.053789806013441632,-0.0044466650890213621,70723.28801554261,70723.28801554261,0,0.48200543128706819,0,0,0,0,0,0,0,0,76003.871939262768,76003.871939262768,0,0.5179945687129317,0,0,0,0,0,0,0,0
lev_core_relative_leverage_sleeves_v3,2024-11-07,216,2024-10-31,False,False,False,False,False,False,False,146727.15995480539,4020.6835174958687,150747.84347230126,0,0,0,0,150747.84347230126,0.027402448999451101,0,71249.802910165745,71249.802910165745,0,0.47264226982628338,0,0,0,0,0,0,0,0,79498.040562135502,79498.040562135502,0,0.52735773017371657,0,0,0,0,0,0,0,0
lev_core_relative_leverage_sleeves_v3,2024-11-08,217,2024-10-31,False,False,False,False,False,False,False,150747.84347230126,387.47609539097175,151135.31956769223,0,0,0,0,151135.31956769223,0.0025703591273076309,0,71531.856068845911,71531.856068845911,0,0.47329675335623583,0,0,0,0,0,0,0,0,79603.463498846322,79603.463498846322,0,0.52670324664376422,0,0,0,0,0,0,0,0
lev_core_relative_leverage_sleeves_v3,2024-11-11,218,2024-10-31,False,False,False,False,False,False,False,151135.31956769223,-56.300876304914709,151079.01869138732,0,0,0,0,151079.01869138732,-0.0003725196497149641,-0.0003725196497149641,71600.907396739596,71600.907396739596,0,0.47393018578576063,0,0,0,0,0,0,0,0,79478.111294647708,79478.111294647708,0,0.52606981421423926,0,0,0,0,0,0,0,0
lev_core_relative_leverage_sleeves_v3,2024-11-12,219,2024-10-31,False,False,False,False,False,False,False,151079.01869138732,-630.1047289633425,150448.91396242398,0,0,0,0,150448.91396242398,-0.0041706964634875554,-0.0045416624468168632,71398.078460582299,71398.078460582299,0,0.47456692494579678,0,0,0,0,0,0,0,0,79050.835501841691,79050.835501841691,0,0.52543307505420334,0,0,0,0,0,0,0,0
lev_core_relative_leverage_sleeves_v3,2024-11-13,220,2024-10-31,False,False,False,False,False,False,False,150448.91396242398,-390.42118709057104,150058.49277533341,0,0,0,0,150058.49277533341,-0.0025950415779544267,-0.0071249182218887652,71417.603268482286,71417.603268482286,0,0.47593176465798742,0,0,0,0,0,0,0,0,78640.889506851119,78640.889506851119,0,0.52406823534201252,0,0,0,0,0,0,0,0
lev_core_relative_leverage_sleeves_v3,2024-11-14,221,2024-10-31,False,False,False,False,False,False,False,150058.49277533341,-2011.7834767036547,148046.70929862975,0,0,0,0,148046.70929862975,-0.013406661892277461,-0.02043605874455523,70994.288314876103,70994.288314876103,0,0.4795397928884137,0,0,0,0,0,0,0,0,77052.420983753647,77052.420983753647,0,0.52046020711158625,0,0,0,0,0,0,0,0
lev_core_relative_leverage_sleeves_v3,2024-11-15,222,2024-10-31,False,False,False,False,False,False,False,148046.70929862975,-6527.4092583719175,141519.30004025783,0,0,0,0,141519.30004025783,-0.044090201594452649,-0.063625230389164344,70067.195773884494,70067.195773884494,0,0.49510699780137801,0,0,0,0,0,0,0,0,71452.104266373339,71452.104266373339,0,0.50489300219862199,0,0,0,0,0,0,0,0
lev_core_relative_leverage_sleeves_v3,2024-11-18,223,2024-10-31,False,False,False,False,False,False,False,141519.30004025783,1800.3227059809142,143319.62274623875,0,0,0,0,143319.62274623875,0.012721393516423429,-0.051713238466094658,70351.835107592939,70351.835107592939,0,0.49087371121648615,0,0,0,0,0,0,0,0,72967.787638645808,72967.787638645808,0,0.50912628878351385,0,0,0,0,0,0,0,0
lev_core_relative_leverage_sleeves_v3,2024-11-19,224,2024-10-31,False,False,False,False,False,False,False,143319.62274623875,1803.1177986458351,145122.74054488458,0,0,0,0,145122.74054488458,0.012581095066363845,-0.039782752569062274,70631.086018331189,70631.086018331189,0,0.48669895395536517,0,0,0,0,0,0,0,0,74491.654526553379,74491.654526553379,0,0.51330104604463467,0,0,0,0,0,0,0,0
lev_core_relative_leverage_sleeves_v3,2024-11-20,225,2024-10-31,False,False,False,False,False,False,False,145122.74054488458,-209.97904879099224,144912.76149609359,0,0,0,0,144912.76149609359,-0.0014469065840584383,-0.041172097226496507,70634.648589288685,70634.648589288685,0,0.48742876652166195,0,0,0,0,0,0,0,0,74278.11290680489,74278.11290680489,0,0.512571233478338,0,0,0,0,0,0,0,0
lev_core_relative_leverage_sleeves_v3,2024-11-21,226,2024-10-31,False,False,False,False,False,False,False,144912.76149609359,1200.2517953214119,146113.013291415,0,0,0,0,146113.013291415,0.0082825817611222874,-0.033230526726929499,71021.747760446146,71021.747760446146,0,0.48607407485873189,0,0,0,0,0,0,0,0,75091.265530968842,75091.265530968842,0,0.513925925141268,0,0,0,0,0,0,0,0
lev_core_relative_leverage_sleeves_v3,2024-11-22,227,2024-10-31,False,False,False,False,False,False,False,146113.013291415,563.01482552924426,146676.02811694425,0,0,0,0,146676.02811694425,0.0038532832418309848,-0.029505290116852545,71270.034202315466,71270.034202315466,0,0.48590103725396855,0,0,0,0,0,0,0,0,75405.993914628794,75405.993914628794,0,0.51409896274603151,0,0,0,0,0,0,0,0
lev_core_relative_leverage_sleeves_v3,2024-11-25,228,2024-10-31,False,False,False,False,False,False,False,146676.02811694425,502.64417178387521,147178.67228872812,0,0,0,0,147178.67228872812,0.0034269006206189001,-0.026179501193246635,71485.196283671467,71485.196283671467,0,0.4857035001880925,0,0,0,0,0,0,0,0,75693.476005056655,75693.476005056655,0,0.5142964998119075,0,0,0,0,0,0,0,0
lev_core_relative_leverage_sleeves_v3,2024-11-26,229,2024-10-31,False,False,False,False,False,False,False,147178.67228872812,1674.8892668056651,148853.56155553379,0,0,0,0,148853.56155553379,0.01137997266016888,-0.015097450540913826,71898.091162892306,71898.091162892306,0,0.48301223303997876,0,0,0,0,0,0,0,0,76955.470392641466,76955.470392641466,0,0.51698776696002113,0,0,0,0,0,0,0,0
lev_core_relative_leverage_sleeves_v3,2024-11-27,230,2024-10-31,False,False,False,False,False,False,False,148853.56155553379,-2269.8518829736859,146583.7096725601,0,0,0,0,146583.7096725601,-0.01524889199326851,-0.030116123141510354,71629.253267678985,71629.253267678985,0,0.48865766480930933,0,0,0,0,0,0,0,0,74954.456404881101,74954.456404881101,0,0.51134233519069061,0,0,0,0,0,0,0,0
lev_core_relative_leverage_sleeves_v3,2024-11-29,231,2024-10-31,False,True,False,False,False,False,False,146583.7096725601,2361.715428537078,148945.42510109718,0,0,0,0,148945.42510109718,0.016111718238081885,-0.014489627393907911,72036.841439212032,72036.841439212032,0,0.48364588163964617,0,0,0,0,0,0,0,0,76908.583661885146,76908.583661885146,0,0.51635411836035383,0,0,0,0,0,0,0,0
lev_core_relative_leverage_sleeves_v3,2024-12-02,232,2024-11-29,False,False,True,False,False,False,True,148945.42510109718,2734.5977065763727,151680.02280767355,303053.37310884841,306.67250649871687,1.9979781615217216,0,151373.35030117485,0.01630077055693202,0,72220.87801396838,0,-72220.87801396838,0,0,75686.675150587427,75686.675150587427,0.5,0,0,0,0,79459.144793705171,0,-79459.144793705171,0,0,75686.675150587427,75686.675150587427,0.5,0,0,0,0
lev_core_relative_leverage_sleeves_v3,2024-12-03,233,2024-11-29,False,False,False,False,False,False,False,151373.35030117485,316.04793440492358,151689.39823557978,0,0,0,0,151689.39823557978,0.0020878703799322995,0,0,0,0,0,75920.598846673107,75920.598846673107,0,0.50050036277924537,0,0,0,0,0,0,0,0,75768.799388906657,75768.799388906657,0,0.49949963722075452,0,0,0,0
lev_core_relative_leverage_sleeves_v3,2024-12-04,234,2024-11-29,False,False,False,False,False,False,False,151689.39823557978,2294.279791883484,153983.67802746326,0,0,0,0,153983.67802746326,0.01512485261705887,0,0,0,0,0,76860.177676140476,76860.177676140476,0,0.49914496562702138,0,0,0,0,0,0,0,0,77123.500351322771,77123.500351322771,0,0.50085503437297851,0,0,0,0
lev_core_relative_leverage_sleeves_v3,2024-12-05,235,2024-11-29,False,False,False,False,False,False,False,153983.67802746326,-671.35089154716115,153312.3271359161,0,0,0,0,153312.3271359161,-0.0043598834639306805,-0.0043598834639306805,0,0,0,0,76625.814587170156,76625.814587170156,0,0.49980204474516265,0,0,0,0,0,0,0,0,76686.51254874593,76686.51254874593,0,0.50019795525483723,0,0,0,0
lev_core_relative_leverage_sleeves_v3,2024-12-06,236,2024-11-29,False,False,False,False,False,False,False,153312.3271359161,1237.7545169430086,154550.08165285911,0,0,0,0,154550.08165285911,0.0080734181005921446,0,0,0,0,0,77339.416387588441,77339.416387588441,0,0.50041653527756447,0,0,0,0,0,0,0,0,77210.665265270654,77210.665265270654,0,0.49958346472243542,0,0,0,0
lev_core_relative_leverage_sleeves_v3,2024-12-09,237,2024-11-29,False,False,False,False,False,False,False,154550.08165285911,-2054.8558600908727,152495.22579276824,0,0,0,0,152495.22579276824,-0.013295728078011382,-0.013295728078011382,0,0,0,0,76696.259898945471,76696.259898945471,0,0.50294203966208773,0,0,0,0,0,0,0,0,75798.96589382278,75798.96589382278,0,0.49705796033791233,0,0,0,0
lev_core_relative_leverage_sleeves_v3,2024-12-10,238,2024-11-29,False,False,False,False,False,False,False,152495.22579276824,-955.65166556538315,151539.57412720285,0,0,0,0,151539.57412720285,-0.0062667644878539042,-0.019479171369305881,0,0,0,0,76436.919409837443,76436.919409837443,0,0.50440236387147308,0,0,0,0,0,0,0,0,75102.654717365396,75102.654717365396,0,0.49559763612852681,0,0,0,0
lev_core_relative_leverage_sleeves_v3,2024-12-11,239,2024-11-29,False,False,False,False,False,False,False,151539.57412720285,3231.2000991884561,154770.77422639131,0,0,0,0,154770.77422639131,0.021322483699711237,0,0,0,0,0,77851.9253055921,77851.9253055921,0,0.50301438171856672,0,0,0,0,0,0,0,0,76918.84892079921,76918.84892079921,0,0.49698561828143334,0,0,0,0
lev_core_relative_leverage_sleeves_v3,2024-12-12,240,2024-11-29,False,False,False,False,False,False,False,154770.77422639131,-1802.8842707841832,152967.88995560713,0,0,0,0,152967.88995560713,-0.011648738463677977,-0.011648738463677977,0,0,0,0,77320.22187949995,77320.22187949995,0,0.50546700946152212,0,0,0,0,0,0,0,0,75647.668076107191,75647.668076107191,0,0.49453299053847793,0,0,0,0
lev_core_relative_leverage_sleeves_v3,2024-12-13,241,2024-11-29,False,False,False,False,False,False,False,152967.88995560713,543.79605661542155,153511.68601222255,0,0,0,0,153511.68601222255,0.0035549686720084406,-0.0081351806919762737,0,0,0,0,77916.906255788374,77916.906255788374,0,0.50756335416435105,0,0,0,0,0,0,0,0,75594.779756434174,75594.779756434174,0,0.49243664583564889,0,0,0,0
lev_core_relative_leverage_sleeves_v3,2024-12-16,242,2024-11-29,False,False,False,False,False,False,False,153511.68601222255,1998.6119788016658,155510.29799102421,0,0,0,0,155510.29799102421,0.013019282314719272,0,0,0,0,0,79049.142417307274,79049.142417307274,0,0.50832095004968647,0,0,0,0,0,0,0,0,76461.155573716955,76461.155573716955,0,0.49167904995031364,0,0,0,0
lev_core_relative_leverage_sleeves_v3,2024-12-17,243,2024-11-29,False,False,False,False,False,False,False,155510.29799102421,-1249.9667943514069,154260.33119667281,0,0,0,0,154260.33119667281,-0.0080378393617608346,-0.0080378393617608346,0,0,0,0,78707.272724672774,78707.272724672774,0,0.51022367263250368,0,0,0,0,0,0,0,0,75553.058472000048,75553.058472000048,0,0.48977632736749649,0,0,0,0
lev_core_relative_leverage_sleeves_v3,2024-12-18,244,2024-11-29,False,False,False,False,False,False,False,154260.33119667281,-9541.0561050109682,144719.27509166184,0,0,0,0,144719.27509166184,-0.06185035407999151,-0.0693910502311893,0,0,0,0,75878.225189072706,75878.225189072706,0,0.52431319284188782,0,0,0,0,0,0,0,0,68841.049902589133,68841.049902589133,0,0.47568680715811218,0,0,0,0
lev_core_relative_leverage_sleeves_v3,2024-12-19,245,2024-11-29,False,False,False,False,False,False,False,144719.27509166184,-555.88631496718153,144163.38877669466,0,0,0,0,144163.38877669466,-0.0038411352918613639,-0.072965645111068289,0,0,0,0,75524.818936665979,75524.818936665979,0,0.52388348787813221,0,0,0,0,0,0,0,0,68638.569840028693,68638.569840028693,0,0.4761165121218679,0,0,0,0
lev_core_relative_leverage_sleeves_v3,2024-12-20,246,2024-11-29,False,False,False,False,False,False,False,144163.38877669466,2830.3660441918764,146993.75482088653,0,0,0,0,146993.75482088653,0.019633043231080283,-0.054765139544837305,0,0,0,0,76162.568631246904,76162.568631246904,0,0.51813472432248442,0,0,0,0,0,0,0,0,70831.186189639615,70831.186189639615,0,0.48186527567751553,0,0,0,0
lev_core_relative_leverage_sleeves_v3,2024-12-23,247,2024-11-29,False,False,False,False,False,False,False,146993.75482088653,2293.6585097917705,149287.4133306783,0,0,0,0,149287.4133306783,0.015603782028608126,-0.040015900816453231,0,0,0,0,76936.129203429373,76936.129203429373,0,0.5153557656800738,0,0,0,0,0,0,0,0,72351.284127248946,72351.284127248946,0,0.48464423431992631,0,0,0,0
lev_core_relative_leverage_sleeves_v3,2024-12-24,248,2024-11-29,False,False,False,False,False,False,False,149287.4133306783,3401.5392966984655,152688.95262737677,0,0,0,0,152688.95262737677,0.022785171373851165,-0.018142498600383972,0,0,0,0,77988.662941504008,77988.662941504008,0,0.5107682094842062,0,0,0,0,0,0,0,0,74700.289685872776,74700.289685872776,0,0.48923179051579396,0,0,0,0
lev_core_relative_leverage_sleeves_v3,2024-12-26,249,2024-11-29,False,False,False,False,False,False,False,152688.95262737677,-203.49548299369053,152485.45714438308,0,0,0,0,152485.45714438308,-0.0013327452935661954,-0.019451064564326992,0,0,0,0,77882.835327340814,77882.835327340814,0,0.51075582410194253,0,0,0,0,0,0,0,0,74602.621817042265,74602.621817042265,0,0.48924417589805752,0,0,0,0
lev_core_relative_leverage_sleeves_v3,2024-12-27,250,2024-11-29,False,False,False,False,False,False,False,152485.45714438308,-3576.9882502143446,148908.46889416873,0,0,0,0,148908.46889416873,-0.023457897672349293,-0.042452681154508065,0,0,0,0,76825.84916724576,76825.84916724576,0,0.51592666110781737,0,0,0,0,0,0,0,0,72082.619726922989,72082.619726922989,0,0.48407333889218268,0,0,0,0
lev_core_relative_leverage_sleeves_v3,2024-12-30,251,2024-11-29,False,False,False,False,False,False,False,148908.46889416873,-3330.6798949314398,145577.78899923729,0,0,0,0,145577.78899923729,-0.022367296633065248,-0.063870426075321451,0,0,0,0,75837.953947573158,75837.953947573158,0,0.52094453741133884,0,0,0,0,0,0,0,0,69739.835051664151,69739.835051664151,0,0.47905546258866133,0,0,0,0
lev_core_relative_leverage_sleeves_v3,2024-12-31,252,2024-11-29,False,True,False,False,False,False,False,145577.78899923729,-1575.280948995729,144002.50805024157,0,0,0,0,144002.50805024157,-0.010820887992769146,-0.074000179341479067,0,0,0,0,75178.931357199806,75178.931357199806,0,0.52206681935685695,0,0,0,0,0,0,0,0,68823.576693041774,68823.576693041774,0,0.47793318064314311,0,0,0,0
lev_core_relative_leverage_sleeves_v3,2025-01-02,253,2024-12-31,False,False,True,False,False,False,True,144002.50805024157,-613.46447113741306,143389.04357910415,286494.94504343905,283.14211476926744,1.9980253573934117,0,143105.90146433489,-0.0062263261803319203,-0.079765756267827892,0,71552.950732167446,71552.950732167446,0.5,75047.352063723665,0,-75047.352063723665,0,0,0,0,0,0,71552.950732167446,71552.950732167446,0.5,68341.691515380488,0,-68341.691515380488,0,0,0,0,0
lev_core_relative_leverage_sleeves_v3,2025-01-03,254,2024-12-31,False,False,False,False,False,False,False,143105.90146433489,4454.3067639702058,147560.2082283051,0,0,0,0,147560.2082283051,0.031125947416503319,-0.051122593586554466,72459.106591860778,72459.106591860778,0,0.4910477388304581,0,0,0,0,0,0,0,0,75101.101636444306,75101.101636444306,0,0.50895226116954184,0,0,0,0,0,0,0,0
lev_core_relative_leverage_sleeves_v3,2025-01-06,255,2024-12-31,False,False,False,False,False,False,False,147560.2082283051,2847.4019863979775,150407.61021470308,0,0,0,0,150407.61021470308,0.019296543564051305,-0.032812539376753436,72865.596269924878,72865.596269924878,0,0.48445418530293166,0,0,0,0,0,0,0,0,77542.013944778213,77542.013944778213,0,0.51554581469706851,0,0,0,0,0,0,0,0
lev_core_relative_leverage_sleeves_v3,2025-01-07,256,2024-12-31,False,False,False,False,False,False,False,150407.61021470308,-5000.6372252843576,145406.97298941872,0,0,0,0,145406.97298941872,-0.033247235416785537,-0.064968848572257487,72057.376102187161,72057.376102187161,0,0.49555653776955239,0,0,0,0,0,0,0,0,73349.596887231572,73349.596887231572,0,0.50444346223044767,0,0,0,0,0,0,0,0
lev_core_relative_leverage_sleeves_v3,2025-01-08,257,2024-12-31,False,False,False,False,False,False,False,145406.97298941872,161.25365701131523,145568.22664643003,0,0,0,0,145568.22664643003,0.0011089815962475047,-0.063931916233406105,72171.031059076966,72171.031059076966,0,0.4957883510827733,0,0,0,0,0,0,0,0,73397.195587353082,73397.195587353082,0,0.50421164891722681,0,0,0,0,0,0,0,0
lev_core_relative_leverage_sleeves_v3,2025-01-10,258,2024-12-31,False,False,False,False,False,False,False,145568.22664643003,-4626.8122859498835,140941.41436048015,0,0,0,0,140941.41436048015,-0.031784493034925254,-0.093684365722101259,71072.711323242853,71072.711323242853,0,0.50427130766165762,0,0,0,0,0,0,0,0,69868.703037237283,69868.703037237283,0,0.49572869233834227,0,0,0,0,0,0,0,0
lev_core_relative_leverage_sleeves_v3,2025-01-13,259,2024-12-31,False,False,False,False,False,False,False,140941.41436048015,-547.24593051860575,140394.16842996154,0,0,0,0,140394.16842996154,-0.0038827901153236644,-0.09720339910823883,71184.475311614835,71184.475311614835,0,0.50703299223661591,0,0,0,0,0,0,0,0,69209.693118346695,69209.693118346695,0,0.49296700776338404,0,0,0,0,0,0,0,0
lev_core_relative_leverage_sleeves_v3,2025-01-14,260,2024-12-31,False,False,False,False,False,False,False,140394.16842996154,-213.51970698739751,140180.64872297415,0,0,0,0,140180.64872297415,-0.001520858803290781,-0.098576425266286072,71266.012938841421,71266.012938841421,0,0.50838695346372487,0,0,0,0,0,0,0,0,68914.635784132726,68914.635784132726,0,0.49161304653627513,0,0,0,0,0,0,0,0
lev_core_relative_leverage_sleeves_v3,2025-01-15,261,2024-12-31,False,False,False,False,False,False,False,140180.64872297415,6073.0702139257628,146253.71893689991,0,0,0,0,146253.71893689991,0.043323170988653459,-0.059523897604894183,72577.210900841528,72577.210900841528,0,0.49624181476133561,0,0,0,0,0,0,0,0,73676.508036058396,73676.508036058396,0,0.50375818523866445,0,0,0,0,0,0,0,0
lev_core_relative_leverage_sleeves_v3,2025-01-16,262,2024-12-31,False,False,False,False,False,False,False,146253.71893689991,-1702.7474885238335,144550.97144837608,0,0,0,0,144550.97144837608,-0.011642421819430648,-0.070473317100071986,72425.107107671603,72425.107107671603,0,0.50103507698346395,0,0,0,0,0,0,0,0,72125.864340704458,72125.864340704458,0,0.498964923016536,0,0,0,0,0,0,0,0
lev_core_relative_leverage_sleeves_v3,2025-01-17,263,2024-12-31,False,False,False,False,False,False,False,144550.97144837608,4225.2313396575628,148776.20278803364,0,0,0,0,148776.20278803364,0.029230044580963233,-0.043303210719712326,73148.876134184873,73148.876134184873,0,0.49167054114428832,0,0,0,0,0,0,0,0,75627.326653848766,75627.326653848766,0,0.50832945885571168,0,0,0,0,0,0,0,0
lev_core_relative_leverage_sleeves_v3,2025-01-21,264,2024-12-31,False,False,False,False,False,False,False,148776.20278803364,1937.3389946501993,150713.54178268384,0,0,0,0,150713.54178268384,0.01302183385746436,-0.030845264077734802,73791.767113867376,73791.767113867376,0,0.48961603742461879,0,0,0,0,0,0,0,0,76921.774668816463,76921.774668816463,0,0.51038396257538121,0,0,0,0,0,0,0,0
lev_core_relative_leverage_sleeves_v3,2025-01-22,265,2024-12-31,False,False,False,False,False,False,False,150713.54178268384,3493.9296503411897,154207.47143302503,0,0,0,0,154207.47143302503,0.023182586043788644,-0.0083777510224717355,74245.386675759568,74245.386675759568,0,0.48146426360415112,0,0,0,0,0,0,0,0,79962.084757265475,79962.084757265475,0,0.51853573639584893,0,0,0,0,0,0,0,0
lev_core_relative_leverage_sleeves_v3,2025-01-23,266,2024-12-31,False,False,False,False,False,False,False,154207.47143302503,892.35599426308181,155099.82742728811,0,0,0,0,155099.82742728811,0.0057867234704684911,-0.0026395072804746844,74640.550129365365,74640.550129365365,0,0.48124199341457924,0,0,0,0,0,0,0,0,80459.277297922759,80459.277297922759,0,0.51875800658542082,0,0,0,0,0,0,0,0
lev_core_relative_leverage_sleeves_v3,2025-01-24,267,2024-12-31,False,False,False,False,False,False,False,155099.82742728811,-1676.6706753414182,153423.15675194669,0,0,0,0,153423.15675194669,-0.010810267833002318,-0.01342124133282796,74434.069514755683,74434.069514755683,0,0.48515537739260628,0,0,0,0,0,0,0,0,78989.087237191008,78989.087237191008,0,0.51484462260739372,0,0,0,0,0,0,0,0
lev_core_relative_leverage_sleeves_v3,2025-01-27,268,2024-12-31,False,False,False,False,False,False,False,153423.15675194669,-8150.5711620038201,145272.58558994287,0,0,0,0,145272.58558994287,-0.053124778127082828,-0.065833018991914294,73350.221619165095,73350.221619165095,0,0.50491440846388491,0,0,0,0,0,0,0,0,71922.363970777777,71922.363970777777,0,0.49508559153611509,0,0,0,0,0,0,0,0
lev_core_relative_leverage_sleeves_v3,2025-01-28,269,2024-12-31,False,False,False,False,False,False,False,145272.58558994287,4073.3571335291781,149345.94272347205,0,0,0,0,149345.94272347205,0.02803940686391404,-0.039639530932594313,74025.59583159232,74025.59583159232,0,0.4956652620195891,0,0,0,0,0,0,0,0,75320.34689187973,75320.34689187973,0,0.50433473798041095,0,0,0,0,0,0,0,0
lev_core_relative_leverage_sleeves_v3,2025-01-29,270,2024-12-31,False,False,False,False,False,False,False,149345.94272347205,-914.93664706547861,148431.00607640657,0,0,0,0,148431.00607640657,-0.0061262906134622597,-0.045522978259782132,73679.750335310295,73679.750335310295,0,0.49639056072545107,0,0,0,0,0,0,0,0,74751.255741096276,74751.255741096276,0,0.50360943927454893,0,0,0,0,0,0,0,0
lev_core_relative_leverage_sleeves_v3,2025-01-30,271,2024-12-31,False,False,False,False,False,False,False,148431.00607640657,1381.3106639276084,149812.31674033418,0,0,0,0,149812.31674033418,0.0093060789685448508,-0.036640539721806142,74069.042201294593,74069.042201294593,0,0.49441223400661077,0,0,0,0,0,0,0,0,75743.274539039587,75743.274539039587,0,0.50558776599338928,0,0,0,0,0,0,0,0
lev_core_relative_leverage_sleeves_v3,2025-01-31,272,2024-12-31,False,True,False,False,False,False,False,149812.31674033418,-735.72461955848848,149076.59212077569,0,0,0,0,149076.59212077569,-0.0049109755163435631,-0.041371574444670323,73700.182515177352,73700.182515177352,0,0.49437796683377705,0,0,0,0,0,0,0,0,75376.409605598339,75376.409605598339,0,0.50562203316622301,0,0,0,0,0,0,0,0
lev_core_relative_leverage_sleeves_v3,2025-02-03,273,2025-01-31,False,False,True,False,False,False,True,149076.59212077569,-2484.7462821667723,146591.84583860892,292890.64888057677,293.04279664110709,1.9980009611382907,0,146298.80304196783,-0.018633301441164041,-0.05923398686811121,73143.775158774137,0,-73143.775158774137,0,0,73149.401520983913,73149.401520983913,0.5,0,0,0,0,73448.070679834782,0,-73448.070679834782,0,0,73149.401520983913,73149.401520983913,0.5,0,0,0,0
lev_core_relative_leverage_sleeves_v3,2025-02-04,274,2025-01-31,False,False,False,False,False,False,False,146298.80304196783,2485.0253212625103,148783.82836323034,0,0,0,0,148783.82836323034,0.016985957981827449,-0.043254174898321618,0,0,0,0,74073.977534190446,74073.977534190446,0,0.49786309674295692,0,0,0,0,0,0,0,0,74709.85082903989,74709.85082903989,0,0.50213690325704308,0,0,0,0
lev_core_relative_leverage_sleeves_v3,2025-02-05,275,2025-01-31,False,False,False,False,False,False,False,148783.82836323034,1168.2760375715443,149952.10440080188,0,0,0,0,149952.10440080188,0.0078521708335088647,-0.035741643235376874,0,0,0,0,74386.923697212522,74386.923697212522,0,0.49607122217095562,0,0,0,0,0,0,0,0,75565.180703589373,75565.180703589373,0,0.50392877782904444,0,0,0,0
lev_core_relative_leverage_sleeves_v3,2025-02-06,276,2025-01-31,False,False,False,False,False,False,False,149952.10440080188,1198.9691316373064,151151.07353243919,0,0,0,0,151151.07353243919,0.0079956805970033962,-0.028031741401695731,0,0,0,0,74784.559654948942,74784.559654948942,0,0.49476697655673019,0,0,0,0,0,0,0,0,76366.513877490244,76366.513877490244,0,0.50523302344326981,0,0,0,0
lev_core_relative_leverage_sleeves_v3,2025-02-07,277,2025-01-31,False,False,False,False,False,False,False,151151.07353243919,-3185.3932650432107,147965.68026739598,0,0,0,0,147965.68026739598,-0.021074235138393349,-0.048515229030451135,0,0,0,0,73817.063080968772,73817.063080968772,0,0.49887962497499666,0,0,0,0,0,0,0,0,74148.617186427204,74148.617186427204,0,0.50112037502500328,0,0,0,0
lev_core_relative_leverage_sleeves_v3,2025-02-10,278,2025-01-31,False,False,False,False,False,False,False,147965.68026739598,2415.8251359148999,150381.50540331088,0,0,0,0,150381.50540331088,0.016326928863160228,-0.03298040486045084,0,0,0,0,74736.7131659687,74736.7131659687,0,0.49698074883298288,0,0,0,0,0,0,0,0,75644.792237342161,75644.792237342161,0,0.50301925116701707,0,0,0,0
lev_core_relative_leverage_sleeves_v3,2025-02-11,279,2025-01-31,False,False,False,False,False,False,False,150381.50540331088,-153.84978790598689,150227.65561540489,0,0,0,0,150227.65561540489,-0.0010230632250513017,-0.033969727046142206,0,0,0,0,74520.802748473914,74520.802748473914,0,0.49605249075611801,0,0,0,0,0,0,0,0,75706.852866930974,75706.852866930974,0,0.50394750924388199,0,0,0,0
lev_core_relative_leverage_sleeves_v3,2025-02-12,280,2025-01-31,False,False,False,False,False,False,False,150227.65561540489,-534.44600932527101,149693.20960607962,0,0,0,0,149693.20960607962,-0.0035575740507692855,-0.037406451277460451,0,0,0,0,74609.571953223276,74609.571953223276,0,0.49841654240402561,0,0,0,0,0,0,0,0,75083.637652856341,75083.637652856341,0,0.50158345759597434,0,0,0,0
lev_core_relative_leverage_sleeves_v3,2025-02-13,281,2025-01-31,False,False,False,False,False,False,False,149693.20960607962,3396.1185825238936,153089.32818860351,0,0,0,0,153089.32818860351,0.022687191967229792,-0.015567906651175245,0,0,0,0,75678.772687737684,75678.772687737684,0,0.49434388133510321,0,0,0,0,0,0,0,0,77410.555500865841,77410.555500865841,0,0.5056561186648969,0,0,0,0
lev_core_relative_leverage_sleeves_v3,2025-02-14,282,2025-01-31,False,False,False,False,False,False,False,153089.32818860351,241.20825243287254,153330.53644103638,0,0,0,0,153330.53644103638,0.0015756046178196925,-0.014016830898964883,0,0,0,0,75976.507500878841,75976.507500878841,0,0.49550800032644365,0,0,0,0,0,0,0,0,77354.028940157557,77354.028940157557,0,0.5044919996735564,0,0,0,0
lev_core_relative_leverage_sleeves_v3,2025-02-18,283,2025-01-31,False,False,False,False,False,False,False,153330.53644103638,743.23349036529544,154073.76993140168,0,0,0,0,154073.76993140168,0.0048472633541662979,-0.0092375108155566821,0,0,0,0,76146.964862109176,76146.964862109176,0,0.49422406484901432,0,0,0,0,0,0,0,0,77926.805069292503,77926.805069292503,0,0.50577593515098562,0,0,0,0
lev_core_relative_leverage_sleeves_v3,2025-02-19,284,2025-01-31,False,False,False,False,False,False,False,154073.76993140168,576.90647084463853,154650.67640224632,0,0,0,0,154650.67640224632,0.0037443522742481861,-0.0055277470359391678,0,0,0,0,76184.299617102064,76184.299617102064,0,0.49262183256765557,0,0,0,0,0,0,0,0,78466.376785144254,78466.376785144254,0,0.50737816743234443,0,0,0,0
lev_core_relative_leverage_sleeves_v3,2025-02-20,285,2025-01-31,False,False,False,False,False,False,False,154650.67640224632,-1369.1050579503353,153281.57134429598,0,0,0,0,153281.57134429598,-0.0088528876161478864,-0.014331698128807302,0,0,0,0,75828.008222415738,75828.008222415738,0,0.49469748748917364,0,0,0,0,0,0,0,0,77453.563121880245,77453.563121880245,0,0.50530251251082636,0,0,0,0
lev_core_relative_leverage_sleeves_v3,2025-02-21,286,2025-01-31,False,False,False,False,False,False,False,153281.57134429598,-5583.6468675031792,147697.9244767928,0,0,0,0,147697.9244767928,-0.036427385357117537,-0.050237017195364997,0,0,0,0,74271.266104894297,74271.266104894297,0,0.50285924035827767,0,0,0,0,0,0,0,0,73426.65837189852,73426.65837189852,0,0.49714075964172239,0,0,0,0
lev_core_relative_leverage_sleeves_v3,2025-02-24,287,2025-01-31,False,False,False,False,False,False,False,147697.9244767928,-2006.3448422987713,145691.57963449403,0,0,0,0,145691.57963449403,-0.013584109928464261,-0.063138701959769228,0,0,0,0,73374.26489876135,73374.26489876135,0,0.5036273550114575,0,0,0,0,0,0,0,0,72317.314735732667,72317.314735732667,0,0.49637264498854244,0,0,0,0
lev_core_relative_leverage_sleeves_v3,2025-02-25,288,2025-01-31,False,False,False,False,False,False,False,145691.57963449403,-1946.6898813162115,143744.88975317782,0,0,0,0,143744.88975317782,-0.013361718544064094,-0.07565677893900935,0,0,0,0,72464.738583783517,72464.738583783517,0,0.50412045053018317,0,0,0,0,0,0,0,0,71280.151169394303,71280.151169394303,0,0.49587954946981683,0,0,0,0
lev_core_relative_leverage_sleeves_v3,2025-02-26,289,2025-01-31,False,False,False,False,False,False,False,143744.88975317782,169.11159033211879,143914.00134350994,0,0,0,0,143914.00134350994,0.001176470277465258,-0.074569316613254721,0,0,0,0,72621.438048197859,72621.438048197859,0,0.50461690572314044,0,0,0,0,0,0,0,0,71292.56329531208,71292.56329531208,0,0.49538309427685956,0,0,0,0
lev_core_relative_leverage_sleeves_v3,2025-02-27,290,2025-01-31,False,False,False,False,False,False,False,143914.00134350994,-5410.8481665988802,138503.15317691106,0,0,0,0,138503.15317691106,-0.037597788374208796,-0.10936346360222893,0,0,0,0,70623.212985841761,70623.212985841761,0,0.50990328643012361,0,0,0,0,0,0,0,0,67879.940191069283,67879.940191069283,0,0.49009671356987633,0,0,0,0
lev_core_relative_leverage_sleeves_v3,2025-02-28,291,2025-01-31,False,True,False,False,False,False,False,138503.15317691106,4340.1885726637556,142843.34174957481,0,0,0,0,142843.34174957481,0.031336388184029396,-0.081454131366789029,0,0,0,0,71777.200929603307,71777.200929603307,0,0.50248895083565881,0,0,0,0,0,0,0,0,71066.140819971508,71066.140819971508,0,0.49751104916434119,0,0,0,0
lev_core_relative_leverage_sleeves_v3,2025-03-03,292,2025-02-28,False,False,True,False,False,False,True,142843.34174957481,-5329.4019057006226,137513.93984387419,2886.6461871997017,2.8852035854070057,0.020991662303305701,0,137511.05464028878,-0.037329616095332696,-0.11574309600882071,0,0,0,0,70200.293015536939,68755.527320144392,-1444.7656953925471,0.5,0,0,0,0,0,0,0,0,67313.646828337238,68755.527320144392,1441.8804918071546,0.5,0,0,0,0
lev_core_relative_leverage_sleeves_v3,2025-03-04,293,2025-02-28,False,False,False,False,False,False,False,137511.05464028878,-2783.2183239410806,134727.8363163477,0,0,0,0,134727.8363163477,-0.020239960570600068,-0.13364042087988304,0,0,0,0,68511.623117619543,68511.623117619543,0,0.50851869213390188,0,0,0,0,0,0,0,0,66216.213198728146,66216.213198728146,0,0.49148130786609801,0,0,0,0
lev_core_relative_leverage_sleeves_v3,2025-03-05,294,2025-02-28,False,False,False,False,False,False,False,134727.8363163477,3126.1230081287504,137853.95932447645,0,0,0,0,137853.95932447645,0.023203245102136449,-0.11353806721897508,0,0,0,0,69440.980198157908,69440.980198157908,0,0.50372858740103243,0,0,0,0,0,0,0,0,68412.979126318547,68412.979126318547,0,0.49627141259896757,0,0,0,0
lev_core_relative_leverage_sleeves_v3,2025-03-06,295,2025-02-28,False,False,False,False,False,False,False,137853.95932447645,-5601.7500615133613,132252.20926296309,0,0,0,0,132252.20926296309,-0.040635394797244317,-0.1495597978302603,0,0,0,0,67509.308604629259,67509.308604629259,0,0.51045883453181051,0,0,0,0,0,0,0,0,64742.900658333834,64742.900658333834,0,0.48954116546818943,0,0,0,0
lev_core_relative_leverage_sleeves_v3,2025-03-07,296,2025-02-28,False,False,False,False,False,False,False,132252.20926296309,1554.18375568185,133806.39301864494,0,0,0,0,133806.39301864494,0.011751665732793848,-0.13956570884863184,0,0,0,0,68021.716252685597,68021.716252685597,0,0.50835923992964427,0,0,0,0,0,0,0,0,65784.676765959332,65784.676765959332,0,0.49164076007035568,0,0,0,0
lev_core_relative_leverage_sleeves_v3,2025-03-10,297,2025-02-28,False,False,False,False,False,False,False,133806.39301864494,-7899.3742501889355,125907.01876845601,0,0,0,0,125907.01876845601,-0.059035850769015297,-0.19036217925758758,0,0,0,0,65433.373286779162,65433.373286779162,0,0.51969599412969703,0,0,0,0,0,0,0,0,60473.645481676846,60473.645481676846,0,0.48030400587030303,0,0,0,0
lev_core_relative_leverage_sleeves_v3,2025-03-11,298,2025-02-28,False,False,False,False,False,False,False,125907.01876845601,-1573.8708908530971,124333.14787760291,0,0,0,0,124333.14787760291,-0.012500263339150774,-0.20048286522620384,0,0,0,0,65251.417345708287,65251.417345708287,0,0.5248111099860806,0,0,0,0,0,0,0,0,59081.730531894624,59081.730531894624,0,0.4751888900139194,0,0,0,0
lev_core_relative_leverage_sleeves_v3,2025-03-12,299,2025-02-28,False,False,False,False,False,False,False,124333.14787760291,1589.6638941630808,125922.81177176599,0,0,0,0,125922.81177176599,0.012785519560141623,-0.190260623260885,0,0,0,0,65988.344576316216,65988.344576316216,0,0.52403804876847504,0,0,0,0,0,0,0,0,59934.467195449783,59934.467195449783,0,0.47596195123152496,0,0,0,0
lev_core_relative_leverage_sleeves_v3,2025-03-13,300,2025-02-28,False,False,False,False,False,False,False,125922.81177176599,-3744.2856173519831,122178.52615441401,0,0,0,0,122178.52615441401,-0.029734768185914362,-0.21433803591922929,0,0,0,0,64744.854577680118,64744.854577680118,0,0.52992008183052586,0,0,0,0,0,0,0,0,57433.67157673389,57433.67157673389,0,0.47007991816947414,0,0,0,0
lev_core_relative_leverage_sleeves_v3,2025-03-14,301,2025-02-28,False,False,False,False,False,False,False,122178.52615441401,5264.5366305216157,127443.06278493562,0,0,0,0,127443.06278493562,0.043088886371636992,-0.18048473682243593,0,0,0,0,66367.25278620093,66367.25278620093,0,0.52076002675954092,0,0,0,0,0,0,0,0,61075.809998734694,61075.809998734694,0,0.47923997324045908,0,0,0,0
lev_core_relative_leverage_sleeves_v3,2025-03-17,302,2025-02-28,False,False,False,False,False,False,False,127443.06278493562,1532.6814241434477,128975.74420907907,0,0,0,0,128975.74420907907,0.01202640136426969,-0.17062891734331753,0,0,0,0,66728.067310579936,66728.067310579936,0,0.51736912021541726,0,0,0,0,0,0,0,0,62247.676898499143,62247.676898499143,0,0.4826308797845828,0,0,0,0
lev_core_relative_leverage_sleeves_v3,2025-03-18,303,2025-02-28,False,False,False,False,False,False,False,128975.74420907907,-3111.3520017289411,125864.39220735013,0,0,0,0,125864.39220735013,-0.024123543700474537,-0.19063628689969581,0,0,0,0,65622.09999660941,65622.09999660941,0,0.52137144466167185,0,0,0,0,0,0,0,0,60242.292210740721,60242.292210740721,0,0.47862855533832815,0,0,0,0
lev_core_relative_leverage_sleeves_v3,2025-03-19,304,2025-02-28,False,False,False,False,False,False,False,125864.39220735013,2786.7089680307108,128651.10117538084,0,0,0,0,128651.10117538084,0.022140566677824713,-0.1727165156431868,0,0,0,0,66474.727920245248,66474.727920245248,0,0.51670547172095327,0,0,0,0,0,0,0,0,62176.373255135586,62176.373255135586,0,0.48329452827904662,0,0,0,0
lev_core_relative_leverage_sleeves_v3,2025-03-20,305,2025-02-28,False,False,False,False,False,False,False,128651.10117538084,-600.80991710166563,128050.29125827918,0,0,0,0,128050.29125827918,-0.0046700720912028482,-0.17657998915499462,0,0,0,0,66284.055267745556,66284.055267745556,0,0.51764080047307126,0,0,0,0,0,0,0,0,61766.235990533627,61766.235990533627,0,0.48235919952692874,0,0,0,0
lev_core_relative_leverage_sleeves_v3,2025-03-21,306,2025-02-28,False,False,False,False,False,False,False,128050.29125827918,362.09576358000049,128412.38702185918,0,0,0,0,128412.38702185918,0.0028277621239427564,-0.17425155323623054,0,0,0,0,66540.527967317015,66540.527967317015,0,0.51817842118291957,0,0,0,0,0,0,0,0,61871.859054542168,61871.859054542168,0,0.48182157881708054,0,0,0,0
lev_core_relative_leverage_sleeves_v3,2025-03-24,307,2025-02-28,False,False,False,False,False,False,False,128412.38702185918,4684.7343188712548,133097.12134073043,0,0,0,0,133097.12134073043,0.036481950281586073,-0.14412663945629778,0,0,0,0,67974.526762696158,67974.526762696158,0,0.51071372602177056,0,0,0,0,0,0,0,0,65122.594578034266,65122.594578034266,0,0.48928627397822932,0,0,0,0
lev_core_relative_leverage_sleeves_v3,2025-03-25,308,2025-02-28,False,False,False,False,False,False,False,133097.12134073043,658.27689553549862,133755.39823626593,0,0,0,0,133755.39823626593,0.0049458387146503746,-0.13989362785488291,0,0,0,0,68335.880105969147,68335.880105969147,0,0.51090184775391601,0,0,0,0,0,0,0,0,65419.518130296798,65419.518130296798,0,0.48909815224608405,0,0,0,0
lev_core_relative_leverage_sleeves_v3,2025-03-26,309,2025-02-28,False,False,False,False,False,False,False,133755.39823626593,-3457.3107650076272,130298.0874712583,0,0,0,0,130298.0874712583,-0.025848009206332123,-0.16212566528051486,0,0,0,0,67086.340093600127,67086.340093600127,0,0.51486818721263516,0,0,0,0,0,0,0,0,63211.747377658176,63211.747377658176,0,0.48513181278736489,0,0,0,0
lev_core_relative_leverage_sleeves_v3,2025-03-27,310,2025-02-28,False,False,False,False,False,False,False,130298.0874712583,-1046.8229683848185,129251.26450287348,0,0,0,0,129251.26450287348,-0.0080340624233317115,-0.16885719998855864,0,0,0,0,66687.249962864793,66687.249962864793,0,0.51595046454173932,0,0,0,0,0,0,0,0,62564.014540008691,62564.014540008691,0,0.48404953545826068,0,0,0,0
lev_core_relative_leverage_sleeves_v3,2025-03-28,311,2025-02-28,False,False,False,False,False,False,False,129251.26450287348,-5497.6926729775296,123753.57182989595,0,0,0,0,123753.57182989595,-0.042534923693959725,-0.20420979556582941,0,0,0,0,64946.035394960934,64946.035394960934,0,0.52480130015343529,0,0,0,0,0,0,0,0,58807.536434935013,58807.536434935013,0,0.47519869984656471,0,0,0,0
lev_core_relative_leverage_sleeves_v3,2025-03-31,312,2025-02-28,False,True,False,False,False,False,False,123753.57182989595,963.87531373706588,124717.44714363302,0,0,0,0,124717.44714363302,0.0077886666177355846,-0.19801165096583184,0,0,0,0,64938.311452223781,64938.311452223781,0,0.52068345640074276,0,0,0,0,0,0,0,0,59779.135691409239,59779.135691409239,0,0.47931654359925724,0,0,0,0
lev_core_relative_leverage_sleeves_v3,2025-04-01,313,2025-03-31,False,False,True,False,False,False,True,124717.44714363302,1195.557650265444,125913.00479389846,5027.2129740078235,5.0247006236959795,0.039926082156776815,0,125907.98009327477,0.0095458412347926291,-0.19035599751379828,0,0,0,0,65470.108883953144,62953.990046637387,-2516.1188373157565,0.5,0,0,0,0,0,0,0,0,60442.89590994532,62953.990046637387,2511.094136692067,0.5,0,0,0,0
lev_core_relative_leverage_sleeves_v3,2025-04-02,314,2025-03-31,False,False,False,False,False,False,False,125907.98009327477,1732.3810273436393,127640.36112061841,0,0,0,0,127640.36112061841,0.013759104276474421,-0.1792160212567685,0,0,0,0,63429.825609914216,63429.825609914216,0,0.49694175927607953,0,0,0,0,0,0,0,0,64210.535510704205,64210.535510704205,0,0.50305824072392058,0,0,0,0
lev_core_relative_leverage_sleeves_v3,2025-04-03,315,2025-03-31,False,False,False,False,False,False,False,127640.36112061841,-12765.2171287401,114875.14399187831,0,0,0,0,114875.14399187831,-0.10000925268988503,-0.26130201359070959,0,0,0,0,60002.198143496709,60002.198143496709,0,0.52232533565084249,0,0,0,0,0,0,0,0,54872.945848381598,54872.945848381598,0,0.4776746643491574,0,0,0,0
lev_core_relative_leverage_sleeves_v3,2025-04-04,316,2025-03-31,False,False,False,False,False,False,False,114875.14399187831,-13497.228855700727,101377.91513617759,0,0,0,0,101377.91513617759,-0.11749477203401792,-0.34809516510585714,0,0,0,0,56362.325642682466,56362.325642682466,0,0.55596256410454714,0,0,0,0,0,0,0,0,45015.589493495114,45015.589493495114,0,0.44403743589545286,0,0,0,0
lev_core_relative_leverage_sleeves_v3,2025-04-07,317,2025-03-31,False,False,False,False,False,False,False,101377.91513617759,-223.90216349225375,101154.01297268533,0,0,0,0,101154.01297268533,-0.0022085891507187538,-0.34953495505150556,0,0,0,0,56468.24137072466,56468.24137072466,0,0.55824024881714585,0,0,0,0,0,0,0,0,44685.771601960667,44685.771601960667,0,0.4417597511828541,0,0,0,0
lev_core_relative_leverage_sleeves_v3,2025-04-08,318,2025-03-31,False,False,False,False,False,False,False,101154.01297268533,-3217.2211203968036,97936.79185228853,0,0,0,0,97936.79185228853,-0.031805175354392978,-0.37022310986799556,0,0,0,0,55365.749844744671,55365.749844744671,0,0.56532125259166244,0,0,0,0,0,0,0,0,42571.04200754386,42571.04200754386,0,0.43467874740833756,0,0,0,0
lev_core_relative_leverage_sleeves_v3,2025-04-09,319,2025-03-31,False,False,False,False,False,False,False,97936.79185228853,18786.980287818675,116723.7721401072,0,0,0,0,116723.7721401072,0.19182760566788648,-0.24941451692900551,0,0,0,0,62020.540866280542,62020.540866280542,0,0.53134455586164009,0,0,0,0,0,0,0,0,54703.231273826663,54703.231273826663,0,0.46865544413835991,0,0,0,0
lev_core_relative_leverage_sleeves_v3,2025-04-10,320,2025-03-31,False,False,False,False,False,False,False,116723.7721401072,-8267.70589893742,108456.06624116978,0,0,0,0,108456.06624116978,-0.070831380337960881,-0.3025795227565593,0,0,0,0,59425.416050193868,59425.416050193868,0,0.54792155118416097,0,0,0,0,0,0,0,0,49030.650190975917,49030.650190975917,0,0.45207844881583897,0,0,0,0
lev_core_relative_leverage_sleeves_v3,2025-04-11,321,2025-03-31,False,False,False,False,False,False,False,108456.06624116978,3733.8937784668524,112189.96001963664,0,0,0,0,112189.96001963664,0.034427707991583789,-0.27856893421867113,0,0,0,0,60547.57704646387,60547.57704646387,0,0.53968801696574464,0,0,0,0,0,0,0,0,51642.382973172767,51642.382973172767,0,0.46031198303425536,0,0,0,0
lev_core_relative_leverage_sleeves_v3,2025-04-14,322,2025-03-31,False,False,False,False,False,False,False,112189.96001963664,1564.5452933447086,113754.50531298135,0,0,0,0,113754.50531298135,0.013945501835198604,-0.26850821596684837,0,0,0,0,60889.806442194465,60889.806442194465,0,0.53527380102145183,0,0,0,0,0,0,0,0,52864.69887078688,52864.69887078688,0,0.46472619897854817,0,0,0,0
lev_core_relative_leverage_sleeves_v3,2025-04-15,323,2025-03-31,False,False,False,False,False,False,False,113754.50531298135,-169.20476081193192,113585.30055216941,0,0,0,0,113585.30055216941,-0.0014874554668967699,-0.26959627741999848,0,0,0,0,61000.255553115596,61000.255553115596,0,0.53704357215745846,0,0,0,0,0,0,0,0,52585.044999053811,52585.044999053811,0,0.46295642784254154,0,0,0,0
lev_core_relative_leverage_sleeves_v3,2025-04-16,324,2025-03-31,False,False,False,False,False,False,False,113585.30055216941,-5404.2061985188775,108181.09435365054,0,0,0,0,108181.09435365054,-0.047578394142970493,-0.30434771361640267,0,0,0,0,59145.301296779013,59145.301296779013,0,0.54672493054497528,0,0,0,0,0,0,0,0,49035.793056871524,49035.793056871524,0,0.45327506945502466,0,0,0,0
lev_core_relative_leverage_sleeves_v3,2025-04-17,325,2025-03-31,False,False,False,False,False,False,False,108181.09435365054,142.58906628102704,108323.68341993156,0,0,0,0,108323.68341993156,0.0013180590114469926,-0.30343080285150104,0,0,0,0,59146.419396292447,59146.419396292447,0,0.54601558522528515,0,0,0,0,0,0,0,0,49177.264023639109,49177.264023639109,0,0.4539844147747148,0,0,0,0
lev_core_relative_leverage_sleeves_v3,2025-04-21,326,2025-03-31,False,False,False,False,False,False,False,108323.68341993156,-4945.1422262447304,103378.54119368683,0,0,0,0,103378.54119368683,-0.045651533165413261,-0.33523025465713108,0,0,0,0,57688.224556543937,57688.224556543937,0,0.55802900573399528,0,0,0,0,0,0,0,0,45690.316637142903,45690.316637142903,0,0.44197099426600478,0,0,0,0
lev_core_relative_leverage_sleeves_v3,2025-04-22,327,2025-03-31,False,False,False,False,False,False,False,103378.54119368683,4947.6140907056251,108326.15528439246,0,0,0,0,108326.15528439246,0.047859198181525286,-0.3034149076696846,0,0,0,0,59204.113837173361,59204.113837173361,0,0.54653572520637073,0,0,0,0,0,0,0,0,49122.041447219097,49122.041447219097,0,0.45346427479362927,0,0,0,0
lev_core_relative_leverage_sleeves_v3,2025-04-23,328,2025-03-31,False,False,False,False,False,False,False,108326.15528439246,3790.0561177937925,112116.21140218625,0,0,0,0,112116.21140218625,0.034987451625543509,-0.27904317044870297,0,0,0,0,60554.006551418715,60554.006551418715,0,0.54010036366817438,0,0,0,0,0,0,0,0,51562.204850767535,51562.204850767535,0,0.45989963633182562,0,0,0,0
lev_core_relative_leverage_sleeves_v3,2025-04-24,329,2025-03-31,False,False,False,False,False,False,False,112116.21140218625,4805.5063965962327,116921.71779878248,0,0,0,0,116921.71779878248,0.042861833596550936,-0.24814163879017836,0,0,0,0,62241.671576124536,62241.671576124536,0,0.53233627377284964,0,0,0,0,0,0,0,0,54680.046222657955,54680.046222657955,0,0.46766372622715047,0,0,0,0
lev_core_relative_leverage_sleeves_v3,2025-04-25,330,2025-03-31,False,False,False,False,False,False,False,116921.71779878248,1867.2321861823439,118788.94998496483,0,0,0,0,118788.94998496483,0.015969934596716806,-0.23613450993566276,0,0,0,0,62949.145348209771,62949.145348209771,0,0.52992425100295337,0,0,0,0,0,0,0,0,55839.804636755049,55839.804636755049,0,0.47007574899704663,0,0,0,0
lev_core_relative_leverage_sleeves_v3,2025-04-28,331,2025-03-31,False,False,False,False,False,False,False,118788.94998496483,73.24689323817438,118862.196878203,0,0,0,0,118862.196878203,0.00061661369384480302,-0.23566350001423364,0,0,0,0,62931.675459420585,62931.675459420585,0,0.52945071782499609,0,0,0,0,0,0,0,0,55930.521418782417,55930.521418782417,0,0.47054928217500391,0,0,0,0
lev_core_relative_leverage_sleeves_v3,2025-04-29,332,2025-03-31,False,False,False,False,False,False,False,118862.196878203,1335.6911660281039,120197.88804423111,0,0,0,0,120197.88804423111,0.011237308421926384,-0.22707441502575787,0,0,0,0,63312.479754405955,63312.479754405955,0,0.52673537600850251,0,0,0,0,0,0,0,0,56885.408289825144,56885.408289825144,0,0.47326462399149749,0,0,0,0
lev_core_relative_leverage_sleeves_v3,2025-04-30,333,2025-03-31,False,True,False,False,False,False,False,120197.88804423111,331.70632974788896,120529.59437397899,0,0,0,0,120529.59437397899,0.0027596685361546136,-0.22494139660811563,0,0,0,0,63401.965531398622,63401.965531398622,0,0.52602819963597591,0,0,0,0,0,0,0,0,57127.628842580372,57127.628842580372,0,0.47397180036402409,0,0,0,0
lev_core_relative_leverage_sleeves_v3,2025-05-01,334,2025-04-30,False,False,True,False,False,False,True,120529.59437397899,1763.3718556979147,122292.96622967691,244344.5416928372,241.39076651663095,1.9980261271440316,0,122051.57546316029,0.012627447201547071,-0.21515438501567985,0,61025.787731580145,61025.787731580145,0.5,64100.258291044731,0,-64100.258291044731,0,0,0,0,0,0,61025.787731580145,61025.787731580145,0.5,58192.707938632186,0,-58192.707938632186,0,0,0,0,0
lev_core_relative_leverage_sleeves_v3,2025-05-02,335,2025-04-30,False,False,False,False,False,False,False,122051.57546316029,3776.4287273885129,125828.0041905488,0,0,0,0,125828.0041905488,0.030941253425510906,-0.19087027794254896,61925.277574307256,61925.277574307256,0,0.49214225380647492,0,0,0,0,0,0,0,0,63902.726616241547,63902.726616241547,0,0.50785774619352508,0,0,0,0,0,0,0,0
lev_core_relative_leverage_sleeves_v3,2025-05-05,336,2025-04-30,False,False,False,False,False,False,False,125828.0041905488,-1700.3197297374863,124127.68446081132,0,0,0,0,124127.68446081132,-0.013513046961808217,-0.20180408587490617,61533.41828026958,61533.41828026958,0,0.49572678768285944,0,0,0,0,0,0,0,0,62594.266180541745,62594.266180541745,0,0.50427321231714062,0,0,0,0,0,0,0,0
lev_core_relative_leverage_sleeves_v3,2025-05-06,337,2025-04-30,False,False,False,False,False,False,False,124127.68446081132,-2148.3659100960067,121979.31855071531,0,0,0,0,121979.31855071531,-0.017307709552692674,-0.21561902892272933,61061.057872081212,61061.057872081212,0,0.5005853336251741,0,0,0,0,0,0,0,0,60918.260678634106,60918.260678634106,0,0.49941466637482596,0,0,0,0,0,0,0,0
lev_core_relative_leverage_sleeves_v3,2025-05-07,338,2025-04-30,False,False,False,False,False,False,False,121979.31855071531,955.61189979800838,122934.93045051332,0,0,0,0,122934.93045051332,0.0078342124808699065,-0.20947402172935903,61326.543546833251,61326.543546833251,0,0.49885368887502535,0,0,0,0,0,0,0,0,61608.386903680075,61608.386903680075,0,0.50114631112497476,0,0,0,0,0,0,0,0
lev_core_relative_leverage_sleeves_v3,2025-05-08,339,2025-04-30,False,False,False,False,False,False,False,122934.93045051332,2152.6137866056815,125087.544237119,0,0,0,0,125087.544237119,0.017510188346933742,-0.19563176295669604,61681.781475361662,61681.781475361662,0,0.49310890106241251,0,0,0,0,0,0,0,0,63405.762761757345,63405.762761757345,0,0.50689109893758755,0,0,0,0,0,0,0,0
lev_core_relative_leverage_sleeves_v3,2025-05-09,340,2025-04-30,False,False,False,False,False,False,False,125087.544237119,-106.78204790956806,124980.76218920943,0,0,0,0,124980.76218920943,-0.00085365852020524713,-0.1963184187556305,61648.293815837475,61648.293815837475,0,0.49326226481566499,0,0,0,0,0,0,0,0,63332.468373371958,63332.468373371958,0,0.50673773518433496,0,0,0,0,0,0,0,0
lev_core_relative_leverage_sleeves_v3,2025-05-12,341,2025-04-30,False,False,False,False,False,False,False,124980.76218920943,9659.5349755836942,134640.29716479313,0,0,0,0,134640.29716479313,0.077288174646911179,-0.13420333634390991,63660.315916024505,63660.315916024505,0,0.47281770210375723,0,0,0,0,0,0,0,0,70979.981248768629,70979.981248768629,0,0.52718229789624282,0,0,0,0,0,0,0,0
lev_core_relative_leverage_sleeves_v3,2025-05-13,342,2025-04-30,False,False,False,False,False,False,False,134640.29716479313,3800.4419395876466,138440.73910438077,0,0,0,0,138440.73910438077,0.028226630656764673,-0.10976481369503044,64122.697467448583,64122.697467448583,0,0.46317794806846352,0,0,0,0,0,0,0,0,74318.041636932205,74318.041636932205,0,0.53682205193153665,0,0,0,0,0,0,0,0
lev_core_relative_leverage_sleeves_v3,2025-05-14,343,2025-04-30,False,False,False,False,False,False,False,138440.73910438077,1322.5935481668566,139763.33265254763,0,0,0,0,139763.33265254763,0.0095534996181265708,-0.10125995218262307,64191.023356100974,64191.023356100974,0,0.45928372011334467,0,0,0,0,0,0,0,0,75572.309296446663,75572.309296446663,0,0.54071627988665538,0,0,0,0,0,0,0,0
lev_core_relative_leverage_sleeves_v3,2025-05-15,344,2025-04-30,False,False,False,False,False,False,False,139763.33265254763,471.66977172464249,140235.00242427227,0,0,0,0,140235.00242427227,0.0033747747908761117,-0.098226906925698243,64471.784318253733,64471.784318253733,0,0.45974102901355796,0,0,0,0,0,0,0,0,75763.218106018539,75763.218106018539,0,0.54025897098644204,0,0,0,0,0,0,0,0
lev_core_relative_leverage_sleeves_v3,2025-05-16,345,2025-04-30,False,False,False,False,False,False,False,140235.00242427227,1422.3179903790879,141657.32041465136,0,0,0,0,141657.32041465136,0.010142389316441403,-0.089080773140647107,64930.758641670065,64930.758641670065,0,0.458365006846158,0,0,0,0,0,0,0,0,76726.561772981309,76726.561772981309,0,0.54163499315384211,0,0,0,0,0,0,0,0
lev_core_relative_leverage_sleeves_v3,2025-05-19,346,2025-04-30,False,False,False,False,False,False,False,141657.32041465136,250.77534136653412,141908.09575601789,0,0,0,0,141908.09575601789,0.0017702956729130914,-0.087468176774964546,64997.06391915011,64997.06391915011,0,0.45802224018916682,0,0,0,0,0,0,0,0,76911.031836867784,76911.031836867784,0,0.54197775981083318,0,0,0,0,0,0,0,0
lev_core_relative_leverage_sleeves_v3,2025-05-20,347,2025-04-30,False,False,False,False,False,False,False,141908.09575601789,-1129.026820432744,140779.06893558515,0,0,0,0,140779.06893558515,-0.0079560423555670168,-0.094728318611345785,64747.355134485755,64747.355134485755,0,0.45992174564040872,0,0,0,0,0,0,0,0,76031.71380109938,76031.71380109938,0,0.54007825435959123,0,0,0,0,0,0,0,0
lev_core_relative_leverage_sleeves_v3,2025-05-21,348,2025-04-30,False,False,False,False,False,False,False,140779.06893558515,-4128.6260425920191,136650.44289299313,0,0,0,0,136650.44289299313,-0.029326987838519614,-0.12127721020198701,63706.751522607905,63706.751522607905,0,0.46620230548754793,0,0,0,0,0,0,0,0,72943.691370385219,72943.691370385219,0,0.53379769451245207,0,0,0,0,0,0,0,0
lev_core_relative_leverage_sleeves_v3,2025-05-22,349,2025-04-30,False,False,False,False,False,False,False,136650.44289299313,286.98306937259622,136937.42596236573,0,0,0,0,136937.42596236573,0.0021001254243817602,-0.1194317821301486,63679.631114961478,63679.631114961478,0,0.46502722442338329,0,0,0,0,0,0,0,0,73257.79484740425,73257.79484740425,0,0.53497277557661671,0,0,0,0,0,0,0,0
lev_core_relative_leverage_sleeves_v3,2025-05-23,350,2025-04-30,False,False,False,False,False,False,False,136937.42596236573,-2556.6009145575517,134380.82504780818,0,0,0,0,134380.82504780818,-0.01866984790016557,-0.13587185682349856,63256.293958402515,63256.293958402515,0,0.47072410766862055,0,0,0,0,0,0,0,0,71124.531089405675,71124.531089405675,0,0.52927589233137962,0,0,0,0,0,0,0,0
lev_core_relative_leverage_sleeves_v3,2025-05-27,351,2025-04-30,False,False,False,False,False,False,False,134380.82504780818,6359.3929340947943,140740.21798190297,0,0,0,0,140740.21798190297,0.047323663415761441,-0.094978147427726922,64553.223097357572,64553.223097357572,0,0.45866934145048804,0,0,0,0,0,0,0,0,76186.994884545406,76186.994884545406,0,0.54133065854951201,0,0,0,0,0,0,0,0
lev_core_relative_leverage_sleeves_v3,2025-05-28,352,2025-04-30,False,False,False,False,False,False,False,140740.21798190297,-1410.3033270719461,139329.91465483102,0,0,0,0,139329.91465483102,-0.010020613491257269,-0.10404702161349533,64194.796190422574,64194.796190422574,0,0.46073950701438066,0,0,0,0,0,0,0,0,75135.118464408457,75135.118464408457,0,0.5392604929856194,0,0,0,0,0,0,0,0
lev_core_relative_leverage_sleeves_v3,2025-05-29,353,2025-04-30,False,False,False,False,False,False,False,139329.91465483102,712.24315107110306,140042.15780590213,0,0,0,0,140042.15780590213,0.0051119183761476616,-0.099466983119117169,64452.678520961126,64452.678520961126,0,0.46023768507117896,0,0,0,0,0,0,0,0,75589.479284940986,75589.479284940986,0,0.53976231492882099,0,0,0,0,0,0,0,0
lev_core_relative_leverage_sleeves_v3,2025-05-30,354,2025-04-30,False,True,False,False,False,False,False,140042.15780590213,-289.5339803363313,139752.6238255658,0,0,0,0,139752.6238255658,-0.0020674772859300417,-0.10132881467674848,64452.995408895542,64452.995408895542,0,0.46119345486739094,0,0,0,0,0,0,0,0,75299.628416670254,75299.628416670254,0,0.53880654513260906,0,0,0,0,0,0,0,0
lev_core_relative_leverage_sleeves_v3,2025-06-02,355,2025-05-30,False,False,True,False,False,False,True,139752.6238255658,1843.1209571140062,141595.7447826798,12147.122319125461,12.153198918584753,0.085787340133481993,0,141583.59158376121,0.013101491106748409,-0.089554882134344704,64724.311231777167,70791.795791880606,6067.4845601034394,0.5,0,0,0,0,0,0,0,0,76871.433550902628,70791.795791880606,-6079.6377590220218,0.5,0,0,0,0,0,0,0,0
lev_core_relative_leverage_sleeves_v3,2025-06-03,356,2025-05-30,False,False,False,False,False,False,False,141583.59158376121,2076.7240488949756,143660.31563265619,0,0,0,0,143660.31563265619,0.01466782997708016,-0.076200627942028532,71202.424763129704,71202.424763129704,0,0.49563043523582723,0,0,0,0,0,0,0,0,72457.890869526484,72457.890869526484,0,0.50436956476417272,0,0,0,0,0,0,0,0
lev_core_relative_leverage_sleeves_v3,2025-06-04,357,2025-05-30,False,False,False,False,False,False,False,143660.31563265619,597.13368197777891,144257.44931463397,0,0,0,0,144257.44931463397,0.0041565666854350702,-0.072360794248106597,71210.461063421302,71210.461063421302,0,0.49363454990880301,0,0,0,0,0,0,0,0,73046.98825121265,73046.98825121265,0,0.50636545009119693,0,0,0,0,0,0,0,0
lev_core_relative_leverage_sleeves_v3,2025-06-05,358,2025-05-30,False,False,False,False,False,False,False,144257.44931463397,-2139.1704640067765,142118.27885062719,0,0,0,0,142118.27885062719,-0.014828838816781764,-0.08611660651032893,70841.053376001699,70841.053376001699,0,0.49846546094509692,0,0,0,0,0,0,0,0,71277.225474625491,71277.225474625491,0,0.50153453905490308,0,0,0,0,0,0,0,0
lev_core_relative_leverage_sleeves_v3,2025-06-06,359,2025-05-30,False,False,False,False,False,False,False,142118.27885062719,2825.5134874802025,144943.79233810739,0,0,0,0,144943.79233810739,0.019881422082587585,-0.067947305030093275,71575.325512389623,71575.325512389623,0,0.4938143562949377,0,0,0,0,0,0,0,0,73368.466825717769,73368.466825717769,0,0.50618564370506236,0,0,0,0,0,0,0,0
lev_core_relative_leverage_sleeves_v3,2025-06-09,360,2025-05-30,False,False,False,False,False,False,False,144943.79233810739,422.28527438137098,145366.07761248876,0,0,0,0,145366.07761248876,0.002913441600840061,-0.065231823934392752,71646.879934966913,71646.879934966913,0,0.49287207243742504,0,0,0,0,0,0,0,0,73719.197677521865,73719.197677521865,0,0.50712792756257508,0,0,0,0,0,0,0,0
lev_core_relative_leverage_sleeves_v3,2025-06-10,361,2025-05-30,False,False,False,False,False,False,False,145366.07761248876,1833.4224056795356,147199.5000181683,0,0,0,0,147199.5000181683,0.012612450138243414,-0.053442106922948596,72040.912412067497,72040.912412067497,0,0.4894100347023988,0,0,0,0,0,0,0,0,75158.587606100817,75158.587606100817,0,0.51058996529760137,0,0,0,0,0,0,0,0
lev_core_relative_leverage_sleeves_v3,2025-06-11,362,2025-05-30,False,False,False,False,False,False,False,147199.5000181683,-1051.3119769956684,146148.18804117263,0,0,0,0,146148.18804117263,-0.0071420893200446756,-0.060202507941898187,71844.438943977264,71844.438943977264,0,0.49158624480337287,0,0,0,0,0,0,0,0,74303.749097195352,74303.749097195352,0,0.50841375519662702,0,0,0,0,0,0,0,0
lev_core_relative_leverage_sleeves_v3,2025-06-12,363,2025-05-30,False,False,False,False,False,False,False,146148.18804117263,785.91180300101405,146934.09984417364,0,0,0,0,146934.09984417364,0.0053774994649924412,-0.055148747431154499,72118.930020552187,72118.930020552187,0,0.49082500316152383,0,0,0,0,0,0,0,0,74815.169823621458,74815.169823621458,0,0.50917499683847622,0,0,0,0,0,0,0,0
lev_core_relative_leverage_sleeves_v3,2025-06-13,364,2025-05-30,False,False,False,False,False,False,False,146934.09984417364,-3733.9385960921645,143200.16124808148,0,0,0,0,143200.16124808148,-0.025412335190075575,-0.079159624166196707,71317.631048942028,71317.631048942028,0,0.4980275889870725,0,0,0,0,0,0,0,0,71882.530199139452,71882.530199139452,0,0.50197241101292756,0,0,0,0,0,0,0,0
lev_core_relative_leverage_sleeves_v3,2025-06-16,365,2025-05-30,False,False,False,False,False,False,False,143200.16124808148,3713.6061363570916,146913.76738443857,0,0,0,0,146913.76738443857,0.025932974544097043,-0.055279494140521912,71997.202842882209,71997.202842882209,0,0.49006436989994656,0,0,0,0,0,0,0,0,74916.564541556363,74916.564541556363,0,0.50993563010005349,0,0,0,0,0,0,0,0
lev_core_relative_leverage_sleeves_v3,2025-06-17,366,2025-05-30,False,False,False,False,False,False,False,146913.76738443857,-2858.0153170545818,144055.75206738399,0,0,0,0,144055.75206738399,-0.019453692924338628,-0.073657796760838057,71399.518898739232,71399.518898739232,0,0.49563809757031541,0,0,0,0,0,0,0,0,72656.233168644758,72656.233168644758,0,0.50436190242968459,0,0,0,0,0,0,0,0
lev_core_relative_leverage_sleeves_v3,2025-06-18,367,2025-05-30,False,False,False,False,False,False,False,144055.75206738399,-56.468622370826779,143999.28344501316,0,0,0,0,143999.28344501316,-0.0003919914447040318,-0.074020914979376129,71379.51679773099,71379.51679773099,0,0.4956935554820841,0,0,0,0,0,0,0,0,72619.766647282187,72619.766647282187,0,0.50430644451791595,0,0,0,0,0,0,0,0
lev_core_relative_leverage_sleeves_v3,2025-06-20,368,2025-05-30,False,False,False,False,False,False,False,143999.28344501316,-1130.7598543864151,142868.52359062675,0,0,0,0,142868.52359062675,-0.0078525380636230713,-0.081292200990619512,71228.016456031735,71228.016456031735,0,0.49855639762980536,0,0,0,0,0,0,0,0,71640.507134595013,71640.507134595013,0,0.5014436023701947,0,0,0,0,0,0,0,0
lev_core_relative_leverage_sleeves_v3,2025-06-23,369,2025-05-30,False,False,False,False,False,False,False,142868.52359062675,2943.2794765844883,145811.80306721124,0,0,0,0,145811.80306721124,0.020601315129552988,-0.062365612111249136,71913.435191233235,71913.435191233235,0,0.49319351162597647,0,0,0,0,0,0,0,0,73898.367875977987,73898.367875977987,0,0.50680648837402342,0,0,0,0,0,0,0,0
lev_core_relative_leverage_sleeves_v3,2025-06-24,370,2025-05-30,False,False,False,False,False,False,False,145811.80306721124,4168.5359263716382,149980.33899358287,0,0,0,0,149980.33899358287,0.028588467042343524,-0.035560082315323704,72714.697994606555,72714.697994606555,0,0.48482820136656551,0,0,0,0,0,0,0,0,77265.640998976305,77265.640998976305,0,0.51517179863343443,0,0,0,0,0,0,0,0
lev_core_relative_leverage_sleeves_v3,2025-06-25,371,2025-05-30,False,False,False,False,False,False,False,149980.33899358287,470.88232697715284,150451.22132056003,0,0,0,0,150451.22132056003,0.0031396270346961686,-0.032532100676420761,72714.8548494446,72714.8548494446,0,0.48331182832018454,0,0,0,0,0,0,0,0,77736.366471115442,77736.366471115442,0,0.51668817167981551,0,0,0,0,0,0,0,0
lev_core_relative_leverage_sleeves_v3,2025-06-26,372,2025-05-30,False,False,False,False,False,False,False,150451.22132056003,2756.9180794118438,153208.13939997187,0,0,0,0,153208.13939997187,0.018324331668519989,-0.014803898010569139,73298.701269659854,73298.701269659854,0,0.47842563428241275,0,0,0,0,0,0,0,0,79909.438130312003,79909.438130312003,0,0.5215743657175872,0,0,0,0,0,0,0,0
lev_core_relative_leverage_sleeves_v3,2025-06-27,373,2025-05-30,False,False,False,False,False,False,False,153208.13939997187,1247.6449349860195,154455.78433495789,0,0,0,0,154455.78433495789,0.0081434637864041814,-0.0067809892315118248,73686.056389182326,73686.056389182326,0,0.47706893404124201,0,0,0,0,0,0,0,0,80769.727945775579,80769.727945775579,0,0.52293106595875805,0,0,0,0,0,0,0,0
lev_core_relative_leverage_sleeves_v3,2025-06-30,374,2025-05-30,False,True,False,False,False,False,False,154455.78433495789,1923.0061579444737,156378.79049290236,0,0,0,0,156378.79049290236,0.012450204867525017,0,74072.611297392039,74072.611297392039,0,0.47367428194013311,0,0,0,0,0,0,0,0,82306.179195510325,82306.179195510325,0,0.52632571805986694,0,0,0,0,0,0,0,0
lev_core_relative_leverage_sleeves_v3,2025-07-01,375,2025-06-30,False,False,True,False,False,False,True,156378.79049290236,-2293.543182196765,154085.2473107056,6102.4803141800658,6.1055330807204236,0.03960457227858228,0,154079.14177762487,-0.014705630527190094,-0.014705630527190094,73991.38349826276,77039.570888812435,3048.1873905496759,0.5,0,0,0,0,0,0,0,0,80093.863812442825,77039.570888812435,-3054.2929236303899,0.5,0,0,0,0,0,0,0,0
lev_core_relative_leverage_sleeves_v3,2025-07-02,376,2025-06-30,False,False,False,False,False,False,False,154079.14177762487,2039.576505221572,156118.71828284644,0,0,0,0,156118.71828284644,0.013237200582056685,-0.0016630913261074243,77406.92706503236,77406.92706503236,0,0.49582092343847695,0,0,0,0,0,0,0,0,78711.791217814098,78711.791217814098,0,0.50417907656152317,0,0,0,0,0,0,0,0
lev_core_relative_leverage_sleeves_v3,2025-07-03,377,2025-06-30,False,False,False,False,False,False,False,156118.71828284644,2932.3604689011117,159051.07875174755,0,0,0,0,159051.07875174755,0.018782888439991208,0,78063.683822238949,78063.683822238949,0,0.49080889255761323,0,0,0,0,0,0,0,0,80987.394929508606,80987.394929508606,0,0.50919110744238671,0,0,0,0,0,0,0,0
lev_core_relative_leverage_sleeves_v3,2025-07-07,378,2025-06-30,False,False,False,False,False,False,False,159051.07875174755,-2564.7459562573349,156486.33279549022,0,0,0,0,156486.33279549022,-0.016125297460323873,-0.016125297460323873,77451.402609693701,77451.402609693701,0,0.4949403646062423,0,0,0,0,0,0,0,0,79034.930185796533,79034.930185796533,0,0.50505963539375776,0,0,0,0,0,0,0,0
lev_core_relative_leverage_sleeves_v3,2025-07-08,379,2025-06-30,False,False,False,False,False,False,False,156486.33279549022,94.611733959085541,156580.94452944931,0,0,0,0,156580.94452944931,0.00060460062082690058,-0.01553044620435251,77396.264692118741,77396.264692118741,0,0.49428916733582656,0,0,0,0,0,0,0,0,79184.679837330565,79184.679837330565,0,0.50571083266417349,0,0,0,0,0,0,0,0
lev_core_relative_leverage_sleeves_v3,2025-07-09,380,2025-06-30,False,False,False,False,False,False,False,156580.94452944931,2145.5490079281153,158726.49353737742,0,0,0,0,158726.49353737742,0.01370249115801303,-0.0020407608481345374,77865.971164324452,77865.971164324452,0,0.49056694587654531,0,0,0,0,0,0,0,0,80860.522373052969,80860.522373052969,0,0.50943305412345463,0,0,0,0,0,0,0,0
lev_core_relative_leverage_sleeves_v3,2025-07-10,381,2025-06-30,False,False,False,False,False,False,False,158726.49353737742,-175.56784926794353,158550.92568810948,0,0,0,0,158550.92568810948,-0.0011061029910964804,-0.0031446065475527751,78090.466515240041,78090.466515240041,0,0.49252608382025004,0,0,0,0,0,0,0,0,80460.459172869436,80460.459172869436,0,0.50747391617975002,0,0,0,0,0,0,0,0
lev_core_relative_leverage_sleeves_v3,2025-07-11,382,2025-06-30,False,False,False,False,False,False,False,158550.92568810948,-843.13720807997743,157707.7884800295,0,0,0,0,157707.7884800295,-0.0053177690664419908,-0.0084456533225700792,77832.506335019687,77832.506335019687,0,0.49352354176772695,0,0,0,0,0,0,0,0,79875.282145009813,79875.282145009813,0,0.50647645823227305,0,0,0,0,0,0,0,0
lev_core_relative_leverage_sleeves_v3,2025-07-14,383,2025-06-30,False,False,False,False,False,False,False,157707.7884800295,871.72540729498724,158579.51388732449,0,0,0,0,158579.51388732449,0.0055274721413354211,-0.0029648642946905612,77941.947870056407,77941.947870056407,0,0.49150073650393772,0,0,0,0,0,0,0,0,80637.566017268065,80637.566017268065,0,0.50849926349606223,0,0,0,0,0,0,0,0
lev_core_relative_leverage_sleeves_v3,2025-07-15,384,2025-06-30,False,False,False,False,False,False,False,158579.51388732449,-21.396191920095589,158558.11769540439,0,0,0,0,158558.11769540439,-0.00013492406046411443,-0.0030993883236252184,77640.783869573381,77640.783869573381,0,0.48966766885265378,0,0,0,0,0,0,0,0,80917.33382583101,80917.33382583101,0,0.51033233114734622,0,0,0,0,0,0,0,0
lev_core_relative_leverage_sleeves_v3,2025-07-16,385,2025-06-30,False,False,False,False,False,False,False,158558.11769540439,469.66376708267489,159027.78146248707,0,0,0,0,159027.78146248707,0.0029620922215090051,-0.00014647677616097532,77888.349171936585,77888.349171936585,0,0.48977825418704973,0,0,0,0,0,0,0,0,81139.432290550496,81139.432290550496,0,0.51022174581295032,0,0,0,0,0,0,0,0
lev_core_relative_leverage_sleeves_v3,2025-07-17,386,2025-06-30,False,False,False,False,False,False,False,159027.78146248707,2233.5619393108645,161261.34340179793,0,0,0,0,161261.34340179793,0.0140451053191466,0,78307.280865382723,78307.280865382723,0,0.48559238819109118,0,0,0,0,0,0,0,0,82954.062536415207,82954.062536415207,0,0.51440761180890882,0,0,0,0,0,0,0,0
lev_core_relative_leverage_sleeves_v3,2025-07-18,387,2025-06-30,False,False,False,False,False,False,False,161261.34340179793,-245.91364070837153,161015.42976108956,0,0,0,0,161015.42976108956,-0.0015249385594888754,-0.0015249385594888754,78304.436359882398,78304.436359882398,0,0.48631635164448805,0,0,0,0,0,0,0,0,82710.993401207175,82710.993401207175,0,0.51368364835551206,0,0,0,0,0,0,0,0
lev_core_relative_leverage_sleeves_v3,2025-07-21,388,2025-06-30,False,False,False,False,False,False,False,161015.42976108956,1321.6684151015361,162337.0981761911,0,0,0,0,162337.0981761911,0.0082083339283856027,0,78415.525160418503,78415.525160418503,0,0.48304131367009484,0,0,0,0,0,0,0,0,83921.573015772577,83921.573015772577,0,0.51695868632990505,0,0,0,0,0,0,0,0
lev_core_relative_leverage_sleeves_v3,2025-07-22,389,2025-06-30,False,False,False,False,False,False,False,162337.0981761911,-1238.7581465503899,161098.34002964071,0,0,0,0,161098.34002964071,-0.0076307767014901495,-0.0076307767014901495,78467.035176289952,78467.035176289952,0,0.48707537993161626,0,0,0,0,0,0,0,0,82631.304853350739,82631.304853350739,0,0.51292462006838369,0,0,0,0,0,0,0,0
lev_core_relative_leverage_sleeves_v3,2025-07-23,390,2025-06-30,False,False,False,False,False,False,False,161098.34002964071,1646.1250241522212,162744.46505379293,0,0,0,0,162744.46505379293,0.010218137715443554,0,79080.354678881849,79080.354678881849,0,0.48591732230489643,0,0,0,0,0,0,0,0,83664.110374911092,83664.110374911092,0,0.51408267769510363,0,0,0,0,0,0,0,0
lev_core_relative_leverage_sleeves_v3,2025-07-24,391,2025-06-30,False,False,False,False,False,False,False,162744.46505379293,655.33015600650106,163399.79520979943,0,0,0,0,163399.79520979943,0.0040267431263476539,0,79135.828337686748,79135.828337686748,0,0.48430800195360835,0,0,0,0,0,0,0,0,84263.96687211268,84263.96687211268,0,0.51569199804639165,0,0,0,0,0,0,0,0
lev_core_relative_leverage_sleeves_v3,2025-07-25,392,2025-06-30,False,False,False,False,False,False,False,163399.79520979943,812.98290373320924,164212.77811353264,0,0,0,0,164212.77811353264,0.0049754218032487252,0,79453.712775431544,79453.712775431544,0,0.48384610313637849,0,0,0,0,0,0,0,0,84759.065338101078,84759.065338101078,0,0.51615389686362145,0,0,0,0,0,0,0,0
lev_core_relative_leverage_sleeves_v3,2025-07-28,393,2025-06-30,False,False,False,False,False,False,False,164212.77811353264,898.4989894166356,165111.27710294927,0,0,0,0,165111.27710294927,0.005471553430485443,0,79467.440112691009,79467.440112691009,0,0.48129625975300228,0,0,0,0,0,0,0,0,85643.836990258264,85643.836990258264,0,0.51870374024699772,0,0,0,0,0,0,0,0
lev_core_relative_leverage_sleeves_v3,2025-07-29,394,2025-06-30,False,False,False,False,False,False,False,165111.27710294927,-780.01113144538249,164331.26597150389,0,0,0,0,164331.26597150389,-0.0047241541894139649,-0.0047241541894139649,79232.666413947547,79232.666413947547,0,0.48215210870271641,0,0,0,0,0,0,0,0,85098.599557556343,85098.599557556343,0,0.51784789129728359,0,0,0,0,0,0,0,0
lev_core_relative_leverage_sleeves_v3,2025-07-30,395,2025-06-30,False,False,False,False,False,False,False,164331.26597150389,279.12571932093124,164610.39169082482,0,0,0,0,164610.39169082482,0.0016985551572963331,-0.0030336232685799214,79133.938779556891,79133.938779556891,0,0.48073476994203468,0,0,0,0,0,0,0,0,85476.452911267945,85476.452911267945,0,0.51926523005796543,0,0,0,0,0,0,0,0
lev_core_relative_leverage_sleeves_v3,2025-07-31,396,2025-06-30,False,True,False,False,False,False,False,164610.39169082482,-1688.7789059040369,162921.61278492078,0,0,0,0,162921.61278492078,-0.010259248450583458,-0.013261749024345515,78848.09772933583,78848.09772933583,0,0.48396340044476666,0,0,0,0,0,0,0,0,84073.515055584969,84073.515055584969,0,0.5160365995552334,0,0,0,0,0,0,0,0
lev_core_relative_leverage_sleeves_v3,2025-08-01,397,2025-07-31,False,False,True,False,False,False,True,162921.61278492078,-6270.2528209270095,156651.35996399377,1469.4019441487035,1.4701370126550319,0.0093800778013446214,0,156649.88982698112,-0.038495340493708508,-0.05124657397381982,77590.979009922536,78324.944913490559,733.96590356802335,0.5,0,0,0,0,0,0,0,0,79060.380954071239,78324.944913490559,-735.43604058068013,0.5,0,0,0,0,0,0,0,0
lev_core_relative_leverage_sleeves_v3,2025-08-04,398,2025-07-31,False,False,False,False,False,False,False,156649.88982698112,5513.6730708978139,162163.56289787893,0,0,0,0,162163.56289787893,0.035197427058439867,-0.017852894464818414,79480.936520416391,79480.936520416391,0,0.49012820821203101,0,0,0,0,0,0,0,0,82682.626377462555,82682.626377462555,0,0.50987179178796904,0,0,0,0,0,0,0,0
lev_core_relative_leverage_sleeves_v3,2025-08-05,399,2025-07-31,False,False,False,False,False,False,False,162163.56289787893,-2224.0332939142827,159939.52960396465,0,0,0,0,159939.52960396465,-0.013714753512876654,-0.031322799930618705,79096.204599863951,79096.204599863951,0,0.4945381844983448,0,0,0,0,0,0,0,0,80843.325004100698,80843.325004100698,0,0.50546181550165514,0,0,0,0,0,0,0,0
lev_core_relative_leverage_sleeves_v3,2025-08-06,400,2025-07-31,False,False,False,False,False,False,False,159939.52960396465,3674.4654921263573,163613.99509609101,0,0,0,0,163613.99509609101,0.022974092153609016,-0.0090683206691247742,79671.423197069991,79671.423197069991,0,0.48694748362008222,0,0,0,0,0,0,0,0,83942.571899021015,83942.571899021015,0,0.51305251637991778,0,0,0,0,0,0,0,0
lev_core_relative_leverage_sleeves_v3,2025-08-07,401,2025-07-31,False,False,False,False,False,False,False,163613.99509609101,715.97991782156168,164329.97501391257,0,0,0,0,164329.97501391257,0.0043760310198468488,-0.0047319729018239221,79608.790401261736,79608.790401261736,0,0.48444473015055145,0,0,0,0,0,0,0,0,84721.184612650832,84721.184612650832,0,0.51555526984944855,0,0,0,0,0,0,0,0
lev_core_relative_leverage_sleeves_v3,2025-08-08,402,2025-07-31,False,False,False,False,False,False,False,164329.97501391257,2973.3479547148454,167303.32296862741,0,0,0,0,167303.32296862741,0.018093765026515163,0,80235.817982071501,80235.817982071501,0,0.47958293092072807,0,0,0,0,0,0,0,0,87067.504986555912,87067.504986555912,0,0.52041706907927188,0,0,0,0,0,0,0,0
lev_core_relative_leverage_sleeves_v3,2025-08-11,403,2025-07-31,False,False,False,False,False,False,False,167303.32296862741,-1127.5249098819331,166175.79805874548,0,0,0,0,166175.79805874548,-0.0067394053499664208,-0.0067394053499664208,80042.817197608732,80042.817197608732,0,0.4816755395951971,0,0,0,0,0,0,0,0,86132.980861136748,86132.980861136748,0,0.51832446040480296,0,0,0,0,0,0,0,0
lev_core_relative_leverage_sleeves_v3,2025-08-12,404,2025-07-31,False,False,False,False,False,False,False,166175.79805874548,4310.7487046608294,170486.54676340631,0,0,0,0,170486.54676340631,0.025940893650090446,0,80952.128506001085,80952.128506001085,0,0.47483000883549403,0,0,0,0,0,0,0,0,89534.41825740521,89534.41825740521,0,0.52516999116450591,0,0,0,0,0,0,0,0
lev_core_relative_leverage_sleeves_v3,2025-08-13,405,2025-07-31,False,False,False,False,False,False,False,170486.54676340631,347.15202384922304,170833.69878725553,0,0,0,0,170833.69878725553,0.0020362429202755994,0,81215.894838384556,81215.894838384556,0,0.47540909911179302,0,0,0,0,0,0,0,0,89617.803948870976,89617.803948870976,0,0.52459090088820703,0,0,0,0,0,0,0,0
lev_core_relative_leverage_sleeves_v3,2025-08-14,406,2025-07-31,False,False,False,False,False,False,False,170833.69878725553,-179.38923220269498,170654.30955505284,0,0,0,0,170654.30955505284,-0.0010500810640767799,-0.0010500810640767799,81243.128361478681,81243.128361478681,0,0.47606842495395502,0,0,0,0,0,0,0,0,89411.181193574172,89411.181193574172,0,0.52393157504604504,0,0,0,0,0,0,0,0
lev_core_relative_leverage_sleeves_v3,2025-08-15,407,2025-07-31,False,False,False,False,False,False,False,170654.30955505284,-1628.1726543396362,169026.1369007132,0,0,0,0,169026.1369007132,-0.0095407649451383358,-0.010580827432609463,81025.618741244849,81025.618741244849,0,0.47936739386548072,0,0,0,0,0,0,0,0,88000.518159468353,88000.518159468353,0,0.52063260613451934,0,0,0,0,0,0,0,0
lev_core_relative_leverage_sleeves_v3,2025-08-18,408,2025-07-31,False,False,False,False,False,False,False,169026.1369007132,-8.2504628768074326,169017.88643783639,0,0,0,0,169017.88643783639,-4.8811757921485288e-05,-0.010629122721743656,81023.506522926677,81023.506522926677,0,0.47937829676225752,0,0,0,0,0,0,0,0,87994.379914909718,87994.379914909718,0,0.52062170323774248,0,0,0,0,0,0,0,0
lev_core_relative_leverage_sleeves_v3,2025-08-19,409,2025-07-31,False,False,False,False,False,False,False,169017.88643783639,-4151.068809017801,164866.81762881859,0,0,0,0,164866.81762881859,-0.024559937983513525,-0.034928010110392149,80556.23435987455,80556.23435987455,0,0.48861399472899986,0,0,0,0,0,0,0,0,84310.583268944043,84310.583268944043,0,0.51138600527100009,0,0,0,0,0,0,0,0
lev_core_relative_leverage_sleeves_v3,2025-08-20,410,2025-07-31,False,False,False,False,False,False,False,164866.81762881859,-1686.3991135803226,163180.41851523827,0,0,0,0,163180.41851523827,-0.010228857072847042,-0.044799593559980977,80362.467453890742,80362.467453890742,0,0.49247616953737777,0,0,0,0,0,0,0,0,82817.951061347543,82817.951061347543,0,0.50752383046262228,0,0,0,0,0,0,0,0
lev_core_relative_leverage_sleeves_v3,2025-08-21,411,2025-07-31,False,False,False,False,False,False,False,163180.41851523827,-1436.3496590756986,161744.06885616257,0,0,0,0,161744.06885616257,-0.0088022182572203844,-0.053207476016851718,80051.305239678535,80051.305239678535,0,0.49492575403718442,0,0,0,0,0,0,0,0,81692.763616484037,81692.763616484037,0,0.50507424596281558,0,0,0,0,0,0,0,0
lev_core_relative_leverage_sleeves_v3,2025-08-22,412,2025-07-31,False,False,False,False,False,False,False,161744.06885616257,4930.0728123528825,166674.14166851545,0,0,0,0,166674.14166851545,0.03048070230468336,-0.024348574949021651,81267.740094057663,81267.740094057663,0,0.48758457239086561,0,0,0,0,0,0,0,0,85406.401574457806,85406.401574457806,0,0.5124154276091345,0,0,0,0,0,0,0,0
lev_core_relative_leverage_sleeves_v3,2025-08-25,413,2025-07-31,False,False,False,False,False,False,False,166674.14166851545,-1163.5548209011031,165510.58684761435,0,0,0,0,165510.58684761435,-0.0069810158267693545,-0.031159612988712615,80923.027097278362,80923.027097278362,0,0.48892961253157913,0,0,0,0,0,0,0,0,84587.55975033599,84587.55975033599,0,0.51107038746842082,0,0,0,0,0,0,0,0
lev_core_relative_leverage_sleeves_v3,2025-08-26,414,2025-07-31,False,False,False,False,False,False,False,165510.58684761435,1391.113729105331,166901.70057671968,0,0,0,0,166901.70057671968,0.0084049833645150063,-0.023016525653012376,81261.856839970438,81261.856839970438,0,0.48688453478409471,0,0,0,0,0,0,0,0,85639.843736749244,85639.843736749244,0,0.51311546521590523,0,0,0,0,0,0,0,0
lev_core_relative_leverage_sleeves_v3,2025-08-27,415,2025-07-31,False,False,False,False,False,False,False,166901.70057671968,610.6110283381131,167512.3116050578,0,0,0,0,167512.3116050578,0.0036585069308952001,-0.019442224840743871,81455.728280043098,81455.728280043098,0,0.48626711373961878,0,0,0,0,0,0,0,0,86056.583325014682,86056.583325014682,0,0.51373288626038116,0,0,0,0,0,0,0,0
lev_core_relative_leverage_sleeves_v3,2025-08-28,416,2025-07-31,False,False,False,False,False,False,False,167512.3116050578,1740.9940168594767,169253.30562191727,0,0,0,0,169253.30562191727,0.010393230206053206,-0.009251062153178391,81714.100149663223,81714.100149663223,0,0.48279175316196449,0,0,0,0,0,0,0,0,87539.205472254049,87539.205472254049,0,0.51720824683803546,0,0,0,0,0,0,0,0
lev_core_relative_leverage_sleeves_v3,2025-08-29,417,2025-07-31,False,True,False,False,False,False,False,169253.30562191727,-3788.2248323690437,165465.08078954823,0,0,0,0,165465.08078954823,-0.022381984319002179,-0.031425989344134098,81198.976185021369,81198.976185021369,0,0.49073179547953533,0,0,0,0,0,0,0,0,84266.104604526874,84266.104604526874,0,0.50926820452046473,0,0,0,0,0,0,0,0
lev_core_relative_leverage_sleeves_v3,2025-09-02,418,2025-08-29,False,False,True,False,False,False,True,165465.08078954823,-2560.3151049068547,162904.76568464137,1597.1665817447356,1.5979655645269959,0.0098042962403973189,0,162903.16771907685,-0.015483104098137912,-0.046422521577869746,80653.799551448319,81451.583859538427,797.78430809010752,0.5,0,0,0,0,0,0,0,0,82250.966133193055,81451.583859538427,-799.38227365462808,0.5,0,0,0,0,0,0,0,0
lev_core_relative_leverage_sleeves_v3,2025-09-03,419,2025-08-29,False,False,False,False,False,False,False,162903.16771907685,2320.7149935335619,165223.88271261042,0,0,0,0,165223.88271261042,0.014245978307405149,-0.032837877505837998,81867.362868922108,81867.362868922108,0,0.49549351779440859,0,0,0,0,0,0,0,0,83356.519843688322,83356.519843688322,0,0.50450648220559147,0,0,0,0,0,0,0,0
lev_core_relative_leverage_sleeves_v3,2025-09-04,420,2025-08-29,False,False,False,False,False,False,False,165223.88271261042,3016.9558776504127,168240.83859026083,0,0,0,0,168240.83859026083,0.018259804987745598,-0.015177685757560511,82556.313032805861,82556.313032805861,0,0.49070317126667545,0,0,0,0,0,0,0,0,85684.525557454981,85684.525557454981,0,0.5092968287333246,0,0,0,0,0,0,0,0
lev_core_relative_leverage_sleeves_v3,2025-09-05,421,2025-08-29,False,False,False,False,False,False,False,168240.83859026083,-78.020658500347054,168162.81793176048,0,0,0,0,168162.81793176048,-0.00046374387547110096,-0.015634391074217602,82306.315090316712,82306.315090316712,0,0.48944419523057797,0,0,0,0,0,0,0,0,85856.502841443769,85856.502841443769,0,0.51055580476942208,0,0,0,0,0,0,0,0
lev_core_relative_leverage_sleeves_v3,2025-09-08,422,2025-08-29,False,False,False,False,False,False,False,168162.81793176048,1359.815490263165,169522.63342202365,0,0,0,0,169522.63342202365,0.0080863029472719727,-0.0076745125495678579,82483.424375791277,82483.424375791277,0,0.48656290142951136,0,0,0,0,0,0,0,0,87039.209046232369,87039.209046232369,0,0.51343709857048869,0,0,0,0,0,0,0,0
lev_core_relative_leverage_sleeves_v3,2025-09-09,423,2025-08-29,False,False,False,False,False,False,False,169522.63342202365,1049.3303997260227,170571.96382174967,0,0,0,0,170571.96382174967,0.0061899132790943501,-0.0015321038376147067,82706.908448760936,82706.908448760936,0,0.48487985127022942,0,0,0,0,0,0,0,0,87865.055372988747,87865.055372988747,0,0.51512014872977063,0,0,0,0,0,0,0,0
lev_core_relative_leverage_sleeves_v3,2025-09-10,424,2025-08-29,False,False,False,False,False,False,False,170571.96382174967,324.3190109974239,170896.28283274709,0,0,0,0,170896.28283274709,0.0019013617697241081,0,82955.198350523497,82955.198350523497,0,0.48541253780054511,0,0,0,0,0,0,0,0,87941.084482223596,87941.084482223596,0,0.51458746219945484,0,0,0,0,0,0,0,0
lev_core_relative_leverage_sleeves_v3,2025-09-11,425,2025-08-29,False,False,False,False,False,False,False,170896.28283274709,2261.685983094736,173157.96881584183,0,0,0,0,173157.96881584183,0.013234260837072798,0,83657.866768976019,83657.866768976019,0,0.48313033088271218,0,0,0,0,0,0,0,0,89500.10204686581,89500.10204686581,0,0.51686966911728782,0,0,0,0,0,0,0,0
lev_core_relative_leverage_sleeves_v3,2025-09-12,426,2025-08-29,False,False,False,False,False,False,False,173157.96881584183,1006.8812647049781,174164.85008054681,0,0,0,0,174164.85008054681,0.0058148133267594826,0,83620.353086651725,83620.353086651725,0,0.48012186757534281,0,0,0,0,0,0,0,0,90544.496993895096,90544.496993895096,0,0.5198781324246573,0,0,0,0,0,0,0,0
lev_core_relative_leverage_sleeves_v3,2025-09-15,427,2025-08-29,False,False,False,False,False,False,False,174164.85008054681,2671.1282556686201,176835.97833621543,0,0,0,0,176835.97833621543,0.015336781528725751,0,84031.462298189275,84031.462298189275,0,0.47519437553833982,0,0,0,0,0,0,0,0,92804.516038026166,92804.516038026166,0,0.52480562446166024,0,0,0,0,0,0,0,0
lev_core_relative_leverage_sleeves_v3,2025-09-16,428,2025-08-29,False,False,False,False,False,False,False,176835.97833621543,-360.10347830879618,176475.87485790663,0,0,0,0,176475.87485790663,-0.0020363699836247751,-0.0020363699836247751,83926.285451829041,83926.285451829041,0,0.47556803738416997,0,0,0,0,0,0,0,0,92549.58940607759,92549.58940607759,0,0.52443196261583003,0,0,0,0,0,0,0,0
lev_core_relative_leverage_sleeves_v3,2025-09-17,429,2025-08-29,False,False,False,False,False,False,False,176475.87485790663,-683.8626148798794,175792.01224302675,0,0,0,0,175792.01224302675,-0.0038751053957404302,-0.005903584231053971,83846.166907330669,83846.166907330669,0,0.47696232517900794,0,0,0,0,0,0,0,0,91945.845335696067,91945.845335696067,0,0.52303767482099195,0,0,0,0,0,0,0,0
lev_core_relative_leverage_sleeves_v3,2025-09-18,430,2025-08-29,False,False,False,False,False,False,False,175792.01224302675,3007.4799490665027,178799.49219209325,0,0,0,0,178799.49219209325,0.017108171814477879,0,84247.615876018943,84247.615876018943,0,0.47118487218916433,0,0,0,0,0,0,0,0,94551.876316074311,94551.876316074311,0,0.52881512781083573,0,0,0,0,0,0,0,0
lev_core_relative_leverage_sleeves_v3,2025-09-19,431,2025-08-29,False,False,False,False,False,False,False,178799.49219209325,2315.7962518155109,181115.28844390876,0,0,0,0,181115.28844390876,0.012951917387592715,0,84657.821526507891,84657.821526507891,0,0.46742504320791417,0,0,0,0,0,0,0,0,96457.466917400874,96457.466917400874,0,0.53257495679208589,0,0,0,0,0,0,0,0
lev_core_relative_leverage_sleeves_v3,2025-09-22,432,2025-08-29,False,False,False,False,False,False,False,181115.28844390876,1967.670684482815,183082.95912839158,0,0,0,0,183082.95912839158,0.010864188779359685,0,85037.765007313908,85037.765007313908,0,0.46447667992780811,0,0,0,0,0,0,0,0,98045.194121077686,98045.194121077686,0,0.53552332007219194,0,0,0,0,0,0,0,0
lev_core_relative_leverage_sleeves_v3,2025-09-23,433,2025-08-29,False,False,False,False,False,False,False,183082.95912839158,-2643.5782789764053,180439.38084941517,0,0,0,0,180439.38084941517,-0.014439237226456014,-0.014439237226456014,84569.573123197304,84569.573123197304,0,0.46868689487343362,0,0,0,0,0,0,0,0,95869.80772621787,95869.80772621787,0,0.53131310512656638,0,0,0,0,0,0,0,0
lev_core_relative_leverage_sleeves_v3,2025-09-24,434,2025-08-29,False,False,False,False,False,False,False,180439.38084941517,-1162.8279400476313,179276.55290936754,0,0,0,0,179276.55290936754,-0.0064444243522320255,-0.020790609006678173,84329.183079827912,84329.183079827912,0,0.47038601373856265,0,0,0,0,0,0,0,0,94947.369829539617,94947.369829539617,0,0.5296139862614373,0,0,0,0,0,0,0,0
lev_core_relative_leverage_sleeves_v3,2025-09-25,435,2025-08-29,False,False,False,False,False,False,False,179276.55290936754,-1685.9187172878883,177590.63419207965,0,0,0,0,177590.63419207965,-0.009404011232524101,-0.029999105118572511,83907.332193380513,83907.332193380513,0,0.47247611100159403,0,0,0,0,0,0,0,0,93683.301998699142,93683.301998699142,0,0.52752388899840597,0,0,0,0,0,0,0,0
lev_core_relative_leverage_sleeves_v3,2025-09-26,436,2025-08-29,False,False,False,False,False,False,False,177590.63419207965,1648.5147103704512,179239.14890245011,0,0,0,0,179239.14890245011,0.0092826669484575852,-0.020994909871682288,84404.200982332841,84404.200982332841,0,0.47090271014547913,0,0,0,0,0,0,0,0,94834.947920117265,94834.947920117265,0,0.52909728985452087,0,0,0,0,0,0,0,0
lev_core_relative_leverage_sleeves_v3,2025-09-29,437,2025-08-29,False,False,False,False,False,False,False,179239.14890245011,1440.2493500354176,180679.39825248552,0,0,0,0,180679.39825248552,0.0080353503063064213,-0.013128261020844079,84627.092353985543,84627.092353985543,0,0.46838263339645236,0,0,0,0,0,0,0,0,96052.305898499981,96052.305898499981,0,0.53161736660354764,0,0,0,0,0,0,0,0
lev_core_relative_leverage_sleeves_v3,2025-09-30,438,2025-08-29,False,True,False,False,False,False,False,180679.39825248552,1138.7708074587572,181818.16905994428,0,0,0,0,181818.16905994428,0.0063027152983285983,-0.0069082894140919393,84981.905216887943,84981.905216887943,0,0.46740051149052081,0,0,0,0,0,0,0,0,96836.263843056324,96836.263843056324,0,0.53259948850947914,0,0,0,0,0,0,0,0
lev_core_relative_leverage_sleeves_v3,2025-10-01,439,2025-09-30,False,False,True,False,False,False,True,181818.16905994428,1704.1227142164716,183522.29177416075,12972.671726192275,12.9791613068457,0.070687171573446853,0,183509.31261285389,0.009301290193677314,0,85274.810023984232,91754.656306426943,6479.8462824427115,0.5,0,0,0,0,0,0,0,0,98247.481750176506,91754.656306426943,-6492.8254437495634,0.5,0,0,0,0,0,0,0,0
lev_core_relative_leverage_sleeves_v3,2025-10-02,440,2025-09-30,False,False,False,False,False,False,False,183509.31261285389,1051.0456210183329,184560.35823387222,0,0,0,0,184560.35823387222,0.0057274783827221398,0,91812.252279477048,91812.252279477048,0,0.49746464060897566,0,0,0,0,0,0,0,0,92748.105954395156,92748.105954395156,0,0.50253535939102423,0,0,0,0,0,0,0,0
lev_core_relative_leverage_sleeves_v3,2025-10-03,441,2025-09-30,False,False,False,False,False,False,False,184560.35823387222,-1237.5048667225346,183322.85336714968,0,0,0,0,183322.85336714968,-0.0067051498954850963,-0.0067051498954850963,91827.13738607314,91827.13738607314,0,0.50090392823073959,0,0,0,0,0,0,0,0,91495.715981076544,91495.715981076544,0,0.49909607176926041,0,0,0,0,0,0,0,0
lev_core_relative_leverage_sleeves_v3,2025-10-06,442,2025-09-30,False,False,False,False,False,False,False,183322.85336714968,2450.2328674234159,185773.0862345731,0,0,0,0,185773.0862345731,0.01336567057744964,0,92168.344139695662,92168.344139695662,0,0.49613399878234232,0,0,0,0,0,0,0,0,93604.742094877423,93604.742094877423,0,0.50386600121765757,0,0,0,0,0,0,0,0
lev_core_relative_leverage_sleeves_v3,2025-10-07,443,2025-09-30,False,False,False,False,False,False,False,185773.0862345731,-1934.9769397418131,183838.10929483129,0,0,0,0,183838.10929483129,-0.010415808764131396,-0.010415808764131396,91817.606422100987,91817.606422100987,0,0.49944816542280712,0,0,0,0,0,0,0,0,92020.5028727303,92020.5028727303,0,0.50055183457719288,0,0,0,0,0,0,0,0
lev_core_relative_leverage_sleeves_v3,2025-10-08,444,2025-09-30,False,False,False,False,False,False,False,183838.10929483129,3799.6537509805348,187637.76304581182,0,0,0,0,187637.76304581182,0.020668477094087256,0,92352.269196988913,92352.269196988913,0,0.49218381043287684,0,0,0,0,0,0,0,0,95285.493848822909,95285.493848822909,0,0.50781618956712316,0,0,0,0,0,0,0,0
lev_core_relative_leverage_sleeves_v3,2025-10-09,445,2025-09-30,False,False,False,False,False,False,False,187637.76304581182,-713.00268407553085,186924.76036173629,0,0,0,0,186924.76036173629,-0.0037998890655153161,-0.0037998890655153161,92100.760765960178,92100.760765960178,0,0.4927156819017825,0,0,0,0,0,0,0,0,94823.999595776113,94823.999595776113,0,0.5072843180982175,0,0,0,0,0,0,0,0
lev_core_relative_leverage_sleeves_v3,2025-10-10,446,2025-09-30,False,False,False,False,False,False,False,186924.76036173629,-12524.245476474869,174400.51488526142,0,0,0,0,174400.51488526142,-0.067001532874713776,-0.070546823548085724,89615.829274263684,89615.829274263684,0,0.51385071502353186,0,0,0,0,0,0,0,0,84784.685610997723,84784.685610997723,0,0.48614928497646809,0,0,0,0,0,0,0,0
lev_core_relative_leverage_sleeves_v3,2025-10-13,447,2025-09-30,False,False,False,False,False,False,False,174400.51488526142,6936.3874525215942,181336.90233778302,0,0,0,0,181336.90233778302,0.039772746411242288,-0.033579918059939984,91012.712116335286,91012.712116335286,0,0.50189846050641429,0,0,0,0,0,0,0,0,90324.19022144773,90324.19022144773,0,0.49810153949358577,0,0,0,0,0,0,0,0
lev_core_relative_leverage_sleeves_v3,2025-10-14,448,2025-09-30,False,False,False,False,False,False,False,181336.90233778302,-2035.8302319421491,179301.07210584087,0,0,0,0,179301.07210584087,-0.01122678398989041,-0.044429707563373277,90871.639687109026,90871.639687109026,0,0.5068103532223599,0,0,0,0,0,0,0,0,88429.432418731842,88429.432418731842,0,0.49318964677764016,0,0,0,0,0,0,0,0
lev_core_relative_leverage_sleeves_v3,2025-10-15,449,2025-09-30,False,False,False,False,False,False,False,179301.07210584087,2136.432806859113,181437.50491269998,0,0,0,0,181437.50491269998,0.011915337603770615,-0.033043764924857055,91244.008744729275,91244.008744729275,0,0.5028949708530881,0,0,0,0,0,0,0,0,90193.496167970705,90193.496167970705,0,0.49710502914691196,0,0,0,0,0,0,0,0
lev_core_relative_leverage_sleeves_v3,2025-10-16,450,2025-09-30,False,False,False,False,False,False,False,181437.50491269998,-1566.1187597957905,179871.38615290419,0,0,0,0,179871.38615290419,-0.008631725621168207,-0.041390265833703532,90670.115742099922,90670.115742099922,0,0.50408304334199949,0,0,0,0,0,0,0,0,89201.270410804267,89201.270410804267,0,0.49591695665800056,0,0,0,0,0,0,0,0
lev_core_relative_leverage_sleeves_v3,2025-10-17,451,2025-09-30,False,False,False,False,False,False,False,179871.38615290419,2147.3632709048397,182018.74942380903,0,0,0,0,182018.74942380903,0.011938326138652311,-0.029946070187539586,91148.791325534054,91148.791325534054,0,0.50076594644272021,0,0,0,0,0,0,0,0,90869.958098274976,90869.958098274976,0,0.49923405355727984,0,0,0,0,0,0,0,0
lev_core_relative_leverage_sleeves_v3,2025-10-20,452,2025-09-30,False,False,False,False,False,False,False,182018.74942380903,4489.6918132599676,186508.441237069,0,0,0,0,186508.441237069,0.024666095264759047,-0.0060186275428315561,92121.982602933291,92121.982602933291,0,0.49392929345132408,0,0,0,0,0,0,0,0,94386.458634135706,94386.458634135706,0,0.50607070654867592,0,0,0,0,0,0,0,0
lev_core_relative_leverage_sleeves_v3,2025-10-21,453,2025-09-30,False,False,False,False,False,False,False,186508.441237069,-179.24742392881308,186329.19381314018,0,0,0,0,186329.19381314018,-0.00096106869340550904,-0.0069739119217283596,92125.094908471365,92125.094908471365,0,0.49442115335323572,0,0,0,0,0,0,0,0,94204.098904668819,94204.098904668819,0,0.50557884664676422,0,0,0,0,0,0,0,0
lev_core_relative_leverage_sleeves_v3,2025-10-22,454,2025-09-30,False,False,False,False,False,False,False,186329.19381314018,-3310.7919351518794,183018.4018779883,0,0,0,0,183018.4018779883,-0.017768508881501943,-0.024618504787310314,91634.846746818803,91634.846746818803,0,0.50068652007959513,0,0,0,0,0,0,0,0,91383.555131169502,91383.555131169502,0,0.49931347992040487,0,0,0,0,0,0,0,0
lev_core_relative_leverage_sleeves_v3,2025-10-23,455,2025-09-30,False,False,False,False,False,False,False,183018.4018779883,2912.9783465194632,185931.38022450777,0,0,0,0,185931.38022450777,0.01591631396968185,-0.0090940266692874916,92169.630423914903,92169.630423914903,0,0.49571852966735491,0,0,0,0,0,0,0,0,93761.749800592879,93761.749800592879,0,0.50428147033264514,0,0,0,0,0,0,0,0
lev_core_relative_leverage_sleeves_v3,2025-10-24,456,2025-09-30,False,False,False,False,False,False,False,185931.38022450777,3574.61049747793,189505.9907219857,0,0,0,0,189505.9907219857,0.019225428720862858,0,92900.880326517246,92900.880326517246,0,0.49022661485571323,0,0,0,0,0,0,0,0,96605.110395468451,96605.110395468451,0,0.50977338514428683,0,0,0,0,0,0,0,0
lev_core_relative_leverage_sleeves_v3,2025-10-27,457,2025-09-30,False,False,False,False,False,False,False,189505.9907219857,6400.2400308756623,195906.23075286136,0,0,0,0,195906.23075286136,0.033773286039622485,0,94042.149002867736,94042.149002867736,0,0.48003653912112326,0,0,0,0,0,0,0,0,101864.08174999361,101864.08174999361,0,0.51996346087887668,0,0,0,0,0,0,0,0
lev_core_relative_leverage_sleeves_v3,2025-10-28,458,2025-09-30,False,False,False,False,False,False,False,195906.23075286136,2448.5303837350802,198354.76113659644,0,0,0,0,198354.76113659644,0.012498481412895668,0,94257.340935648594,94257.340935648594,0,0.47519575731655134,0,0,0,0,0,0,0,0,104097.42020094783,104097.42020094783,0,0.52480424268344861,0,0,0,0,0,0,0,0
lev_core_relative_leverage_sleeves_v3,2025-10-29,459,2025-09-30,False,False,False,False,False,False,False,198354.76113659644,1256.4913512578642,199611.2524878543,0,0,0,0,199611.2524878543,0.0063345661281737353,0,94253.487023376205,94253.487023376205,0,0.47218523930213413,0,0,0,0,0,0,0,0,105357.7654644781,105357.7654644781,0,0.52781476069786581,0,0,0,0,0,0,0,0
lev_core_relative_leverage_sleeves_v3,2025-10-30,460,2025-09-30,False,False,False,False,False,False,False,199611.2524878543,-5619.7652288337413,193991.48725902056,0,0,0,0,193991.48725902056,-0.028153549255324095,-0.028153549255324095,93320.699040773368,93320.699040773368,0,0.4810556399115084,0,0,0,0,0,0,0,0,100670.78821824721,100670.78821824721,0,0.51894436008849165,0,0,0,0,0,0,0,0
lev_core_relative_leverage_sleeves_v3,2025-10-31,461,2025-09-30,False,True,False,False,False,False,False,193991.48725902056,1645.3983524452196,195636.88561146578,0,0,0,0,195636.88561146578,0.0084818069890266745,-0.019910535237137261,93571.473824577508,93571.473824577508,0,0.47829157335089739,0,0,0,0,0,0,0,0,102065.41178688826,102065.41178688826,0,0.52170842664910255,0,0,0,0,0,0,0,0
lev_core_relative_leverage_sleeves_v3,2025-11-03,462,2025-10-31,False,False,True,False,False,False,True,195636.88561146578,1484.7711315506604,197121.65674301644,9647.0011917062948,9.6518271052589188,0.048939326865961245,0,197112.00491591118,0.0075400878511988623,-0.01252057457079081,93737.327775655067,98556.00245795559,4818.6746823005233,0.5,0,0,0,0,0,0,0,0,103384.32896736136,98556.00245795559,-4828.3265094057715,0.5,0,0,0,0,0,0,0,0
lev_core_relative_leverage_sleeves_v3,2025-11-04,463,2025-10-31,False,False,False,False,False,False,False,197112.00491591118,-7289.1438488713466,189822.86106703983,0,0,0,0,189822.86106703983,-0.03697970527965011,-0.049037272692881162,97401.117756190477,97401.117756190477,0,0.51311584499714857,0,0,0,0,0,0,0,0,92421.743310849342,92421.743310849342,0,0.48688415500285137,0,0,0,0,0,0,0,0
lev_core_relative_leverage_sleeves_v3,2025-11-05,464,2025-10-31,False,False,False,False,False,False,False,189822.86106703983,2332.0375620250707,192154.8986290649,0,0,0,0,192154.8986290649,0.012285335648805074,-0.037354376398410216,97756.878314473026,97756.878314473026,0,0.50873997494689183,0,0,0,0,0,0,0,0,94398.020314591879,94398.020314591879,0,0.49126002505310812,0,0,0,0,0,0,0,0
lev_core_relative_leverage_sleeves_v3,2025-11-06,465,2025-10-31,False,False,False,False,False,False,False,192154.8986290649,-6536.0549736879184,185618.84365537699,0,0,0,0,185618.84365537699,-0.034014511315192064,-0.070098296854926634,96665.460652436785,96665.460652436785,0,0.52077396210865035,0,0,0,0,0,0,0,0,88953.383002940187,88953.383002940187,0,0.4792260378913496,0,0,0,0,0,0,0,0
lev_core_relative_leverage_sleeves_v3,2025-11-07,466,2025-10-31,False,False,False,False,False,False,False,185618.84365537699,-687.53751754251425,184931.30613783447,0,0,0,0,184931.30613783447,-0.0037040286643472697,-0.073542679418401313,96796.468834934742,96796.468834934742,0,0.52341851067006273,0,0,0,0,0,0,0,0,88134.83730289973,88134.83730289973,0,0.47658148932993732,0,0,0,0,0,0,0,0
lev_core_relative_leverage_sleeves_v3,2025-11-10,467,2025-10-31,False,False,False,False,False,False,False,184931.30613783447,7302.4910844497208,192233.79722228419,0,0,0,0,192233.79722228419,0.039487587239593447,-0.036959115148175403,98297.88604093653,98297.88604093653,0,0.51134549419149489,0,0,0,0,0,0,0,0,93935.911181347677,93935.911181347677,0,0.48865450580850517,0,0,0,0,0,0,0,0
lev_core_relative_leverage_sleeves_v3,2025-11-11,468,2025-10-31,False,False,False,False,False,False,False,192233.79722228419,-658.17015668054228,191575.62706560365,0,0,0,0,191575.62706560365,-0.0034238004252680199,-0.04025637493928147,98501.513999112241,98501.513999112241,0,0.51416516551649405,0,0,0,0,0,0,0,0,93074.113066491409,93074.113066491409,0,0.48583483448350595,0,0,0,0,0,0,0,0
lev_core_relative_leverage_sleeves_v3,2025-11-12,469,2025-10-31,False,False,False,False,False,False,False,191575.62706560365,-135.96430588015937,191439.66275972349,0,0,0,0,191439.66275972349,-0.0007097160946971659,-0.040937520436770125,98567.060943761287,98567.060943761287,0,0.51487272555151287,0,0,0,0,0,0,0,0,92872.601815962189,92872.601815962189,0,0.48512727444848708,0,0,0,0,0,0,0,0
lev_core_relative_leverage_sleeves_v3,2025-11-13,470,2025-10-31,False,False,False,False,False,False,False,191439.66275972349,-7371.4289104362833,184068.23384928721,0,0,0,0,184068.23384928721,-0.038505233472377109,-0.07786644512694918,96939.619391255008,96939.619391255008,0,0.52665045654008924,0,0,0,0,0,0,0,0,87128.614458032214,87128.614458032214,0,0.47334954345991087,0,0,0,0,0,0,0,0
lev_core_relative_leverage_sleeves_v3,2025-11-14,471,2025-10-31,False,False,False,False,False,False,False,184068.23384928721,73.236309962696396,184141.4701592499,0,0,0,0,184141.4701592499,0.00039787587695694349,-0.077499550430132569,96910.59999220226,96910.59999220226,0,0.5262834054077643,0,0,0,0,0,0,0,0,87230.870167047658,87230.870167047658,0,0.4737165945922357,0,0,0,0,0,0,0,0
lev_core_relative_leverage_sleeves_v3,2025-11-17,472,2025-10-31,False,False,False,False,False,False,False,184141.4701592499,-3082.8007376364549,181058.66942161345,0,0,0,0,181058.66942161345,-0.016741479988024333,-0.092943573245549915,96033.089044269582,96033.089044269582,0,0.53039762940401824,0,0,0,0,0,0,0,0,85025.580377343882,85025.580377343882,0,0.46960237059598181,0,0,0,0,0,0,0,0
lev_core_relative_leverage_sleeves_v3,2025-11-18,473,2025-10-31,False,False,False,False,False,False,False,181058.66942161345,-3852.3179871065076,177206.35143450694,0,0,0,0,177206.35143450694,-0.021276628174793366,-0.11224267557116119,95248.108975681564,95248.108975681564,0,0.53749827929211647,0,0,0,0,0,0,0,0,81958.242458825363,81958.242458825363,0,0.46250172070788342,0,0,0,0,0,0,0,0
lev_core_relative_leverage_sleeves_v3,2025-11-19,474,2025-10-31,False,False,False,False,False,False,False,177206.35143450694,1710.3595041406807,178916.71093864762,0,0,0,0,178916.71093864762,0.0096517957189181658,-0.10367422322780062,95607.809738165219,95607.809738165219,0,0.53437048577843638,0,0,0,0,0,0,0,0,83308.901200482404,83308.901200482404,0,0.46562951422156357,0,0,0,0,0,0,0,0
lev_core_relative_leverage_sleeves_v3,2025-11-20,475,2025-10-31,False,False,False,False,False,False,False,178916.71093864762,-7399.8271748815896,171516.88376376603,0,0,0,0,171516.88376376603,-0.041359061074060732,-0.14074541577157695,94135.063476801937,94135.063476801937,0,0.54883846657601487,0,0,0,0,0,0,0,0,77381.820286964081,77381.820286964081,0,0.45116153342398502,0,0,0,0,0,0,0,0
lev_core_relative_leverage_sleeves_v3,2025-11-21,476,2025-10-31,False,False,False,False,False,False,False,171516.88376376603,2661.4792644898989,174178.36302825593,0,0,0,0,174178.36302825593,0.015517301889390822,-0.12741210298826156,95064.779388935829,95064.779388935829,0,0.54578983138975778,0,0,0,0,0,0,0,0,79113.583639320088,79113.583639320088,0,0.4542101686102421,0,0,0,0,0,0,0,0
lev_core_relative_leverage_sleeves_v3,2025-11-24,477,2025-10-31,False,False,False,False,False,False,False,174178.36302825593,7659.0760384192981,181837.43906667523,0,0,0,0,181837.43906667523,0.043972603171019697,-0.089042141661129781,96533.676491537117,96533.676491537117,0,0.5308789927256985,0,0,0,0,0,0,0,0,85303.762575138113,85303.762575138113,0,0.46912100727430156,0,0,0,0,0,0,0,0
lev_core_relative_leverage_sleeves_v3,2025-11-25,478,2025-10-31,False,False,False,False,False,False,False,181837.43906667523,2337.4153302767372,184174.85439695197,0,0,0,0,184174.85439695197,0.01285442284203997,-0.077332304158762799,97412.677064054966,97412.677064054966,0,0.52891409841487635,0,0,0,0,0,0,0,0,86762.177332897016,86762.177332897016,0,0.47108590158512376,0,0,0,0,0,0,0,0
lev_core_relative_leverage_sleeves_v3,2025-11-26,479,2025-10-31,False,False,False,False,False,False,False,184174.85439695197,2911.1465971024008,187086.00099405437,0,0,0,0,187086.00099405437,0.015806428117640881,-0.062748223547978932,98085.365352962835,98085.365352962835,0,0.52427955502710222,0,0,0,0,0,0,0,0,89000.635641091547,89000.635641091547,0,0.47572044497289784,0,0,0,0,0,0,0,0
lev_core_relative_leverage_sleeves_v3,2025-11-28,480,2025-10-31,False,True,False,False,False,False,False,187086.00099405437,2548.3636153398547,189634.36460939422,0,0,0,0,189634.36460939422,0.013621348480375328,-0.049981590487075067,98612.616128007343,98612.616128007343,0,0.52001448329857303,0,0,0,0,0,0,0,0,91021.748481386894,91021.748481386894,0,0.47998551670142703,0,0,0,0,0,0,0,0
lev_core_relative_leverage_sleeves_v3,2025-12-01,481,2025-11-28,False,False,True,False,False,False,True,189634.36460939422,-1528.7894817970227,188105.5751275972,8094.8583231808589,8.0908129167225198,0.043033590672099394,0,188097.48431468051,-0.0081044398143730323,-0.057680957509519071,98100.216725389022,94048.742157340253,-4051.4745680487686,0.5,0,0,0,0,0,0,0,0,90005.358402208163,94048.742157340253,4043.3837551320903,0.5,0,0,0,0,0,0,0,0
lev_core_relative_leverage_sleeves_v3,2025-12-02,482,2025-11-28,False,False,False,False,False,False,False,188097.48431468051,2578.3720444261853,190675.85635910669,0,0,0,0,190675.85635910669,0.013707637046929566,-0.044763990092649197,94281.825921554977,94281.825921554977,0,0.49446126909738708,0,0,0,0,0,0,0,0,96394.030437551715,96394.030437551715,0,0.50553873090261292,0,0,0,0,0,0,0,0
lev_core_relative_leverage_sleeves_v3,2025-12-03,483,2025-11-28,False,False,False,False,False,False,False,190675.85635910669,845.76580413573538,191521.62216324243,0,0,0,0,191521.62216324243,0.0044356208504072736,-0.040526925330044206,94565.042999633733,94565.042999633733,0,0.49375648520265625,0,0,0,0,0,0,0,0,96956.57916360868,96956.57916360868,0,0.50624351479734364,0,0,0,0,0,0,0,0
lev_core_relative_leverage_sleeves_v3,2025-12-04,484,2025-11-28,False,False,False,False,False,False,False,191521.62216324243,-188.17163240528316,191333.45053083714,0,0,0,0,191333.45053083714,-0.00098250855584802732,-0.041469615835013296,94673.123807792828,94673.123807792828,0,0.49480696420375481,0,0,0,0,0,0,0,0,96660.326723044316,96660.326723044316,0,0.50519303579624519,0,0,0,0,0,0,0,0
lev_core_relative_leverage_sleeves_v3,2025-12-05,485,2025-11-28,False,False,False,False,False,False,False,191333.45053083714,1398.4885837377515,192731.9391145749,0,0,0,0,192731.9391145749,0.0073091693055122864,-0.034463554972673616,94869.70875112222,94869.70875112222,0,0.49223657058067716,0,0,0,0,0,0,0,0,97862.230363452676,97862.230363452676,0,0.50776342941932284,0,0,0,0,0,0,0,0
lev_core_relative_leverage_sleeves_v3,2025-12-08,486,2025-11-28,False,False,False,False,False,False,False,192731.9391145749,-1066.9071074980311,191665.03200707686,0,0,0,0,191665.03200707686,-0.0055357047326949349,-0.039808479641000871,94548.222246572725,94548.222246572725,0,0.49329927977202287,0,0,0,0,0,0,0,0,97116.80976050414,97116.80976050414,0,0.50670072022797719,0,0,0,0,0,0,0,0
lev_core_relative_leverage_sleeves_v3,2025-12-09,487,2025-11-28,False,False,False,False,False,False,False,191665.03200707686,352.49256093523582,192017.5245680121,0,0,0,0,192017.5245680121,0.0018391073073893427,-0.038042584399415325,94466.176395275106,94466.176395275106,0,0.49196643175042826,0,0,0,0,0,0,0,0,97551.348172736994,97551.348172736994,0,0.50803356824957169,0,0,0,0,0,0,0,0
lev_core_relative_leverage_sleeves_v3,2025-12-10,488,2025-11-28,False,False,False,False,False,False,False,192017.5245680121,1839.236645101977,193856.76121311408,0,0,0,0,193856.76121311408,0.0095784832620864346,-0.028828491395245237,95105.076873199156,95105.076873199156,0,0.49059458271175049,0,0,0,0,0,0,0,0,98751.684339914907,98751.684339914907,0,0.5094054172882494,0,0,0,0,0,0,0,0
lev_core_relative_leverage_sleeves_v3,2025-12-11,489,2025-11-28,False,False,False,False,False,False,False,193856.76121311408,-860.30805637998856,192996.45315673409,0,0,0,0,192996.45315673409,-0.0044378542744465399,-0.033138409025927573,95303.161574790734,95303.161574790734,0,0.4938078395533736,0,0,0,0,0,0,0,0,97693.291581943355,97693.291581943355,0,0.5061921604466264,0,0,0,0,0,0,0,0
lev_core_relative_leverage_sleeves_v3,2025-12-12,490,2025-11-28,False,False,False,False,False,False,False,192996.45315673409,-6669.7630166273739,186326.69014010672,0,0,0,0,186326.69014010672,-0.034558992704445179,-0.066552171694608808,94294.241048265278,94294.241048265278,0,0.50606942557376811,0,0,0,0,0,0,0,0,92032.449091841423,92032.449091841423,0,0.49393057442623184,0,0,0,0,0,0,0,0
lev_core_relative_leverage_sleeves_v3,2025-12-15,491,2025-11-28,False,False,False,False,False,False,False,186326.69014010672,-1559.7601062953181,184766.9300338114,0,0,0,0,184766.9300338114,-0.0083711040276756021,-0.074366160569761197,94159.662435878359,94159.662435878359,0,0.50961317817342977,0,0,0,0,0,0,0,0,90607.267597933038,90607.267597933038,0,0.49038682182657023,0,0,0,0,0,0,0,0
lev_core_relative_leverage_sleeves_v3,2025-12-16,492,2025-11-28,False,False,False,False,False,False,False,184766.9300338114,456.53069494836382,185223.46072875976,0,0,0,0,185223.46072875976,0.002470846351480871,-0.072079061574797709,93939.218858943306,93939.218858943306,0,0.50716695654719135,0,0,0,0,0,0,0,0,91284.24186981644,91284.24186981644,0,0.49283304345280854,0,0,0,0,0,0,0,0
lev_core_relative_leverage_sleeves_v3,2025-12-17,493,2025-11-28,False,False,False,False,False,False,False,185223.46072875976,-6396.0168190454715,178827.44390971429,0,0,0,0,178827.44390971429,-0.034531353608664994,-0.10412142762044263,92854.84632698301,92854.84632698301,0,0.51924270848418097,0,0,0,0,0,0,0,0,85972.597582731294,85972.597582731294,0,0.48075729151581909,0,0,0,0,0,0,0,0
lev_core_relative_leverage_sleeves_v3,2025-12-18,494,2025-11-28,False,False,False,False,False,False,False,178827.44390971429,4597.9704093441833,183425.41431905847,0,0,0,0,183425.41431905847,0.025711771687938478,-0.081086802307303252,93590.388532684752,93590.388532684752,0,0.51023675688631343,0,0,0,0,0,0,0,0,89835.025786373735,89835.025786373735,0,0.48976324311368663,0,0,0,0,0,0,0,0
lev_core_relative_leverage_sleeves_v3,2025-12-19,495,2025-11-28,False,False,False,False,False,False,False,183425.41431905847,4267.2044151056907,187692.61873416416,0,0,0,0,187692.61873416416,0.023263975883315302,-0.059709227837320245,94414.899242537227,94414.899242537227,0,0.50302936726702319,0,0,0,0,0,0,0,0,93277.719491626936,93277.719491626936,0,0.49697063273297676,0,0,0,0,0,0,0,0
lev_core_relative_leverage_sleeves_v3,2025-12-22,496,2025-11-28,False,False,False,False,False,False,False,187692.61873416416,1874.238139011577,189566.85687317574,0,0,0,0,189566.85687317574,0.0099856784547618371,-0.050319786532523891,95028.192249458269,95028.192249458269,0,0.50129117408447699,0,0,0,0,0,0,0,0,94538.664623717472,94538.664623717472,0,0.49870882591552301,0,0,0,0,0,0,0,0
lev_core_relative_leverage_sleeves_v3,2025-12-23,497,2025-11-28,False,False,False,False,False,False,False,189566.85687317574,1808.6406436130055,191375.49751678875,0,0,0,0,191375.49751678875,0.0095409117049560788,-0.041258971467886929,95460.765560385218,95460.765560385218,0,0.49881393803828389,0,0,0,0,0,0,0,0,95914.731956403528,95914.731956403528,0,0.50118606196171611,0,0,0,0,0,0,0,0
lev_core_relative_leverage_sleeves_v3,2025-12-24,498,2025-11-28,False,False,False,False,False,False,False,191375.49751678875,1025.0933548845933,192400.59087167334,0,0,0,0,192400.59087167334,0.0053564503720997525,-0.03612352272885877,95768.053707368817,95768.053707368817,0,0.4977534282690631,0,0,0,0,0,0,0,0,96632.537164304522,96632.537164304522,0,0.5022465717309369,0,0,0,0,0,0,0,0
lev_core_relative_leverage_sleeves_v3,2025-12-26,499,2025-11-28,False,False,False,False,False,False,False,192400.59087167334,-233.22308253144729,192167.36778914189,0,0,0,0,192167.36778914189,-0.001212174460976545,-0.037291909178142846,95747.289568027074,95747.289568027074,0,0.49824947216369753,0,0,0,0,0,0,0,0,96420.078221114803,96420.078221114803,0,0.50175052783630236,0,0,0,0,0,0,0,0
lev_core_relative_leverage_sleeves_v3,2025-12-29,500,2025-11-28,False,False,False,False,False,False,False,192167.36778914189,-1697.1454593816889,190470.2223297602,0,0,0,0,190470.2223297602,-0.0088316006973874206,-0.045794162624425705,95415.602735319524,95415.602735319524,0,0.50094761043606562,0,0,0,0,0,0,0,0,95054.619594440694,95054.619594440694,0,0.49905238956393444,0,0,0,0,0,0,0,0
lev_core_relative_leverage_sleeves_v3,2025-12-30,501,2025-11-28,False,False,False,False,False,False,False,190470.2223297602,-861.82631614262937,189608.39601361757,0,0,0,0,189608.39601361757,-0.0045247299320654299,-0.050111686338150552,95284.300273100132,95284.300273100132,0,0.50253207282158996,0,0,0,0,0,0,0,0,94324.095740517456,94324.095740517456,0,0.49746792717841015,0,0,0,0,0,0,0,0
lev_core_relative_leverage_sleeves_v3,2025-12-31,502,2025-11-28,False,True,False,False,False,False,False,189608.39601361757,-3099.5382156719861,186508.85779794559,0,0,0,0,186508.85779794559,-0.01634705150635507,-0.065639559526865621,94590.362456056493,94590.362456056493,0,0.50716284241325948,0,0,0,0,0,0,0,0,91918.495341889095,91918.495341889095,0,0.49283715758674057,0,0,0,0,0,0,0,0
lev_core_relative_leverage_sleeves_v3,2026-01-02,503,2025-12-31,False,False,True,False,False,False,True,186508.85779794559,-330.86768713052152,186177.99011081507,3402.9452777256374,3.4012446553979534,0.018277913923660735,0,186174.5888661597,-0.0017922415896622912,-0.067314159168016752,94790.467694270352,93087.294433079849,-1703.1732611905027,0.5,0,0,0,0,0,0,0,0,91387.522416544714,93087.294433079849,1699.7720165351348,0.5,0,0,0,0,0,0,0,0
lev_core_relative_leverage_sleeves_v3,2026-01-05,504,2025-12-31,False,False,False,False,False,False,False,186174.5888661597,2722.2567409808107,188896.84560714051,0,0,0,0,188896.84560714051,0.014622063932354656,-0.053676367174569695,93678.848490902426,93678.848490902426,0,0.49592595466486322,0,0,0,0,0,0,0,0,95217.997116238083,95217.997116238083,0,0.50407404533513678,0,0,0,0,0,0,0,0
lev_core_relative_leverage_sleeves_v3,2026-01-06,505,2025-12-31,False,False,False,False,False,False,False,188896.84560714051,3242.3172866052482,192139.16289374576,0,0,0,0,192139.16289374576,0.01716448613095678,-0.03743320830354091,94265.782888931935,94265.782888931935,0,0.4906120203149919,0,0,0,0,0,0,0,0,97873.380004813836,97873.380004813836,0,0.50938797968500815,0,0,0,0,0,0,0,0
lev_core_relative_leverage_sleeves_v3,2026-01-07,506,2025-12-31,False,False,False,False,False,False,False,192139.16289374576,-185.60859985640855,191953.55429388935,0,0,0,0,191953.55429388935,-0.00096601128609608011,-0.038363058687940987,93941.941576642494,93941.941576642494,0,0.48939933372014172,0,0,0,0,0,0,0,0,98011.612717246855,98011.612717246855,0,0.51060066627985834,0,0,0,0,0,0,0,0
lev_core_relative_leverage_sleeves_v3,2026-01-08,507,2025-12-31,False,False,False,False,False,False,False,191953.55429388935,-1703.6022378364287,190249.95205605292,0,0,0,0,190249.95205605292,-0.0088750752446508097,-0.04689765890012132,93949.013574417128,93949.013574417128,0,0.49381885545357268,0,0,0,0,0,0,0,0,96300.938481635807,96300.938481635807,0,0.50618114454642738,0,0,0,0,0,0,0,0
lev_core_relative_leverage_sleeves_v3,2026-01-09,508,2025-12-31,False,False,False,False,False,False,False,190249.95205605292,3472.8936982137966,193722.84575426672,0,0,0,0,193722.84575426672,0.018254373578977745,-0.0294993727066859,94560.241377455197,94560.241377455197,0,0.48812126937987915,0,0,0,0,0,0,0,0,99162.604376811505,99162.604376811505,0,0.51187873062012079,0,0,0,0,0,0,0,0
lev_core_relative_leverage_sleeves_v3,2026-01-12,509,2025-12-31,False,False,False,False,False,False,False,193722.84575426672,370.60746880015358,194093.45322306687,0,0,0,0,194093.45322306687,0.0019130808622864759,-0.027642726529774064,94717.103405308109,94717.103405308109,0,0.48799741481466691,0,0,0,0,0,0,0,0,99376.349817758761,99376.349817758761,0,0.51200258518533315,0,0,0,0,0,0,0,0
lev_core_relative_leverage_sleeves_v3,2026-01-13,510,2025-12-31,False,False,False,False,False,False,False,194093.45322306687,-739.81531400897074,193353.6379090579,0,0,0,0,193353.6379090579,-0.0038116448634603062,-0.031349007136645013,94535.016220254591,94535.016220254591,0,0.48892287335559864,0,0,0,0,0,0,0,0,98818.621688803294,98818.621688803294,0,0.5110771266444013,0,0,0,0,0,0,0,0
lev_core_relative_leverage_sleeves_v3,2026-01-14,511,2025-12-31,False,False,False,False,False,False,False,193353.6379090579,-3688.7762334966974,189664.8616755612,0,0,0,0,189664.8616755612,-0.019077873441572746,-0.049828808187545981,94032.877130057052,94032.877130057052,0,0.49578438673004566,0,0,0,0,0,0,0,0,95631.98454550415,95631.98454550415,0,0.50421561326995434,0,0,0,0,0,0,0,0
lev_core_relative_leverage_sleeves_v3,2026-01-15,512,2025-12-31,False,False,False,False,False,False,False,189664.8616755612,1127.8464459482348,190792.70812150944,0,0,0,0,190792.70812150944,0.0059465229140731601,-0.04417859342314101,94277.491167901579,94277.491167901579,0,0.49413571459900568,0,0,0,0,0,0,0,0,96515.216953607858,96515.216953607858,0,0.50586428540099437,0,0,0,0,0,0,0,0
lev_core_relative_leverage_sleeves_v3,2026-01-16,513,2025-12-31,False,False,False,False,False,False,False,190792.70812150944,-356.25404803320998,190436.45407347623,0,0,0,0,190436.45407347623,-0.0018672309415846966,-0.045963332728130357,94222.577325892082,94222.577325892082,0,0.49477174832050863,0,0,0,0,0,0,0,0,96213.876747584145,96213.876747584145,0,0.50522825167949137,0,0,0,0,0,0,0,0
lev_core_relative_leverage_sleeves_v3,2026-01-20,514,2025-12-31,False,False,False,False,False,False,False,190436.45407347623,-8102.8962269564217,182333.55784651981,0,0,0,0,182333.55784651981,-0.042549081615592788,-0.086556716748149243,92283.296515776907,92283.296515776907,0,0.50612348931103968,0,0,0,0,0,0,0,0,90050.261330742913,90050.261330742913,0,0.49387651068896038,0,0,0,0,0,0,0,0
lev_core_relative_leverage_sleeves_v3,2026-01-21,515,2025-12-31,False,False,False,False,False,False,False,182333.55784651981,4709.5004355693527,187043.05828208916,0,0,0,0,187043.05828208916,0.025829038226378387,-0.062963355267408483,93353.261113970177,93353.261113970177,0,0.49910037812351943,0,0,0,0,0,0,0,0,93689.797168118981,93689.797168118981,0,0.50089962187648063,0,0,0,0,0,0,0,0
lev_core_relative_leverage_sleeves_v3,2026-01-22,516,2025-12-31,False,False,False,False,False,False,False,187043.05828208916,2612.0538998115517,189655.11218190071,0,0,0,0,189655.11218190071,0.013964987120089534,-0.049877650592665801,93866.41651510357,93866.41651510357,0,0.49493217153606206,0,0,0,0,0,0,0,0,95788.695666797154,95788.695666797154,0,0.50506782846393805,0,0,0,0,0,0,0,0
lev_core_relative_leverage_sleeves_v3,2026-01-23,517,2025-12-31,False,False,False,False,False,False,False,189655.11218190071,940.28910946001997,190595.40129136073,0,0,0,0,190595.40129136073,0.004957889606256316,-0.045167048871867399,93904.817130591677,93904.817130591677,0,0.49269193534759315,0,0,0,0,0,0,0,0,96690.584160769067,96690.584160769067,0,0.50730806465240685,0,0,0,0,0,0,0,0
lev_core_relative_leverage_sleeves_v3,2026-01-26,518,2025-12-31,False,False,False,False,False,False,False,190595.40129136073,1662.0470687006309,192257.44836006136,0,0,0,0,192257.44836006136,0.0087202894584004209,-0.036840629153611415,94374.29611979278,94374.29611979278,0,0.49087458990430272,0,0,0,0,0,0,0,0,97883.15224026858,97883.15224026858,0,0.50912541009569723,0,0,0,0,0,0,0,0
lev_core_relative_leverage_sleeves_v3,2026-01-27,519,2025-12-31,False,False,False,False,False,False,False,192257.44836006136,2943.6965197855316,195201.14487984689,0,0,0,0,195201.14487984689,0.015311222243377332,-0.022093481970790974,94759.266043500786,94759.266043500786,0,0.4854442124395757,0,0,0,0,0,0,0,0,100441.87883634611,100441.87883634611,0,0.5145557875604243,0,0,0,0,0,0,0,0
lev_core_relative_leverage_sleeves_v3,2026-01-28,520,2025-12-31,False,False,False,False,False,False,False,195201.14487984689,935.66136322630337,196136.8062430732,0,0,0,0,196136.8062430732,0.0047933190340776477,-0.01740606404437306,94752.173200853344,94752.173200853344,0,0.48309226103858632,0,0,0,0,0,0,0,0,101384.63304221985,101384.63304221985,0,0.51690773896141373,0,0,0,0,0,0,0,0
lev_core_relative_leverage_sleeves_v3,2026-01-29,521,2025-12-31,False,False,False,False,False,False,False,196136.8062430732,-1773.2861650745035,194363.52007799869,0,0,0,0,194363.52007799869,-0.0090410678089499763,-0.026289762448010845,94630.750181652911,94630.750181652911,0,0.48687505836320155,0,0,0,0,0,0,0,0,99732.769896345766,99732.769896345766,0,0.51312494163679834,0,0,0,0,0,0,0,0
lev_core_relative_leverage_sleeves_v3,2026-01-30,522,2025-12-31,False,True,False,False,False,False,False,194363.52007799869,-4285.1403049125511,190078.37977308614,0,0,0,0,190078.37977308614,-0.022047040016526354,-0.047757191019820899,94229.806954502477,94229.806954502477,0,0.49574184642668551,0,0,0,0,0,0,0,0,95848.572818583663,95848.572818583663,0,0.50425815357331449,0,0,0,0,0,0,0,0
lev_core_relative_leverage_sleeves_v3,2026-02-02,523,2026-01-30,False,False,True,False,False,False,True,190078.37977308614,2573.3197807689139,192651.69955385505,3168.6187371957931,3.1702038391153473,0.016447395712229456,0,192648.52935001595,0.013521525067701212,-0.034881416007657262,94741.540408329631,96324.264675007973,1582.7242666783422,0.5,0,0,0,0,0,0,0,0,97910.159145525424,96324.264675007973,-1585.8944705174508,0.5,0,0,0,0,0,0,0,0
lev_core_relative_leverage_sleeves_v3,2026-02-03,524,2026-01-30,False,False,False,False,False,False,False,192648.52935001595,-5323.4202056211361,187325.10914439481,0,0,0,0,187325.10914439481,-0.027632809986050888,-0.061550354453124179,95515.905082999307,95515.905082999307,0,0.5098937644785958,0,0,0,0,0,0,0,0,91809.204061395503,91809.204061395503,0,0.49010623552140414,0,0,0,0,0,0,0,0
lev_core_relative_leverage_sleeves_v3,2026-02-04,525,2026-01-30,False,False,False,False,False,False,False,187325.10914439481,-5373.5427367368247,181951.56640765799,0,0,0,0,181951.56640765799,-0.028685651172341009,-0.08847039362808895,95032.192218705197,95032.192218705197,0,0.52229389444105101,0,0,0,0,0,0,0,0,86919.374188952774,86919.374188952774,0,0.47770610555894893,0,0,0,0,0,0,0,0
lev_core_relative_leverage_sleeves_v3,2026-02-05,526,2026-01-30,False,False,False,False,False,False,False,181951.56640765799,-4774.883873982646,177176.68253367534,0,0,0,0,177176.68253367534,-0.026242609328708033,-0.11239130897965799,93869.706433801752,93869.706433801752,0,0.5298084662803203,0,0,0,0,0,0,0,0,83306.976099873573,83306.976099873573,0,0.47019153371967959,0,0,0,0,0,0,0,0
lev_core_relative_leverage_sleeves_v3,2026-02-06,527,2026-01-30,False,False,False,False,False,False,False,177176.68253367534,7142.2929778787657,184318.9755115541,0,0,0,0,184318.9755115541,0.040311698332658796,-0.076610295189799893,95719.782023460197,95719.782023460197,0,0.51931593997743308,0,0,0,0,0,0,0,0,88599.193488093922,88599.193488093922,0,0.48068406002256697,0,0,0,0,0,0,0,0
lev_core_relative_leverage_sleeves_v3,2026-02-09,528,2026-01-30,False,False,False,False,False,False,False,184318.9755115541,2485.1451545974705,186804.12066615158,0,0,0,0,186804.12066615158,0.013482850301767657,-0.064160370029650471,96177.082881560593,96177.082881560593,0,0.51485525339906291,0,0,0,0,0,0,0,0,90627.037784590968,90627.037784590968,0,0.48514474660093704,0,0,0,0,0,0,0,0
lev_core_relative_leverage_sleeves_v3,2026-02-10,529,2026-01-30,False,False,False,False,False,False,False,186804.12066615158,-1837.5205914772814,184966.60007467429,0,0,0,0,184966.60007467429,-0.0098366170131826136,-0.073365866055427387,95864.859189594848,95864.859189594848,0,0.5182819987548698,0,0,0,0,0,0,0,0,89101.740885079431,89101.740885079431,0,0.48171800124513009,0,0,0,0,0,0,0,0
lev_core_relative_leverage_sleeves_v3,2026-02-11,530,2026-01-30,False,False,False,False,False,False,False,184966.60007467429,756.75390747489291,185723.35398214919,0,0,0,0,185723.35398214919,0.0040913003059437347,-0.069574727539722048,95862.460629206063,95862.460629206063,0,0.51615727679794055,0,0,0,0,0,0,0,0,89860.893352943123,89860.893352943123,0,0.48384272320205951,0,0,0,0,0,0,0,0
lev_core_relative_leverage_sleeves_v3,2026-02-12,531,2026-01-30,False,False,False,False,False,False,False,185723.35398214919,-7013.4139075620042,178709.94007458718,0,0,0,0,178709.94007458718,-0.037762692505736828,-0.10471009100320583,94370.425722889791,94370.425722889791,0,0.52806478298578652,0,0,0,0,0,0,0,0,84339.514351697377,84339.514351697377,0,0.47193521701421343,0,0,0,0,0,0,0,0
lev_core_relative_leverage_sleeves_v3,2026-02-13,532,2026-01-30,False,False,False,False,False,False,False,178709.94007458718,456.21554997572093,179166.1556245629,0,0,0,0,179166.1556245629,0.0025528269428398698,-0.10242457080186607,94430.371725399033,94430.371725399033,0,0.52705474087011683,0,0,0,0,0,0,0,0,84735.783899163871,84735.783899163871,0,0.47294525912988311,0,0,0,0,0,0,0,0
lev_core_relative_leverage_sleeves_v3,2026-02-17,533,2026-01-30,False,False,False,False,False,False,False,179166.1556245629,-228.6773436384683,178937.47828092444,0,0,0,0,178937.47828092444,-0.0012763423027151166,-0.10357018429202935,94539.755830724054,94539.755830724054,0,0.52833960073082376,0,0,0,0,0,0,0,0,84397.722450200381,84397.722450200381,0,0.4716603992691763,0,0,0,0,0,0,0,0
lev_core_relative_leverage_sleeves_v3,2026-02-18,534,2026-01-30,False,False,False,False,False,False,False,178937.47828092444,2525.4580477701384,181462.93632869457,0,0,0,0,181462.93632869457,0.014113633834748063,-0.09091830211457641,95068.658619931201,95068.658619931201,0,0.52390124696168094,0,0,0,0,0,0,0,0,86394.277708763359,86394.277708763359,0,0.476098753038319,0,0,0,0,0,0,0,0
lev_core_relative_leverage_sleeves_v3,2026-02-19,535,2026-01-30,False,False,False,False,False,False,False,181462.93632869457,-1296.7718265006552,180166.16450219392,0,0,0,0,180166.16450219392,-0.0071462076649732031,-0.097414788712092082,94813.51459817373,94813.51459817373,0,0.52625594189756519,0,0,0,0,0,0,0,0,85352.649904020174,85352.649904020174,0,0.47374405810243475,0,0,0,0,0,0,0,0
lev_core_relative_leverage_sleeves_v3,2026-02-20,536,2026-01-30,False,False,False,False,False,False,False,180166.16450219392,2809.8265892237541,182975.99109141767,0,0,0,0,182975.99109141767,0.01559575071705277,-0.08333829475594734,95472.787926488687,95472.787926488687,0,0.52177767890208604,0,0,0,0,0,0,0,0,87503.203164928971,87503.203164928971,0,0.47822232109791385,0,0,0,0,0,0,0,0
lev_core_relative_leverage_sleeves_v3,2026-02-23,537,2026-01-30,False,False,False,False,False,False,False,182975.99109141767,-4200.4388300081482,178775.55226140952,0,0,0,0,178775.55226140952,-0.022956229420883711,-0.10438139116286826,94485.331254390403,94485.331254390403,0,0.5285137148743464,0,0,0,0,0,0,0,0,84290.221007019136,84290.221007019136,0,0.47148628512565371,0,0,0,0,0,0,0,0
lev_core_relative_leverage_sleeves_v3,2026-02-24,538,2026-01-30,False,False,False,False,False,False,False,178775.55226140952,3445.5745375780389,182221.12679898756,0,0,0,0,182221.12679898756,0.019273186372484874,-0.087119966796084691,95212.605071786966,95212.605071786966,0,0.52251133962538954,0,0,0,0,0,0,0,0,87008.521727200612,87008.521727200612,0,0.47748866037461052,0,0,0,0,0,0,0,0
lev_core_relative_leverage_sleeves_v3,2026-02-25,539,2026-01-30,False,False,False,False,False,False,False,182221.12679898756,4431.1897349022329,186652.3165338898,0,0,0,0,186652.3165338898,0.024317650827559545,-0.064920868901180873,95988.570939432102,95988.570939432102,0,0.51426402158798712,0,0,0,0,0,0,0,0,90663.745594457709,90663.745594457709,0,0.48573597841201299,0,0,0,0,0,0,0,0
lev_core_relative_leverage_sleeves_v3,2026-02-26,540,2026-01-30,False,False,False,False,False,False,False,186652.3165338898,-3705.9022530359798,182946.41428085382,0,0,0,0,182946.41428085382,-0.019854574118629342,-0.083486466816365956,95474.849752048103,95474.849752048103,0,0.52187330441731417,0,0,0,0,0,0,0,0,87471.564528805713,87471.564528805713,0,0.47812669558268578,0,0,0,0,0,0,0,0
lev_core_relative_leverage_sleeves_v3,2026-02-27,541,2026-01-30,False,True,False,False,False,False,False,182946.41428085382,-1225.7454914101691,181720.66878944365,0,0,0,0,181720.66878944365,-0.0067000246833395227,-0.08962713011131096,95069.786009802105,95069.786009802105,0,0.52316440745635651,0,0,0,0,0,0,0,0,86650.882779641543,86650.882779641543,0,0.47683559254364349,0,0,0,0,0,0,0,0
lev_core_relative_leverage_sleeves_v3,2026-03-02,542,2026-02-27,False,False,True,False,False,False,True,181720.66878944365,359.00181105794036,182079.67060050159,8150.3762915914267,8.1463031400214163,0.044762692423109943,0,182071.52429736158,0.0019307407916513419,-0.087869436075804219,95115.023446046514,91035.762148680791,-4079.2612973657233,0.5,0,0,0,0,0,0,0,0,86964.647154455088,91035.762148680791,4071.1149942257034,0.5,0,0,0,0,0,0,0,0
lev_core_relative_leverage_sleeves_v3,2026-03-03,543,2026-02-27,False,False,False,False,False,False,False,182071.52429736158,-3845.8184766651248,178225.70582069646,0,0,0,0,178225.70582069646,-0.021122569778589284,-0.1071359775594769,90181.151128005629,90181.151128005629,0,0.50599407483189973,0,0,0,0,0,0,0,0,88044.554692690828,88044.554692690828,0,0.49400592516810027,0,0,0,0,0,0,0,0
lev_core_relative_leverage_sleeves_v3,2026-03-04,544,2026-02-27,False,False,False,False,False,False,False,178225.70582069646,4670.278160552698,182895.98398124916,0,0,0,0,182895.98398124916,0.026204290447592538,-0.083739109385239763,90880.352992608357,90880.352992608357,0,0.49689638347622539,0,0,0,0,0,0,0,0,92015.630988640813,92015.630988640813,0,0.50310361652377467,0,0,0,0,0,0,0,0
lev_core_relative_leverage_sleeves_v3,2026-03-05,545,2026-02-27,False,False,False,False,False,False,False,182895.98398124916,-1322.257219585299,181573.72676166386,0,0,0,0,181573.72676166386,-0.0072295585217490022,-0.090363271115128985,90371.267971861947,90371.267971861947,0,0.4977111478825596,0,0,0,0,0,0,0,0,91202.458789801909,91202.458789801909,0,0.50228885211744045,0,0,0,0,0,0,0,0
lev_core_relative_leverage_sleeves_v3,2026-03-06,546,2026-02-27,False,False,False,False,False,False,False,181573.72676166386,-5346.4472611673991,176227.27950049646,0,0,0,0,176227.27950049646,-0.029445048887415393,-0.11714756906693269,89185.649385176454,89185.649385176454,0,0.5060831083471683,0,0,0,0,0,0,0,0,87041.630115319989,87041.630115319989,0,0.49391689165283165,0,0,0,0,0,0,0,0
lev_core_relative_leverage_sleeves_v3,2026-03-09,547,2026-02-27,False,False,False,False,False,False,False,176227.27950049646,4166.9445442209253,180394.22404471738,0,0,0,0,180394.22404471738,0.023645286677703048,-0.096272270243413338,89933.025510877764,89933.025510877764,0,0.49853605894047104,0,0,0,0,0,0,0,0,90461.198533839633,90461.198533839633,0,0.50146394105952907,0,0,0,0,0,0,0,0
lev_core_relative_leverage_sleeves_v3,2026-03-10,548,2026-02-27,False,False,False,False,False,False,False,180394.22404471738,-322.75242423411692,180071.47162048327,0,0,0,0,180071.47162048327,-0.0017891505448317524,-0.097889175203486944,89750.986277666845,89750.986277666845,0,0.4984186860360928,0,0,0,0,0,0,0,0,90320.485342816435,90320.485342816435,0,0.50158131396390726,0,0,0,0,0,0,0,0
lev_core_relative_leverage_sleeves_v3,2026-03-11,549,2026-02-27,False,False,False,False,False,False,False,180071.47162048327,2.2280497059691697,180073.69967018923,0,0,0,0,180073.69967018923,1.2373140986232656e-05,-0.097878013259066421,89678.923617937922,89678.923617937922,0,0.49801233485060703,0,0,0,0,0,0,0,0,90394.776052251298,90394.776052251298,0,0.50198766514939286,0,0,0,0,0,0,0,0
lev_core_relative_leverage_sleeves_v3,2026-03-12,550,2026-02-27,False,False,False,False,False,False,False,180073.69967018923,-6066.1364808212093,174007.56318936803,0,0,0,0,174007.56318936803,-0.033686965347696662,-0.12826776536580364,88320.000191826592,88320.000191826592,0,0.5075641459084751,0,0,0,0,0,0,0,0,85687.562997541434,85687.562997541434,0,0.4924358540915249,0,0,0,0,0,0,0,0
lev_core_relative_leverage_sleeves_v3,2026-03-13,551,2026-02-27,False,False,False,False,False,False,False,174007.56318936803,-2166.6323365857534,171840.93085278227,0,0,0,0,171840.93085278227,-0.012451368761643211,-0.13912202488064529,87797.095546998229,87797.095546998229,0,0.51092073996162657,0,0,0,0,0,0,0,0,84043.835305784043,84043.835305784043,0,0.48907926003837338,0,0,0,0,0,0,0,0
lev_core_relative_leverage_sleeves_v3,2026-03-16,552,2026-02-27,False,False,False,False,False,False,False,171840.93085278227,3716.9396543244948,175557.87050710677,0,0,0,0,175557.87050710677,0.021630118248770591,-0.12050113248105143,88693.001045269761,88693.001045269761,0,0.5052066352199196,0,0,0,0,0,0,0,0,86864.869461836992,86864.869461836992,0,0.49479336478008035,0,0,0,0,0,0,0,0
lev_core_relative_leverage_sleeves_v3,2026-03-17,553,2026-02-27,False,False,False,False,False,False,False,175557.87050710677,1521.9692806055536,177079.83978771232,0,0,0,0,177079.83978771232,0.008669330951721399,-0.11287646572686549,88916.712731194435,88916.712731194435,0,0.50212781329478262,0,0,0,0,0,0,0,0,88163.1270565179,88163.1270565179,0,0.49787218670521743,0,0,0,0,0,0,0,0
lev_core_relative_leverage_sleeves_v3,2026-03-18,554,2026-02-27,False,False,False,False,False,False,False,177079.83978771232,-5027.6201336015365,172052.21965411078,0,0,0,0,172052.21965411078,-0.028391826758081384,-0.1380635234249652,87710.12361832957,87710.12361832957,0,0.50978780625242537,0,0,0,0,0,0,0,0,84342.0960357812,84342.0960357812,0,0.49021219374757452,0,0,0,0,0,0,0,0
lev_core_relative_leverage_sleeves_v3,2026-03-19,555,2026-02-27,False,False,False,False,False,False,False,172052.21965411078,-981.51431756981765,171070.70533654097,0,0,0,0,171070.70533654097,-0.0057047466143884673,-0.1429806526215246,87474.62708983857,87474.62708983857,0,0.51133609882389286,0,0,0,0,0,0,0,0,83596.078246702396,83596.078246702396,0,0.48866390117610714,0,0,0,0,0,0,0,0
lev_core_relative_leverage_sleeves_v3,2026-03-20,556,2026-02-27,False,False,False,False,False,False,False,171070.70533654097,-6085.8798370272561,164984.82549951371,0,0,0,0,164984.82549951371,-0.03557523086758041,-0.17346931376249697,86155.612453520589,86155.612453520589,0,0.52220325228500808,0,0,0,0,0,0,0,0,78829.213045993107,78829.213045993107,0,0.47779674771499187,0,0,0,0,0,0,0,0
lev_core_relative_leverage_sleeves_v3,2026-03-23,557,2026-02-27,False,False,False,False,False,False,False,164984.82549951371,3863.0759864401189,168847.90148595383,0,0,0,0,168847.90148595383,0.02341473511120884,-0.15411631668296022,87147.151240055508,87147.151240055508,0,0.51612812758176407,0,0,0,0,0,0,0,0,81700.750245898307,81700.750245898307,0,0.48387187241823587,0,0,0,0,0,0,0,0
lev_core_relative_leverage_sleeves_v3,2026-03-24,558,2026-02-27,False,False,False,False,False,False,False,168847.90148595383,-2236.8494247278431,166611.05206122599,0,0,0,0,166611.05206122599,-0.013247718242526796,-0.16532234538549506,86821.73223591072,86821.73223591072,0,0.52110427946884097,0,0,0,0,0,0,0,0,79789.319825315266,79789.319825315266,0,0.47889572053115903,0,0,0,0,0,0,0,0
lev_core_relative_leverage_sleeves_v3,2026-03-25,559,2026-02-27,False,False,False,False,False,False,False,166611.05206122599,2048.8745998980594,168659.92666112405,0,0,0,0,168659.92666112405,0.012297351073355722,-0.15505802123361534,87295.102168942278,87295.102168942278,0,0.51758057706462712,0,0,0,0,0,0,0,0,81364.824492181768,81364.824492181768,0,0.48241942293537282,0,0,0,0,0,0,0,0
lev_core_relative_leverage_sleeves_v3,2026-03-26,560,2026-02-27,False,False,False,False,False,False,False,168659.92666112405,-7354.4828771606553,161305.44378396339,0,0,0,0,161305.44378396339,-0.043605395915637279,-0.19190205074346545,85776.349421382562,85776.349421382562,0,0.53176351280656686,0,0,0,0,0,0,0,0,75529.094362580829,75529.094362580829,0,0.46823648719343319,0,0,0,0,0,0,0,0
lev_core_relative_leverage_sleeves_v3,2026-03-27,561,2026-02-27,False,False,False,False,False,False,False,161305.44378396339,-5855.0857660588808,155450.35801790451,0,0,0,0,155450.35801790451,-0.036298128746979019,-0.22123449414574881,84344.476209822256,84344.476209822256,0,0.54258142139568188,0,0,0,0,0,0,0,0,71105.881808082253,71105.881808082253,0,0.45741857860431817,0,0,0,0,0,0,0,0
lev_core_relative_leverage_sleeves_v3,2026-03-30,562,2026-02-27,False,False,False,False,False,False,False,155450.35801790451,-2010.6983719888376,153439.65964591567,0,0,0,0,153439.65964591567,-0.012934665430344272,-0.23130756541266639,84012.230666792486,84012.230666792486,0,0.54752617974168427,0,0,0,0,0,0,0,0,69427.4289791232,69427.4289791232,0,0.45247382025831578,0,0,0,0,0,0,0,0
lev_core_relative_leverage_sleeves_v3,2026-03-31,563,2026-02-27,False,True,False,False,False,False,False,153439.65964591567,9572.7421053266153,163012.40175124229,0,0,0,0,163012.40175124229,0.062387665140923199,-0.18335063920727079,86466.302065676777,86466.302065676777,0,0.5304277535743861,0,0,0,0,0,0,0,0,76546.09968556551,76546.09968556551,0,0.46957224642561385,0,0,0,0,0,0,0,0
lev_core_relative_leverage_sleeves_v3,2026-04-01,564,2026-03-31,False,False,True,False,False,False,True,163012.40175124229,3320.7279109268857,166333.12966216917,7844.8822248433135,7.8409617439713326,0.04716367834102958,0,166325.28870042521,0.020322913554996935,-0.16675394484313666,87089.005943506243,83162.644350212606,-3926.3615932936373,0.5,0,0,0,0,0,0,0,0,79244.12371866293,83162.644350212606,3918.5206315496762,0.5,0,0,0,0,0,0,0,0
lev_core_relative_leverage_sleeves_v3,2026-04-02,565,2026-03-31,False,False,False,False,False,False,False,166325.28870042521,294.77553092411836,166620.06423134933,0,0,0,0,166620.06423134933,0.0017722832963484869,-0.16527719677783381,83261.040690295558,83261.040690295558,0,0.49970596923242638,0,0,0,0,0,0,0,0,83359.023541053772,83359.023541053772,0,0.50029403076757362,0,0,0,0,0,0,0,0
lev_core_relative_leverage_sleeves_v3,2026-04-06,566,2026-03-31,False,False,False,False,False,False,False,166620.06423134933,1876.6409193059371,168496.70515065527,0,0,0,0,168496.70515065527,0.011262994813759253,-0.15587571817421597,83635.505820698949,83635.505820698949,0,0.4963628561515151,0,0,0,0,0,0,0,0,84861.199329956318,84861.199329956318,0,0.5036371438484849,0,0,0,0,0,0,0,0
lev_core_relative_leverage_sleeves_v3,2026-04-07,567,2026-03-31,False,False,False,False,False,False,False,168496.70515065527,151.51072076923447,168648.2158714245,0,0,0,0,168648.2158714245,0.00089919099981083939,-0.1551166892172765,83699.50181881123,83699.50181881123,0,0.49629639653361518,0,0,0,0,0,0,0,0,84948.714052613272,84948.714052613272,0,0.50370360346638476,0,0,0,0,0,0,0,0
lev_core_relative_leverage_sleeves_v3,2026-04-08,568,2026-03-31,False,False,False,False,False,False,False,168648.2158714245,9452.9390445305035,178101.154915955,0,0,0,0,178101.154915955,0.056051224708699721,-0.10775994491196395,85797.549699213108,85797.549699213108,0,0.48173494293004737,0,0,0,0,0,0,0,0,92303.605216741897,92303.605216741897,0,0.51826505706995263,0,0,0,0,0,0,0,0
lev_core_relative_leverage_sleeves_v3,2026-04-09,569,2026-03-31,False,False,False,False,False,False,False,178101.154915955,2500.5569554717222,180601.71187142673,0,0,0,0,180601.71187142673,0.014040093994065916,-0.095232810673257284,86332.006665675653,86332.006665675653,0,0.47802429872390578,0,0,0,0,0,0,0,0,94269.705205751088,94269.705205751088,0,0.52197570127609427,0,0,0,0,0,0,0,0
lev_core_relative_leverage_sleeves_v3,2026-04-10,570,2026-03-31,False,False,False,False,False,False,False,180601.71187142673,220.20314698136644,180821.91501840809,0,0,0,0,180821.91501840809,0.0012192749708714867,-0.094129650684845467,86241.772972287115,86241.772972287115,0,0.47694314576586305,0,0,0,0,0,0,0,0,94580.142046120964,94580.142046120964,0,0.52305685423413684,0,0,0,0,0,0,0,0
lev_core_relative_leverage_sleeves_v3,2026-04-13,571,2026-03-31,False,False,False,False,False,False,False,180821.91501840809,3863.1250735565263,184685.04009196462,0,0,0,0,184685.04009196462,0.021364252630347691,-0.074776407691735214,87118.434092669544,87118.434092669544,0,0.47171354024824419,0,0,0,0,0,0,0,0,97566.605999295076,97566.605999295076,0,0.52828645975175581,0,0,0,0,0,0,0,0
lev_core_relative_leverage_sleeves_v3,2026-04-14,572,2026-03-31,False,False,False,False,False,False,False,184685.04009196462,6283.9776639996853,190969.01775596431,0,0,0,0,190969.01775596431,0.034025374555895604,-0.043295328415495216,88146.527555958484,88146.527555958484,0,0.46157501667940326,0,0,0,0,0,0,0,0,102822.49020000584,102822.49020000584,0,0.53842498332059685,0,0,0,0,0,0,0,0
lev_core_relative_leverage_sleeves_v3,2026-04-15,573,2026-03-31,False,False,False,False,False,False,False,190969.01775596431,5005.2557129038323,195974.27346886814,0,0,0,0,195974.27346886814,0.026209778799302086,-0.018220310597006351,88855.868256680697,88855.868256680697,0,0.45340577966625839,0,0,0,0,0,0,0,0,107118.40521218744,107118.40521218744,0,0.54659422033374161,0,0,0,0,0,0,0,0
lev_core_relative_leverage_sleeves_v3,2026-04-16,574,2026-03-31,False,False,False,False,False,False,False,195974.27346886814,1773.4775572298968,197747.75102609803,0,0,0,0,197747.75102609803,0.0090495427070003132,-0.0093356533688884191,89088.124994899597,89088.124994899597,0,0.45051397314319935,0,0,0,0,0,0,0,0,108659.62603119845,108659.62603119845,0,0.5494860268568007,0,0,0,0,0,0,0,0
lev_core_relative_leverage_sleeves_v3,2026-04-17,575,2026-03-31,False,False,False,False,False,False,False,197747.75102609803,5195.7212712059263,202943.47229730396,0,0,0,0,202943.47229730396,0.026274489819710922,0,90159.69091839125,90159.69091839125,0,0.44426011784360797,0,0,0,0,0,0,0,0,112783.78137891272,112783.78137891272,0,0.55573988215639214,0,0,0,0,0,0,0,0
lev_core_relative_leverage_sleeves_v3,2026-04-20,576,2026-03-31,False,False,False,False,False,False,False,202943.47229730396,-1287.1268472724769,201656.34545003148,0,0,0,0,201656.34545003148,-0.0063422924260746472,-0.0063422924260746472,89947.744949475411,89947.744949475411,0,0.44604470416609632,0,0,0,0,0,0,0,0,111708.60050055607,111708.60050055607,0,0.55395529583390368,0,0,0,0,0,0,0,0
lev_core_relative_leverage_sleeves_v3,2026-04-21,577,2026-03-31,False,False,False,False,False,False,False,201656.34545003148,-1997.2896951433795,199659.0557548881,0,0,0,0,199659.0557548881,-0.0099044227479481162,-0.016183898428643761,89377.04140366496,89377.04140366496,0,0.44764832261547349,0,0,0,0,0,0,0,0,110282.01435122316,110282.01435122316,0,0.55235167738452662,0,0,0,0,0,0,0,0
lev_core_relative_leverage_sleeves_v3,2026-04-22,578,2026-03-31,False,False,False,False,False,False,False,199659.0557548881,6616.9770081114257,206276.03276299953,0,0,0,0,206276.03276299953,0.033141381857654251,0,90312.678020918087,90312.678020918087,0,0.43782438905387844,0,0,0,0,0,0,0,0,115963.35474208146,115963.35474208146,0,0.56217561094612156,0,0,0,0,0,0,0,0
lev_core_relative_leverage_sleeves_v3,2026-04-23,579,2026-03-31,False,False,False,False,False,False,False,206276.03276299953,-2400.2316649657441,203875.80109803379,0,0,0,0,203875.80109803379,-0.011636018168545426,-0.011636018168545426,89940.479840995671,89940.479840995671,0,0.441153287229747,0,0,0,0,0,0,0,0,113935.32125703813,113935.32125703813,0,0.55884671277025311,0,0,0,0,0,0,0,0
lev_core_relative_leverage_sleeves_v3,2026-04-24,580,2026-03-31,False,False,False,False,False,False,False,203875.80109803379,7267.4974878513021,211143.29858588509,0,0,0,0,211143.29858588509,0.035646690037316908,0,90660.337353709896,90660.337353709896,0,0.42937823724882612,0,0,0,0,0,0,0,0,120482.96123217518,120482.96123217518,0,0.57062176275117382,0,0,0,0,0,0,0,0
lev_core_relative_leverage_sleeves_v3,2026-04-27,581,2026-03-31,False,False,False,False,False,False,False,211143.29858588509,105.43791533625335,211248.73650122134,0,0,0,0,211248.73650122134,0.00049936661993266185,0,90772.314830739211,90772.314830739211,0,0.42969400117673323,0,0,0,0,0,0,0,0,120476.42167048213,120476.42167048213,0,0.57030599882326682,0,0,0,0,0,0,0,0
lev_core_relative_leverage_sleeves_v3,2026-04-28,582,2026-03-31,False,False,False,False,False,False,False,211248.73650122134,-4128.5619567273243,207120.17454449402,0,0,0,0,207120.17454449402,-0.019543605444018675,-0.019543605444018675,90328.603547993291,90328.603547993291,0,0.43611687633349644,0,0,0,0,0,0,0,0,116791.57099650071,116791.57099650071,0,0.56388312366650351,0,0,0,0,0,0,0,0
lev_core_relative_leverage_sleeves_v3,2026-04-29,583,2026-03-31,False,False,False,False,False,False,False,207120.17454449402,1977.7220780321513,209097.89662252617,0,0,0,0,209097.89662252617,0.00954866942528243,-0.010181551446499348,90292.525304667011,90292.525304667011,0,0.43181938586243901,0,0,0,0,0,0,0,0,118805.37131785917,118805.37131785917,0,0.56818061413756105,0,0,0,0,0,0,0,0
lev_core_relative_leverage_sleeves_v3,2026-04-30,584,2026-03-31,False,True,False,False,False,False,False,209097.89662252617,4371.2437364781508,213469.14035900432,0,0,0,0,213469.14035900432,0.020905249680102322,0,91219.728109507661,91219.728109507661,0,0.42732044526950252,0,0,0,0,0,0,0,0,122249.41224949667,122249.41224949667,0,0.57267955473049748,0,0,0,0,0,0,0,0
lev_core_relative_leverage_sleeves_v3,2026-05-01,585,2026-04-30,False,False,True,False,False,False,True,213469.14035900432,3623.2804391648096,217092.42079816913,34115.993997889076,34.133060528153159,0.1571496318132945,0,217058.28773764096,0.016813424987801806,0,91488.213400140026,108529.14386882048,17040.930468680453,0.5,0,0,0,0,0,0,0,0,125604.2073980291,108529.14386882048,-17075.063529208623,0.5,0,0,0,0,0,0,0,0
lev_core_relative_leverage_sleeves_v3,2026-05-04,586,2026-04-30,False,False,False,False,False,False,False,217058.28773764096,-1156.9993435551587,215901.2883940858,0,0,0,0,215901.2883940858,-0.0053303624368106206,-0.0053303624368106206,108094.75033561097,108094.75033561097,0,0.50066746307833532,0,0,0,0,0,0,0,0,107806.53805847483,107806.53805847483,0,0.49933253692166474,0,0,0,0,0,0,0,0
lev_core_relative_leverage_sleeves_v3,2026-05-05,587,2026-04-30,False,False,False,False,False,False,False,215901.2883940858,5117.6324904417852,221018.92088452759,0,0,0,0,221018.92088452759,0.023703575502062479,0,108974.6354576067,108974.6354576067,0,0.49305568510372477,0,0,0,0,0,0,0,0,112044.28542692089,112044.28542692089,0,0.50694431489627523,0,0,0,0,0,0,0,0
lev_core_relative_leverage_sleeves_v3,2026-05-06,588,2026-04-30,False,False,False,False,False,False,False,221018.92088452759,8577.0061081347521,229595.92699266234,0,0,0,0,229595.92699266234,0.038806659962908219,0,110562.57423633126,110562.57423633126,0,0.48155285542092707,0,0,0,0,0,0,0,0,119033.35275633108,119033.35275633108,0,0.51844714457907293,0,0,0,0,0,0,0,0
lev_core_relative_leverage_sleeves_v3,2026-05-07,589,2026-04-30,False,False,False,False,False,False,False,229595.92699266234,-891.11713056496228,228704.80986209738,0,0,0,0,228704.80986209738,-0.0038812410230318894,-0.0038812410230318894,110143.278148906,110143.278148906,0,0.48159580996708956,0,0,0,0,0,0,0,0,118561.53171319139,118561.53171319139,0,0.51840419003291049,0,0,0,0,0,0,0,0
lev_core_relative_leverage_sleeves_v3,2026-05-08,590,2026-04-30,False,False,False,False,False,False,False,228704.80986209738,9214.1479406582075,237918.95780275558,0,0,0,0,237918.95780275558,0.040288387228122113,0,111086.18216704993,111086.18216704993,0,0.46690765289559172,0,0,0,0,0,0,0,0,126832.77563570565,126832.77563570565,0,0.53309234710440834,0,0,0,0,0,0,0,0
lev_core_relative_leverage_sleeves_v3,2026-05-11,591,2026-04-30,False,False,False,False,False,False,False,237918.95780275558,1323.4166879491822,239242.37449070477,0,0,0,0,239242.37449070477,0.0055624684143342762,0,111303.91889726465,111303.91889726465,0,0.4652349699095179,0,0,0,0,0,0,0,0,127938.45559344011,127938.45559344011,0,0.53476503009048204,0,0,0,0,0,0,0,0
lev_core_relative_leverage_sleeves_v3,2026-05-12,592,2026-04-30,False,False,False,False,False,False,False,239242.37449070477,-3553.0570216734486,235689.31746903132,0,0,0,0,235689.31746903132,-0.014851286396221131,-0.014851286396221131,111131.88593393334,111131.88593393334,0,0.47151855301433276,0,0,0,0,0,0,0,0,124557.43153509796,124557.43153509796,0,0.52848144698566724,0,0,0,0,0,0,0,0
lev_core_relative_leverage_sleeves_v3,2026-05-13,593,2026-04-30,False,False,False,False,False,False,False,235689.31746903132,4517.9022603101912,240207.21972934151,0,0,0,0,240207.21972934151,0.019168888555603836,0,111785.14341186605,111785.14341186605,0,0.46536962351848665,0,0,0,0,0,0,0,0,128422.07631747545,128422.07631747545,0,0.53463037648151335,0,0,0,0,0,0,0,0
lev_core_relative_leverage_sleeves_v3,2026-05-14,594,2026-04-30,False,False,False,False,False,False,False,240207.21972934151,3620.1537086943863,243827.37343803589,0,0,0,0,243827.37343803589,0.015070961284067375,0,112642.17747870061,112642.17747870061,0,0.4619751092357417,0,0,0,0,0,0,0,0,131185.19595933528,131185.19595933528,0,0.5380248907642583,0,0,0,0,0,0,0,0
lev_core_relative_leverage_sleeves_v3,2026-05-15,595,2026-04-30,False,False,False,False,False,False,False,243827.37343803589,-7466.1466684942716,236361.22676954162,0,0,0,0,236361.22676954162,-0.030620625417152603,-0.030620625417152603,111271.31385993873,111271.31385993873,0,0.47076805016091394,0,0,0,0,0,0,0,0,125089.91290960288,125089.91290960288,0,0.52923194983908595,0,0,0,0,0,0,0,0
lev_core_relative_leverage_sleeves_v3,2026-05-18,596,2026-04-30,False,False,False,False,False,False,False,236361.22676954162,-1789.8273290919897,234571.39944044963,0,0,0,0,234571.39944044963,-0.007572423588904087,-0.037961176659840778,111196.09649987526,111196.09649987526,0,0.47403944711556567,0,0,0,0,0,0,0,0,123375.30294057437,123375.30294057437,0,0.52596055288443433,0,0,0,0,0,0,0,0
lev_core_relative_leverage_sleeves_v3,2026-05-19,597,2026-04-30,False,False,False,False,False,False,False,234571.39944044963,-2998.240632889705,231573.15880755993,0,0,0,0,231573.15880755993,-0.01278178260453644,-0.05025774775689873,110461.56647938618,110461.56647938618,0,0.47700505122522019,0,0,0,0,0,0,0,0,121111.59232817375,121111.59232817375,0,0.52299494877477981,0,0,0,0,0,0,0,0
lev_core_relative_leverage_sleeves_v3,2026-05-20,598,2026-04-30,False,False,False,False,False,False,False,231573.15880755993,7188.9628682803304,238762.12167584026,0,0,0,0,238762.12167584026,0.031044024727643116,-0.020773925793376447,111654.46333307122,111654.46333307122,0,0.46763893095514092,0,0,0,0,0,0,0,0,127107.65834276903,127107.65834276903,0,0.53236106904485903,0,0,0,0,0,0,0,0
lev_core_relative_leverage_sleeves_v3,2026-05-21,599,2026-04-30,False,False,False,False,False,False,False,238762.12167584026,991.74066447085352,239753.86234031111,0,0,0,0,239753.86234031111,0.0041536767118248719,-0.016706537253332598,111858.94923130308,111858.94923130308,0,0.4665574441196213,0,0,0,0,0,0,0,0,127894.91310900805,127894.91310900805,0,0.53344255588037881,0,0,0,0,0,0,0,0
lev_core_relative_leverage_sleeves_v3,2026-05-22,600,2026-04-30,False,False,False,False,False,False,False,239753.86234031111,1915.3325034308364,241669.19484374195,0,0,0,0,241669.19484374195,0.0079887451436013723,-0.0088512563780801523,112280.37565626176,112280.37565626176,0,0.46460359057702749,0,0,0,0,0,0,0,0,129388.81918748019,129388.81918748019,0,0.53539640942297251,0,0,0,0,0,0,0,0
lev_core_relative_leverage_sleeves_v3,2026-05-26,601,2026-04-30,False,False,False,False,False,False,False,241669.19484374195,7483.5032542626141,249152.69809800456,0,0,0,0,249152.69809800456,0.030965896415144245,0,112971.91610987912,112971.91610987912,0,0.45342441391279442,0,0,0,0,0,0,0,0,136180.78198812544,136180.78198812544,0,0.54657558608720558,0,0,0,0,0,0,0,0
lev_core_relative_leverage_sleeves_v3,2026-05-27,602,2026-04-30,False,False,False,False,False,False,False,249152.69809800456,-386.06981384090614,248766.62828416366,0,0,0,0,248766.62828416366,-0.0015495309374055077,-0.0015495309374055077,112991.35645639777,112991.35645639777,0,0.45420624637533319,0,0,0,0,0,0,0,0,135775.27182776589,135775.27182776589,0,0.54579375362466676,0,0,0,0,0,0,0,0
lev_core_relative_leverage_sleeves_v3,2026-05-28,603,2026-04-30,False,False,False,False,False,False,False,248766.62828416366,4012.6773827995639,252779.30566696322,0,0,0,0,252779.30566696322,0.016130288095620005,0,113640.79239854311,113640.79239854311,0,0.44956525257753843,0,0,0,0,0,0,0,0,139138.51326842009,139138.51326842009,0,0.55043474742246157,0,0,0,0,0,0,0,0
lev_core_relative_leverage_sleeves_v3,2026-05-29,604,2026-04-30,False,True,False,False,False,False,False,252779.30566696322,1666.1286502114672,254445.43431717469,0,0,0,0,254445.43431717469,0.0065912383366009131,0,113893.286038911,113893.286038911,0,0.44761379328559392,0,0,0,0,0,0,0,0,140552.14827826369,140552.14827826369,0,0.55238620671440608,0,0,0,0,0,0,0,0
lev_core_relative_leverage_sleeves_v3,2026-06-01,605,2026-05-29,False,False,True,False,False,False,True,254445.43431717469,2767.6782357638585,257213.11255293855,28812.481900542596,28.826895348216713,0.11201793568985535,0,257184.28565759031,0.010764002693801844,0,114200.31532619798,128592.14282879516,14391.827502597182,0.5,0,0,0,0,0,0,0,0,143012.79722674057,128592.14282879516,-14420.654397945415,0.5,0,0,0,0,0,0,0,0
lev_core_relative_leverage_sleeves_v3,2026-06-02,606,2026-05-29,False,False,False,False,False,False,False,257184.28565759031,1992.120175792923,259176.40583338324,0,0,0,0,259176.40583338324,0.007745886070368968,0,128761.45857586137,128761.45857586137,0,0.49681010955386989,0,0,0,0,0,0,0,0,130414.94725752187,130414.94725752187,0,0.50318989044613016,0,0,0,0,0,0,0,0
lev_core_relative_leverage_sleeves_v3,2026-06-03,607,2026-05-29,False,False,False,False,False,False,False,259176.40583338324,-2116.4627311508521,257059.94310223238,0,0,0,0,257059.94310223238,-0.0081661088105043911,-0.0081661088105043911,127815.66725761798,127815.66725761798,0,0.4972212539811614,0,0,0,0,0,0,0,0,129244.2758446144,129244.2758446144,0,0.50277874601883865,0,0,0,0,0,0,0,0
lev_core_relative_leverage_sleeves_v3,2026-06-04,608,2026-05-29,False,False,False,False,False,False,False,257059.94310223238,-1486.6801188361424,255573.26298339624,0,0,0,0,255573.26298339624,-0.0057833986147148853,-0.013902279562836961,128354.72388544682,128354.72388544682,0,0.50222281621761666,0,0,0,0,0,0,0,0,127218.53909794941,127218.53909794941,0,0.49777718378238328,0,0,0,0,0,0,0,0
lev_core_relative_leverage_sleeves_v3,2026-06-05,609,2026-05-29,False,False,False,False,False,False,False,255573.26298339624,-21628.902458429104,233944.36052496714,0,0,0,0,233944.36052496714,-0.084628971770940975,-0.097354715709102924,124984.20095768821,124984.20095768821,0,0.53424754790936535,0,0,0,0,0,0,0,0,108960.15956727894,108960.15956727894,0,0.46575245209063476,0,0,0,0,0,0,0,0
lev_core_relative_leverage_sleeves_v3,2026-06-08,610,2026-05-29,False,False,False,False,False,False,False,233944.36052496714,5485.9507155152387,239430.31124048238,0,0,0,0,239430.31124048238,0.023449809618000028,-0.07618785563989583,125360.23222408796,125360.23222408796,0,0.52357711759467618,0,0,0,0,0,0,0,0,114070.07901639442,114070.07901639442,0,0.47642288240532382,0,0,0,0,0,0,0,0
lev_core_relative_leverage_sleeves_v3,2026-06-09,611,2026-05-29,False,False,False,False,False,False,False,239430.31124048238,-4185.862658769096,235244.44858171328,0,0,0,0,235244.44858171328,-0.017482592897625437,-0.092338487273625924,125042.18781656776,125042.18781656776,0,0.53154150319145055,0,0,0,0,0,0,0,0,110202.26076514552,110202.26076514552,0,0.46845849680854951,0,0,0,0,0,0,0,0
lev_core_relative_leverage_sleeves_v3,2026-06-10,612,2026-05-29,False,False,False,False,False,False,False,235244.44858171328,-8600.2344995102612,226644.21408220302,0,0,0,0,226644.21408220302,-0.036558713930811115,-0.12552142486339668,123024.10339675307,123024.10339675307,0,0.54280716538447649,0,0,0,0,0,0,0,0,103620.11068544995,103620.11068544995,0,0.45719283461552351,0,0,0,0,0,0,0,0
lev_core_relative_leverage_sleeves_v3,2026-06-11,613,2026-05-29,False,False,False,False,False,False,False,226644.21408220302,12338.059962151252,238982.27404435427,0,0,0,0,238982.27404435427,0.054438009865437342,-0.077916551562996705,125175.20009391812,125175.20009391812,0,0.52378445470263635,0,0,0,0,0,0,0,0,113807.07395043614,113807.07395043614,0,0.47621554529736354,0,0,0,0,0,0,0,0
lev_core_relative_leverage_sleeves_v3,2026-06-12,614,2026-05-29,False,False,False,False,False,False,False,238982.27404435427,2751.859900691139,241734.13394504541,0,0,0,0,241734.13394504541,0.011514912190434767,-0.067298841621991401,125809.27147485889,125809.27147485889,0,0.52044479371481611,0,0,0,0,0,0,0,0,115924.86247018653,115924.86247018653,0,0.47955520628518394,0,0,0,0,0,0,0,0
lev_core_relative_leverage_sleeves_v3,2026-06-15,615,2026-05-29,False,False,False,False,False,False,False,241734.13394504541,12747.04535356324,254481.17929860865,0,0,0,0,254481.17929860865,0.052731673204501117,-0.018115948940942594,127912.68113072656,127912.68113072656,0,0.50264102627657825,0,0,0,0,0,0,0,0,126568.49816788209,126568.49816788209,0,0.4973589737234218,0,0,0,0,0,0,0,0
lev_core_relative_leverage_sleeves_v3,2026-06-16,616,2026-05-29,False,False,False,False,False,False,False,254481.17929860865,-7904.9440834115667,246576.23521519708,0,0,0,0,246576.23521519708,-0.031062981180765004,-0.048616194740683349,127191.0629113004,127191.0629113004,0,0.51582855420067386,0,0,0,0,0,0,0,0,119385.17230389667,119385.17230389667,0,0.48417144579932608,0,0,0,0,0,0,0,0
lev_core_relative_leverage_sleeves_v3,2026-06-17,617,2026-05-29,False,False,False,False,False,False,False,246576.23521519708,-5127.2365483754838,241448.9986668216,0,0,0,0,241448.9986668216,-0.020793717382783239,-0.068399000709802427,125651.00625402061,125651.00625402061,0,0.52040392359385168,0,0,0,0,0,0,0,0,115797.99241280099,115797.99241280099,0,0.47959607640614837,0,0,0,0,0,0,0,0
lev_core_relative_leverage_sleeves_v3,2026-06-18,618,2026-05-29,False,False,False,False,False,False,False,241448.9986668216,9831.7633245927282,251280.76199141433,0,0,0,0,251280.76199141433,0.040719834743070171,-0.030464361972226683,127010.56945673582,127010.56945673582,0,0.50545281879189563,0,0,0,0,0,0,0,0,124270.19253467851,124270.19253467851,0,0.49454718120810431,0,0,0,0,0,0,0,0
lev_core_relative_leverage_sleeves_v3,2026-06-22,619,2026-05-29,False,False,False,False,False,False,False,251280.76199141433,-1216.5220265511889,250064.23996486314,0,0,0,0,250064.23996486314,-0.0048412859659855423,-0.03515816125013338,126546.74999679363,126546.74999679363,0,0.50605696366091724,0,0,0,0,0,0,0,0,123517.48996806951,123517.48996806951,0,0.49394303633908276,0,0,0,0,0,0,0,0
lev_core_relative_leverage_sleeves_v3,2026-06-23,620,2026-05-29,False,False,False,False,False,False,False,250064.23996486314,-14049.079826278175,236015.16013858496,0,0,0,0,236015.16013858496,-0.056181882816400464,-0.089364792371138702,124730.5438662032,124730.5438662032,0,0.52848530489720691,0,0,0,0,0,0,0,0,111284.61627238177,111284.61627238177,0,0.47151469510279309,0,0,0,0,0,0,0,0
lev_core_relative_leverage_sleeves_v3,2026-06-24,621,2026-05-29,False,False,False,False,False,False,False,236015.16013858496,-1603.5176770183316,234411.64246156663,0,0,0,0,234411.64246156663,-0.0067941299875684535,-0.095551766343025535,124608.32900019354,124608.32900019354,0,0.53157909603668219,0,0,0,0,0,0,0,0,109803.31346137309,109803.31346137309,0,0.46842090396331781,0,0,0,0,0,0,0,0
lev_core_relative_leverage_sleeves_v3,2026-06-25,622,2026-05-29,False,False,False,False,False,False,False,234411.64246156663,2430.6242227894545,236842.26668435609,0,0,0,0,236842.26668435609,0.010369042242379223,-0.086173504402191181,124601.22287388847,124601.22287388847,0,0.52609369357179281,0,0,0,0,0,0,0,0,112241.0438104676,112241.0438104676,0,0.47390630642820708,0,0,0,0,0,0,0,0
lev_core_relative_leverage_sleeves_v3,2026-06-26,623,2026-05-29,False,False,False,False,False,False,False,236842.26668435609,-3853.9538553249149,232988.31282903117,0,0,0,0,232988.31282903117,-0.016272238520927296,-0.10104350710530186,124544.73614855391,124544.73614855391,0,0.53455357754337629,0,0,0,0,0,0,0,0,108443.57668047726,108443.57668047726,0,0.46544642245662377,0,0,0,0,0,0,0,0
lev_core_relative_leverage_sleeves_v3,2026-06-29,624,2026-05-29,False,False,False,False,False,False,False,232988.31282903117,8769.1147204652952,241757.42754949647,0,0,0,0,241757.42754949647,0.037637573378627609,-0.067208966139783999,126008.14900867606,126008.14900867606,0,0.52121728083360597,0,0,0,0,0,0,0,0,115749.27854082039,115749.27854082039,0,0.47878271916639392,0,0,0,0,0,0,0,0
lev_core_relative_leverage_sleeves_v3,2026-06-30,625,2026-05-29,False,True,False,False,False,False,False,241757.42754949647,6824.5066980234988,248581.93424751997,0,0,0,0,248581.93424751997,0.028228736412353905,-0.040877453917136819,127017.90118244782,127017.90118244782,0,0.51096996073726164,0,0,0,0,0,0,0,0,121564.03306507214,121564.03306507214,0,0.48903003926273841,0,0,0,0,0,0,0,0
lev_core_relative_leverage_sleeves_v3,2026-07-01,626,2026-06-30,False,False,True,False,False,False,True,248581.93424751997,-5887.0230364910385,242694.91121102893,10803.321598756913,10.797922637438198,0.04451400132309808,0,242684.1132883915,-0.023725863172566086,-0.063633464211221957,126749.11640489292,121342.05664419575,-5407.0597606971714,0.5,0,0,0,0,0,0,0,0,115945.79480613601,121342.05664419575,5396.2618380597414,0.5,0,0,0,0,0,0,0,0
lev_core_relative_leverage_sleeves_v3,2026-07-02,627,2026-06-30,False,False,False,False,False,False,False,242684.1132883915,-6014.5748188868747,236669.53846950462,0,0,0,0,236669.53846950462,-0.024783553968114491,-0.086839954784879603,121345.77119388271,121345.77119388271,0,0.51272238911100243,0,0,0,0,0,0,0,0,115323.7672756219,115323.7672756219,0,0.48727761088899751,0,0,0,0,0,0,0,0
lev_core_relative_leverage_sleeves_v3,2026-07-06,628,2026-06-30,False,False,False,False,False,False,False,236669.53846950462,5227.330203758087,241896.86867326271,0,0,0,0,241896.86867326271,0.022087042707575222,-0.066670949867361884,122236.32142027607,122236.32142027607,0,0.50532411639186736,0,0,0,0,0,0,0,0,119660.54725298664,119660.54725298664,0,0.49467588360813258,0,0,0,0,0,0,0,0
lev_core_relative_leverage_sleeves_v3,2026-07-07,629,2026-06-30,False,False,False,False,False,False,False,241896.86867326271,-6933.3333305420529,234963.53534272066,0,0,0,0,234963.53534272066,-0.028662352549536751,-0.093422356146987795,121692.47296855149,121692.47296855149,0,0.51792067561057664,0,0,0,0,0,0,0,0,113271.06237416917,113271.06237416917,0,0.48207932438942336,0,0,0,0,0,0,0,0
lev_core_relative_leverage_sleeves_v3,2026-07-08,630,2026-06-30,False,False,False,False,False,False,False,234963.53534272066,549.79220745505881,235513.32755017572,0,0,0,0,235513.32755017572,0.0023399043883687298,-0.091301051139739187,121349.8597537866,121349.8597537866,0,0.515256868968204,0,0,0,0,0,0,0,0,114163.46779638913,114163.46779638913,0,0.48474313103179606,0,0,0,0,0,0,0,0
lev_core_relative_leverage_sleeves_v3,2026-07-09,631,2026-06-30,False,False,False,False,False,False,False,235513.32755017572,6515.4961332483799,242028.8236834241,0,0,0,0,242028.8236834241,0.027665084609108881,-0.066161817835311831,122341.47134925009,122341.47134925009,0,0.505483063906776,0,0,0,0,0,0,0,0,119687.35233417399,119687.35233417399,0,0.49451693609322389,0,0,0,0,0,0,0,0
lev_core_relative_leverage_sleeves_v3,2026-07-10,632,2026-06-30,False,False,False,False,False,False,False,242028.8236834241,1614.6034637478879,243643.42714717198,0,0,0,0,243643.42714717198,0.0066711205681013741,-0.059932070730994491,122868.03932456857,122868.03932456857,0,0.50429449611357891,0,0,0,0,0,0,0,0,120775.38782260343,120775.38782260343,0,0.49570550388642115,0,0,0,0,0,0,0,0
lev_core_relative_leverage_sleeves_v3,2026-07-13,633,2026-06-30,False,False,False,False,False,False,False,243643.42714717198,-7823.017173988279,235820.40997318371,0,0,0,0,235820.40997318371,-0.032108467959050757,-0.090116211717259476,121894.4257908229,121894.4257908229,0,0.51689514832360828,0,0,0,0,0,0,0,0,113925.9841823608,113925.9841823608,0,0.48310485167639172,0,0,0,0,0,0,0,0
lev_core_relative_leverage_sleeves_v3,2026-07-14,634,2026-06-30,False,False,False,False,False,False,False,235820.40997318371,4180.3861968625279,240000.79617004623,0,0,0,0,240000.79617004623,0.017726990625357208,-0.073986710332206829,122352.04079985793,122352.04079985793,0,0.50979847880658125,0,0,0,0,0,0,0,0,117648.7553701883,117648.7553701883,0,0.49020152119341881,0,0,0,0,0,0,0,0
lev_core_relative_leverage_sleeves_v3,2026-07-15,635,2026-06-30,False,False,False,False,False,False,False,240000.79617004623,-562.23721857267083,239438.55895147356,0,0,0,0,239438.55895147356,-0.0023426473059460218,-0.07615603287051731,122827.3640045549,122827.3640045549,0,0.51298071848756832,0,0,0,0,0,0,0,0,116611.19494691867,116611.19494691867,0,0.48701928151243168,0,0,0,0,0,0,0,0
lev_core_relative_leverage_sleeves_v3,2026-07-16,636,2026-06-30,False,False,False,False,False,False,False,239438.55895147356,-6306.0383609251585,233132.5205905484,0,0,0,0,233132.5205905484,-0.026336770437225931,-0.10048709935262268,122200.86775813416,122200.86775813416,0,0.52416911827053092,0,0,0,0,0,0,0,0,110931.65283241424,110931.65283241424,0,0.47583088172946902,0,0,0,0,0,0,0,0
lev_core_relative_leverage_sleeves_v3,2026-07-17,637,2026-06-30,False,False,False,False,False,False,False,233132.5205905484,-6295.3761064743157,226837.14448407409,0,0,0,0,226837.14448407409,-0.027003423162617946,-0.12477702684903769,120967.73312455136,120967.73312455136,0,0.53328009131698595,0,0,0,0,0,0,0,0,105869.41135952271,105869.41135952271,0,0.466719908683014,0,0,0,0,0,0,0,0
lev_core_relative_leverage_sleeves_v3,2026-07-20,638,2026-06-30,False,False,False,False,False,False,False,226837.14448407409,-143.54690932948142,226693.59757474461,0,0,0,0,226693.59757474461,-0.00063281923979408017,-0.12533088478555743,120738.127796673,120738.127796673,0,0.53260493056873237,0,0,0,0,0,0,0,0,105955.46977807159,105955.46977807159,0,0.46739506943126763,0,0,0,0,0,0,0,0
lev_core_relative_leverage_sleeves_v3,2026-07-21,639,2026-06-30,False,False,False,False,False,False,False,226693.59757474461,7152.6242187962926,233846.2217935409,0,0,0,0,233846.2217935409,0.031551946306899836,-0.097733371826007831,121807.09586996486,121807.09586996486,0,0.52088545598785174,0,0,0,0,0,0,0,0,112039.12592357604,112039.12592357604,0,0.47911454401214826,0,0,0,0,0,0,0,0
lev_core_relative_leverage_sleeves_v3,2026-07-22,640,2026-06-30,False,False,False,False,False,False,False,233846.2217935409,-1994.5653124360542,231851.65648110484,0,0,0,0,231851.65648110484,-0.0085293886603693414,-0.10542915457298474,121642.33004700251,121642.33004700251,0,0.52465585923866787,0,0,0,0,0,0,0,0,110209.32643410233,110209.32643410233,0,0.47534414076133213,0,0,0,0,0,0,0,0
lev_core_relative_leverage_sleeves_v3,2026-07-23,641,2026-06-30,False,False,False,False,False,False,False,231851.65648110484,-7702.647140975052,224149.00934012979,0,0,0,0,224149.00934012979,-0.033222307995900757,-0.13514886272391446,120174.76424701136,120174.76424701136,0,0.53613783349207189,0,0,0,0,0,0,0,0,103974.24509311844,103974.24509311844,0,0.46386216650792822,0,0,0,0,0,0,0,0
lev_core_relative_leverage_sleeves_v3,2026-07-24,642,2026-06-30,False,False,False,False,False,False,False,224149.00934012979,-3593.9934525586141,220555.01588757118,0,0,0,0,220555.01588757118,-0.01603394752062004,-0.14901584047214778,120244.28864491869,120244.28864491869,0,0.54518954448178913,0,0,0,0,0,0,0,0,100310.72724265249,100310.72724265249,0,0.45481045551821087,0,0,0,0,0,0,0,0
lev_core_relative_leverage_sleeves_v3,2026-07-27,643,2026-06-30,False,False,False,False,False,False,False,220555.01588757118,-969.22169379107072,219585.79419378011,0,0,0,0,219585.79419378011,-0.0043944667950110983,-0.15275546210427327,120264.19012242714,120264.19012242714,0,0.5476865685413892,0,0,0,0,0,0,0,0,99321.60407135298,99321.60407135298,0,0.4523134314586108,0,0,0,0,0,0,0,0
lev_core_relative_leverage_sleeves_v3,2026-07-28,644,2026-06-30,False,False,False,False,False,False,False,219585.79419378011,-2686.3941737090936,216899.40002007101,0,0,0,0,216899.40002007101,-0.012233916058059791,-0.16312058066153923,120518.04687170761,120518.04687170761,0,0.55564029619517319,0,0,0,0,0,0,0,0,96381.353148363385,96381.353148363385,0,0.44435970380482676,0,0,0,0,0,0,0,0
lev_core_relative_leverage_sleeves_v3,2026-07-29,645,2026-06-30,False,False,False,False,False,False,False,216899.40002007101,-7797.9039525488624,209101.49606752215,0,0,0,0,209101.49606752215,-0.035951708265800963,-0.19320782539924852,118691.71933923069,118691.71933923069,0,0.56762730813223483,0,0,0,0,0,0,0,0,90409.776728291457,90409.776728291457,0,0.43237269186776511,0,0,0,0,0,0,0,0
lev_core_relative_leverage_sleeves_v3,2026-07-30,646,2026-06-30,False,False,False,False,False,False,False,209101.49606752215,11044.412150280725,220145.90821780288,0,0,0,0,220145.90821780288,0.052818427213520813,-0.15059433164866054,120661.43584613608,120661.43584613608,0,0.5480975632159325,0,0,0,0,0,0,0,0,99484.472371666794,99484.472371666794,0,0.4519024367840675,0,0,0,0,0,0,0,0
lev_core_relative_leverage_sleeves_v3,2026-07-31,647,2026-06-30,False,True,False,False,False,False,False,220145.90821780288,2565.8513626100903,222711.75958041297,0,0,0,0,222711.75958041297,0.011655230766640212,-0.14069431256953346,121513.32956136287,121513.32956136287,0,0.54560805316384253,0,0,0,0,0,0,0,0,101198.43001905009,101198.43001905009,0,0.45439194683615747,0,0,0,0,0,0,0,0
lev_core_relative_leverage_sleeves_v3,2026-08-03,648,2026-07-31,False,False,True,False,False,False,True,222711.75958041297,7156.7103195425007,229868.46989995547,16762.431285494269,16.75405425836508,0.07292183783530512,0,229851.71584569709,0.032059179446723984,-0.11314567733660952,123315.45059272487,114925.85792284855,-8389.5926698763215,0.5,0,0,0,0,0,0,0,0,106553.0193072306,114925.85792284855,8372.8386156179477,0.5,0,0,0,0,0,0,0,0
lev_core_relative_leverage_sleeves_v3,2026-08-04,649,2026-07-31,False,False,False,False,False,False,False,229851.71584569709,13486.634548630274,243338.35039432737,0,0,0,0,243338.35039432737,0.058675370331731758,-0.061109171524037831,116981.16165103692,116981.16165103692,0,0.48073458812172482,0,0,0,0,0,0,0,0,126357.18874329045,126357.18874329045,0,0.51926541187827524,0,0,0,0,0,0,0,0
lev_core_relative_leverage_sleeves_v3,2026-08-05,650,2026-07-31,False,False,False,False,False,False,False,243338.35039432737,-3363.6265219196212,239974.72387240775,0,0,0,0,239974.72387240775,-0.013822837692738954,-0.074087307057262297,116785.44682500884,116785.44682500884,0,0.48665728181899082,0,0,0,0,0,0,0,0,123189.27704739889,123189.27704739889,0,0.51334271818100907,0,0,0,0,0,0,0,0
lev_core_relative_leverage_sleeves_v3,2026-08-06,651,2026-07-31,False,False,False,False,False,False,False,239974.72387240775,-1677.2206950708642,238297.50317733688,0,0,0,0,238297.50317733688,-0.0069891556410859312,-0.080558654978296063,116580.00236480674,116580.00236480674,0,0.48922041066477279,0,0,0,0,0,0,0,0,121717.50081253012,121717.50081253012,0,0.51077958933522716,0,0,0,0,0,0,0,0
lev_core_relative_leverage_sleeves_v3,2026-08-07,652,2026-07-31,False,False,False,False,False,False,False,238297.50317733688,4962.8621235573664,243260.36530089425,0,0,0,0,243260.36530089425,0.02082632867480827,-0.061410067329666362,117305.06192351799,117305.06192351799,0,0.48222019965488711,0,0,0,0,0,0,0,0,125955.30337737626,125955.30337737626,0,0.51777980034511295,0,0,0,0,0,0,0,0
lev_core_relative_leverage_sleeves_v3,2026-08-10,653,2026-07-31,False,False,False,False,False,False,False,243260.36530089425,-1343.79849898885,241916.5668019054,0,0,0,0,241916.5668019054,-0.0055241160939911715,-0.066594947082388667,117247.73618399109,117247.73618399109,0,0.48466187220654461,0,0,0,0,0,0,0,0,124668.83061791431,124668.83061791431,0,0.51533812779345534,0,0,0,0,0,0,0,0
lev_core_relative_leverage_sleeves_v3,2026-08-11,654,2026-07-31,False,False,False,False,False,False,False,241916.5668019054,-1630.2489546388388,240286.31784726656,0,0,0,0,240286.31784726656,-0.0067388892633127861,-0.072885060371816968,116874.37229885421,116874.37229885421,0,0.48639628484025127,0,0,0,0,0,0,0,0,123411.94554841236,123411.94554841236,0,0.51360371515974879,0,0,0,0,0,0,0,0
lev_core_relative_leverage_sleeves_v3,2026-08-12,655,2026-07-31,False,False,False,False,False,False,False,240286.31784726656,3004.1254553271865,243290.44330259375,0,0,0,0,243290.44330259375,0.012502274296103399,-0.061294015092570153,117184.32724267835,117184.32724267835,0,0.48166432537150561,0,0,0,0,0,0,0,0,126106.1160599154,126106.1160599154,0,0.51833567462849439,0,0,0,0,0,0,0,0
lev_core_relative_leverage_sleeves_v3,2026-08-13,656,2026-07-31,False,False,False,False,False,False,False,243290.44330259375,5078.11994398362,248368.56324657737,0,0,0,0,248368.56324657737,0.020872665095470699,-0.04170071944648357,117949.06920803223,117949.06920803223,0,0.47489532357174286,0,0,0,0,0,0,0,0,130419.49403854513,130419.49403854513,0,0.5251046764282572,0,0,0,0,0,0,0,0
lev_core_relative_leverage_sleeves_v3,2026-08-14,657,2026-07-31,False,False,False,False,False,False,False,248368.56324657737,-776.50714971826528,247592.0560968591,0,0,0,0,247592.0560968591,-0.0031264308959558784,-0.044696775924778276,117762.96327740203,117762.96327740203,0,0.47563304386200761,0,0,0,0,0,0,0,0,129829.09281945706,129829.09281945706,0,0.52436695613799233,0,0,0,0,0,0,0,0
lev_core_relative_leverage_sleeves_v3,2026-08-17,658,2026-07-31,False,False,False,False,False,False,False,247592.0560968591,-1289.889956110128,246302.16614074897,0,0,0,0,246302.16614074897,-0.0052097388601414218,-0.049673656254461407,117162.55103361756,117162.55103361756,0,0.47568623885615857,0,0,0,0,0,0,0,0,129139.61510713141,129139.61510713141,0,0.52431376114384143,0,0,0,0,0,0,0,0
lev_core_relative_leverage_sleeves_v3,2026-08-18,659,2026-07-31,False,False,False,False,False,False,False,246302.16614074897,-7351.1979177474568,238950.96822300152,0,0,0,0,238950.96822300152,-0.029846257679872035,-0.078037341189861387,116359.19344028107,116359.19344028107,0,0.48695845137437821,0,0,0,0,0,0,0,0,122591.77478272043,122591.77478272043,0,0.51304154862562179,0,0,0,0,0,0,0,0
lev_core_relative_leverage_sleeves_v3,2026-08-19,660,2026-07-31,False,False,False,False,False,False,False,238950.96822300152,-593.83726672834018,238357.13095627318,0,0,0,0,238357.13095627318,-0.0024851846014456447,-0.080328588592644357,116613.76204909226,116613.76204909226,0,0.48923966143259695,0,0,0,0,0,0,0,0,121743.36890718093,121743.36890718093,0,0.5107603385674031,0,0,0,0,0,0,0,0
lev_core_relative_leverage_sleeves_v3,2026-08-20,661,2026-07-31,False,False,False,False,False,False,False,238357.13095627318,-3622.0834372578538,234735.04751901532,0,0,0,0,234735.04751901532,-0.015196035556923726,-0.09430394806107667,115617.54382765823,115617.54382765823,0,0.49254487154625826,0,0,0,0,0,0,0,0,119117.50369135708,119117.50369135708,0,0.50745512845374174,0,0,0,0,0,0,0,0
lev_core_relative_leverage_sleeves_v3,2026-08-21,662,2026-07-31,False,False,False,False,False,False,False,234735.04751901532,1611.7172481956368,236346.76476721096,0,0,0,0,236346.76476721096,0.0068661125180511373,-0.088085337061309388,116124.54126900352,116124.54126900352,0,0.49133120727664725,0,0,0,0,0,0,0,0,120222.22349820744,120222.22349820744,0,0.50866879272335275,0,0,0,0,0,0,0,0
lev_core_relative_leverage_sleeves_v3,2026-08-24,663,2026-07-31,False,False,False,False,False,False,False,236346.76476721096,-3868.2262766881322,232478.53849052283,0,0,0,0,232478.53849052283,-0.01636674096426971,-0.10301040813114626,115801.42746706879,115801.42746706879,0,0.4981166357073839,0,0,0,0,0,0,0,0,116677.11102345405,116677.11102345405,0,0.50188336429261615,0,0,0,0,0,0,0,0
lev_core_relative_leverage_sleeves_v3,2026-08-25,664,2026-07-31,False,False,False,False,False,False,False,232478.53849052283,2576.9023163611419,235055.44080688397,0,0,0,0,235055.44080688397,0.011084474003892675,-0.093067750318313713,116176.66750537579,116176.66750537579,0,0.49425219474423404,0,0,0,0,0,0,0,0,118878.77330150818,118878.77330150818,0,0.5057478052557659,0,0,0,0,0,0,0,0
lev_core_relative_leverage_sleeves_v3,2026-08-26,665,2026-07-31,False,False,False,False,False,False,False,235055.44080688397,129.07624025834957,235184.51704714232,0,0,0,0,235184.51704714232,0.00054913104676601598,-0.092569725662700164,116153.07126544035,116153.07126544035,0,0.49388060372255571,0,0,0,0,0,0,0,0,119031.44578170197,119031.44578170197,0,0.50611939627744429,0,0,0,0,0,0,0,0
lev_core_relative_leverage_sleeves_v3,2026-08-27,666,2026-07-31,False,False,False,False,False,False,False,235184.51704714232,5888.671134837321,241073.18818197964,0,0,0,0,241073.18818197964,0.025038515327337363,-0.069849018830215659,116988.16495510515,116988.16495510515,0,0.4852806976891762,0,0,0,0,0,0,0,0,124085.0232268745,124085.0232268745,0,0.51471930231082386,0,0,0,0,0,0,0,0
lev_core_relative_leverage_sleeves_v3,2026-08-28,667,2026-07-31,False,False,False,False,False,False,False,241073.18818197964,-2979.1687150303624,238094.01946694928,0,0,0,0,238094.01946694928,-0.012357942986100379,-0.081343771623977212,116700.46159135285,116700.46159135285,0,0.49014444736001644,0,0,0,0,0,0,0,0,121393.55787559641,121393.55787559641,0,0.5098555526399835,0,0,0,0,0,0,0,0
lev_core_relative_leverage_sleeves_v3,2026-08-31,668,2026-07-31,False,True,False,False,False,False,False,238094.01946694928,-131.21858381049242,237962.80088313879,0,0,0,0,237962.80088313879,-0.00055112087277231492,-0.081850062246337507,116318.67754170943,116318.67754170943,0,0.48881033972546156,0,0,0,0,0,0,0,0,121644.12334142934,121644.12334142934,0,0.51118966027453838,0,0,0,0,0,0,0,0
lev_core_relative_leverage_sleeves_v3,2026-09-01,669,2026-08-31,False,False,True,False,False,False,True,237962.80088313879,-5550.9234578315809,232411.8774253072,1406.2796001741954,1.4069830917200599,0.0060508077975754363,0,232410.47044221548,-0.023332766383305503,-0.10327304024879014,115502.7989125665,116205.23522110774,702.4363085412333,0.5,0,0,0,0,0,0,0,0,116909.0785127407,116205.23522110774,-703.84329163296206,0.5,0,0,0,0,0,0,0,0
lev_core_relative_leverage_sleeves_v3,2026-09-02,670,2026-08-31,False,False,False,False,False,False,False,232410.47044221548,1293.2092401848931,233703.67968240037,0,0,0,0,233703.67968240037,0.0055643329567909294,-0.098283352873403618,116740.68616037274,116740.68616037274,0,0.4995243819824382,0,0,0,0,0,0,0,0,116962.99352202764,116962.99352202764,0,0.50047561801756191,0,0,0,0,0,0,0,0
lev_core_relative_leverage_sleeves_v3,2026-09-03,671,2026-08-31,False,False,False,False,False,False,False,233703.67968240037,5315.5143317372131,239019.19401413758,0,0,0,0,239019.19401413758,0.022744675389625435,-0.077774100441087679,117981.54807159463,117981.54807159463,0,0.49360700322927298,0,0,0,0,0,0,0,0,121037.64594254295,121037.64594254295,0,0.50639299677072702,0,0,0,0,0,0,0,0
lev_core_relative_leverage_sleeves_v3,2026-09-04,672,2026-08-31,False,False,False,False,False,False,False,239019.19401413758,258.46087149562663,239277.65488563321,0,0,0,0,239277.65488563321,0.0010813393985436015,-0.076776861241537264,117555.85856760906,117555.85856760906,0,0.49129476224512841,0,0,0,0,0,0,0,0,121721.79631802416,121721.79631802416,0,0.50870523775487164,0,0,0,0,0,0,0,0
lev_core_relative_leverage_sleeves_v3,2026-09-08,673,2026-08-31,False,False,False,False,False,False,False,239277.65488563321,-1169.4506760703516,238108.20420956286,0,0,0,0,238108.20420956286,-0.0048874211703107129,-0.081289041554826191,116873.76630197732,116873.76630197732,0,0.49084308829239182,0,0,0,0,0,0,0,0,121234.43790758555,121234.43790758555,0,0.50915691170760824,0,0,0,0,0,0,0,0
lev_core_relative_leverage_sleeves_v3,2026-09-09,674,2026-08-31,False,False,False,False,False,False,False,238108.20420956286,-1654.7858642094652,236453.41834535339,0,0,0,0,236453.41834535339,-0.0069497221639329698,-0.087673827464980647,116312.84798726605,116312.84798726605,0,0.49190596947676457,0,0,0,0,0,0,0,0,120140.57035808734,120140.57035808734,0,0.50809403052323543,0,0,0,0,0,0,0,0
lev_core_relative_leverage_sleeves_v3,2026-09-10,675,2026-08-31,False,False,False,False,False,False,False,236453.41834535339,-4564.7633860922651,231888.65495926113,0,0,0,0,231888.65495926113,-0.019305127487838525,-0.10528640053626093,115646.44772080975,115646.44772080975,0,0.49871541900627636,0,0,0,0,0,0,0,0,116242.20723845137,116242.20723845137,0,0.50128458099372364,0,0,0,0,0,0,0,0
lev_core_relative_leverage_sleeves_v3,2026-09-11,676,2026-08-31,False,False,False,False,False,False,False,231888.65495926113,4084.5321211241826,235973.18708038531,0,0,0,0,235973.18708038531,0.017614195579519709,-0.089526740207650612,116643.31222986894,116643.31222986894,0,0.49430748329103119,0,0,0,0,0,0,0,0,119329.87485051637,119329.87485051637,0,0.50569251670896875,0,0,0,0,0,0,0,0
lev_core_relative_leverage_sleeves_v3,2026-09-14,677,2026-08-31,False,False,False,False,False,False,False,235973.18708038531,-3537.2336053046747,232435.95347508063,0,0,0,0,232435.95347508063,-0.014989981061279245,-0.10317471712873905,116085.01489471417,116085.01489471417,0,0.4994279635278524,0,0,0,0,0,0,0,0,116350.93858036646,116350.93858036646,0,0.50057203647214754,0,0,0,0,0,0,0,0
lev_core_relative_leverage_sleeves_v3,2026-09-15,678,2026-08-31,False,False,False,False,False,False,False,232435.95347508063,-2790.6815906540432,229645.27188442659,0,0,0,0,229645.27188442659,-0.012006238918426337,-0.11394221574297669,115583.40534150298,115583.40534150298,0,0.50331280236273512,0,0,0,0,0,0,0,0,114061.86654292363,114061.86654292363,0,0.49668719763726493,0,0,0,0,0,0,0,0
lev_core_relative_leverage_sleeves_v3,2026-09-16,679,2026-08-31,False,False,False,False,False,False,False,229645.27188442659,-458.13793964360957,229187.13394478298,0,0,0,0,229187.13394478298,-0.0019949809368344784,-0.11570988413150329,115071.65797671108,115071.65797671108,0,0.50208602898465837,0,0,0,0,0,0,0,0,114115.4759680719,114115.4759680719,0,0.49791397101534168,0,0,0,0,0,0,0,0
lev_core_relative_leverage_sleeves_v3,2026-09-17,680,2026-08-31,False,False,False,False,False,False,False,229187.13394478298,7208.5198353475716,236395.65378013055,0,0,0,0,236395.65378013055,0.031452550198931783,-0.087896704871730291,116381.1243902601,116381.1243902601,0,0.49231499196049144,0,0,0,0,0,0,0,0,120014.52938987047,120014.52938987047,0,0.50768500803950856,0,0,0,0,0,0,0,0
lev_core_relative_leverage_sleeves_v3,2026-09-18,681,2026-08-31,False,False,False,False,False,False,False,236395.65378013055,2491.1785852536268,238886.83236538418,0,0,0,0,238886.83236538418,0.010538174223670982,-0.078284801437684126,116574.49209760786,116574.49209760786,0,0.48799044695483201,0,0,0,0,0,0,0,0,122312.34026777632,122312.34026777632,0,0.51200955304516793,0,0,0,0,0,0,0,0
lev_core_relative_leverage_sleeves_v3,2026-09-21,682,2026-08-31,False,False,False,False,False,False,False,238886.83236538418,12115.20102898535,251002.03339436953,0,0,0,0,251002.03339436953,0.050715231597423527,-0.031539801675731116,118323.91584581269,118323.91584581269,0,0.47140620434697617,0,0,0,0,0,0,0,0,132678.11754855682,132678.11754855682,0,0.52859379565302378,0,0,0,0,0,0,0,0
lev_core_relative_leverage_sleeves_v3,2026-09-22,683,2026-08-31,False,False,False,False,False,False,False,251002.03339436953,3219.6657724901743,254221.6991668597,0,0,0,0,254221.6991668597,0.012827249759493009,-0.019117120829697631,118323.31890767373,118323.31890767373,0,0.46543359318046107,0,0,0,0,0,0,0,0,135898.38025918597,135898.38025918597,0,0.53456640681953893,0,0,0,0,0,0,0,0
lev_core_relative_leverage_sleeves_v3,2026-09-23,684,2026-08-31,False,False,False,False,False,False,False,254221.6991668597,-4399.2446296607086,249822.454537199,0,0,0,0,249822.454537199,-0.017304756612350536,-0.036091060318961365,117431.01801112459,117431.01801112459,0,0.47005789863312269,0,0,0,0,0,0,0,0,132391.43652607442,132391.43652607442,0,0.52994210136687736,0,0,0,0,0,0,0,0
lev_core_relative_leverage_sleeves_v3,2026-09-24,685,2026-08-31,False,False,False,False,False,False,False,249822.454537199,46.463142890424933,249868.91768008942,0,0,0,0,249868.91768008942,0.0001859846544878252,-0.035911788047856996,117404.40072002853,117404.40072002853,0,0.46986396631510197,0,0,0,0,0,0,0,0,132464.51696006089,132464.51696006089,0,0.53013603368489803,0,0,0,0,0,0,0,0
lev_core_relative_leverage_sleeves_v3,2026-09-25,686,2026-08-31,False,False,False,False,False,False,False,249868.91768008942,2165.2534984980593,252034.17117858748,0,0,0,0,252034.17117858748,0.0086655575995662204,-0.027557426116122996,118003.64491881644,118003.64491881644,0,0.46820494366694787,0,0,0,0,0,0,0,0,134030.52625977102,134030.52625977102,0,0.53179505633305213,0,0,0,0,0,0,0,0
lev_core_relative_leverage_sleeves_v3,2026-09-28,687,2026-08-31,False,False,False,False,False,False,False,252034.17117858748,-5293.2880328375031,246740.88314574998,0,0,0,0,246740.88314574998,-0.021002263336294846,-0.047980921132256493,117094.00420849006,117094.00420849006,0,0.4745626371910267,0,0,0,0,0,0,0,0,129646.8789372599,129646.8789372599,0,0.52543736280897324,0,0,0,0,0,0,0,0
lev_core_relative_leverage_sleeves_v3,2026-09-29,688,2026-08-31,False,False,False,False,False,False,False,246740.88314574998,557.79390957823489,247298.67705532821,0,0,0,0,247298.67705532821,0.002260646482523665,-0.045828742550318657,116898.09299704654,116898.09299704654,0,0.47270003377694125,0,0,0,0,0,0,0,0,130400.58405828166,130400.58405828166,0,0.52729996622305864,0,0,0,0,0,0,0,0
lev_core_relative_leverage_sleeves_v3,2026-09-30,689,2026-08-31,False,True,False,False,False,False,False,247298.67705532821,591.47297826042632,247890.15003358864,0,0,0,0,247890.15003358864,0.0023917353109337292,-0.043546617461198256,116614.62142463021,116614.62142463021,0,0.47042862093886811,0,0,0,0,0,0,0,0,131275.52860895841,131275.52860895841,0,0.52957137906113183,0,0,0,0,0,0,0,0
lev_core_relative_leverage_sleeves_v3,2026-10-01,690,2026-09-30,False,False,True,False,True,True,False,247890.15003358864,1388.7123844805174,249278.86241806915,249278.86241806915,257.07397508787523,1,249021.78844298128,249021.78844298128,0.0045650801745826808,-0.03918033108665786,116844.31853922849,0,-116844.31853922849,0.46872934755000289,0,0,0,0,0,0,0,0,132434.54387884066,0,-132434.54387884066,0.53127065244999705,0,0,0,0,0,0,0,0
TQQQ_50_QQQ_static,2024-01-02,1,2023-12-29,False,False,True,True,False,False,True,100000,0,100000,99900.099900099915,99.900099900099917,0.99900099900099915,0,99900.099900099915,-0.00099900099900085415,-0.00099900099900085415,0,0,0,0,0,49950.049950049957,49950.049950049957,0.5,0,0,0,0,0,49950.049950049957,49950.049950049957,0.5,0,0,0,0,0,0,0,0
TQQQ_50_QQQ_static,2024-01-03,2,2023-12-29,False,False,False,False,False,False,False,99900.099900099915,-2113.665990688969,97786.433909410945,0,0,0,0,97786.433909410945,-0.021157796566796616,-0.022135660905890586,0,0,0,0,49426.505668479091,49426.505668479091,0,0.50545360631790348,0,0,0,0,48359.928240931855,48359.928240931855,0,0.49454639368209646,0,0,0,0,0,0,0,0
TQQQ_50_QQQ_static,2024-01-04,3,2023-12-29,False,False,False,False,False,False,False,97786.433909410945,-1078.5031213182956,96707.93078809265,0,0,0,0,96707.93078809265,-0.011029169161822727,-0.032920692119073447,0,0,0,0,49166.583454427688,49166.583454427688,0,0.50840280682007333,0,0,0,0,47541.347333664962,47541.347333664962,0,0.49159719317992667,0,0,0,0,0,0,0,0
TQQQ_50_QQQ_static,2024-01-05,4,2023-12-29,False,False,False,False,False,False,False,96707.93078809265,268.86533540653181,96976.796123499182,0,0,0,0,96976.796123499182,0.0027801787631633879,-0.030232038765008129,0,0,0,0,49238.669540909854,49238.669540909854,0,0.50773660823156908,0,0,0,0,47738.126582589328,47738.126582589328,0,0.49226339176843087,0,0,0,0,0,0,0,0
TQQQ_50_QQQ_static,2024-01-08,5,2023-12-29,False,False,False,False,False,False,False,96976.796123499182,4041.0317988284514,101017.82792232763,0,0,0,0,101017.82792232763,0.041670089757164464,0,0,0,0,0,50276.403483595575,50276.403483595575,0,0.49769832234220063,0,0,0,0,50741.424438732058,50741.424438732058,0,0.50230167765779932,0,0,0,0,0,0,0,0
TQQQ_50_QQQ_static,2024-01-09,6,2023-12-29,False,False,False,False,False,False,False,101017.82792232763,335.85386667402054,101353.68178900165,0,0,0,0,101353.68178900165,0.0033246989524686743,0,0,0,0,0,50364.18050294491,50364.18050294491,0,0.49691515506849754,0,0,0,0,50989.501286056751,50989.501286056751,0,0.50308484493150252,0,0,0,0,0,0,0,0
TQQQ_50_QQQ_static,2024-01-10,7,2023-12-29,False,False,False,False,False,False,False,101353.68178900165,1376.1649574895855,102729.84674649124,0,0,0,0,102729.84674649124,0.013577848709576124,0,0,0,0,0,50709.097586520045,50709.097586520045,0,0.49361601513585462,0,0,0,0,52020.749159971201,52020.749159971201,0,0.50638398486414549,0,0,0,0,0,0,0,0
TQQQ_50_QQQ_static,2024-01-11,8,2023-12-29,False,False,False,False,False,False,False,102729.84674649124,263.56124574955902,102993.4079922408,0,0,0,0,102993.4079922408,0.0025655761601588445,0,0,0,0,0,50792.909555283812,50792.909555283812,0,0.49316660692605097,0,0,0,0,52200.498436956979,52200.498436956979,0,0.50683339307394903,0,0,0,0,0,0,0,0
TQQQ_50_QQQ_static,2024-01-12,9,2023-12-29,False,False,False,False,False,False,False,102993.4079922408,136.88652678771177,103130.29451902851,0,0,0,0,103130.29451902851,0.0013290804669559009,0,0,0,0,0,50828.966187240097,50828.966187240097,0,0.49286164093967244,0,0,0,0,52301.32833178842,52301.32833178842,0,0.50713835906032767,0,0,0,0,0,0,0,0
TQQQ_50_QQQ_static,2024-01-16,10,2023-12-29,False,False,False,False,False,False,False,103130.29451902851,-49.628107663913397,103080.6664113646,0,0,0,0,103080.6664113646,-0.00048121755004548739,-0.00048121755004548739,0,0,0,0,50821.186120376442,50821.186120376442,0,0.49302345327846492,0,0,0,0,52259.480290988155,52259.480290988155,0,0.50697654672153503,0,0,0,0,0,0,0,0
TQQQ_50_QQQ_static,2024-01-17,11,2023-12-29,False,False,False,False,False,False,False,103080.6664113646,-1183.4807718164229,101897.18563954817,0,0,0,0,101897.18563954817,-0.011481112928524384,-0.011956805565534578,0,0,0,0,50535.828685735156,50535.828685735156,0,0.49594920967200168,0,0,0,0,51361.356953813025,51361.356953813025,0,0.50405079032799838,0,0,0,0,0,0,0,0
TQQQ_50_QQQ_static,2024-01-18,12,2023-12-29,False,False,False,False,False,False,False,101897.18563954817,2947.9114252188592,104845.09706476703,0,0,0,0,104845.09706476703,0.028930253634745329,0,0,0,0,0,51278.254903616493,51278.254903616493,0,0.48908586418628475,0,0,0,0,53566.842161150547,53566.842161150547,0,0.51091413581371525,0,0,0,0,0,0,0,0
TQQQ_50_QQQ_static,2024-01-19,13,2023-12-29,False,False,False,False,False,False,False,104845.09706476703,4125.7516300038114,108970.84869477084,0,0,0,0,108970.84869477084,0.039350925751493904,0,0,0,0,0,52279.422048061388,52279.422048061388,0,0.47975603268445599,0,0,0,0,56691.426646709457,56691.426646709457,0,0.52024396731554401,0,0,0,0,0,0,0,0
TQQQ_50_QQQ_static,2024-01-22,14,2023-12-29,False,False,False,False,False,False,False,108970.84869477084,188.66695839430031,109159.51565316514,0,0,0,0,109159.51565316514,0.0017313525649667039,0,0,0,0,0,52328.007103131698,52328.007103131698,0,0.47937192456399852,0,0,0,0,56831.508550033446,56831.508550033446,0,0.52062807543600143,0,0,0,0,0,0,0,0
TQQQ_50_QQQ_static,2024-01-23,15,2023-12-29,False,False,False,False,False,False,False,109159.51565316514,927.78041563025909,110087.2960687954,0,0,0,0,110087.2960687954,0.0084993086500870785,0,0,0,0,0,52550.601302695795,52550.601302695795,0,0.47735391075329925,0,0,0,0,57536.694766099601,57536.694766099601,0,0.52264608924670064,0,0,0,0,0,0,0,0
TQQQ_50_QQQ_static,2024-01-24,16,2023-12-29,False,False,False,False,False,False,False,110087.2960687954,1207.8658818998665,111295.16195069527,0,0,0,0,111295.16195069527,0.010971891626305741,0,0,0,0,0,52837.394921820407,52837.394921820407,0,0.47475015082172067,0,0,0,0,58457.767028874863,58457.767028874863,0,0.52524984917827933,0,0,0,0,0,0,0,0
TQQQ_50_QQQ_static,2024-01-25,17,2023-12-29,False,False,False,False,False,False,False,111295.16195069527,162.87536916256067,111458.03731985783,0,0,0,0,111458.03731985783,0.0014634541727402972,0,0,0,0,0,52890.510045013005,52890.510045013005,0,0.47453293918346984,0,0,0,0,58567.527274844819,58567.527274844819,0,0.52546706081653016,0,0,0,0,0,0,0,0
TQQQ_50_QQQ_static,2024-01-26,18,2023-12-29,False,False,False,False,False,False,False,111458.03731985783,-1270.8287189477996,110187.20860091003,0,0,0,0,110187.20860091003,-0.011401858040087531,-0.011401858040087531,0,0,0,0,52600.462331917784,52600.462331917784,0,0.47737358083398584,0,0,0,0,57586.746268992239,57586.746268992239,0,0.52262641916601404,0,0,0,0,0,0,0,0
TQQQ_50_QQQ_static,2024-01-29,19,2023-12-29,False,False,False,False,False,False,False,110187.20860091003,2247.3311253212742,112434.53972623131,0,0,0,0,112434.53972623131,0.020395571807803492,0,0,0,0,0,53128.700863073966,53128.700863073966,0,0.47253006942917991,0,0,0,0,59305.83886315734,59305.83886315734,0,0.52746993057082003,0,0,0,0,0,0,0,0
TQQQ_50_QQQ_static,2024-01-30,20,2023-12-29,False,False,False,False,False,False,False,112434.53972623131,-1569.4473065756611,110865.09241965564,0,0,0,0,110865.09241965564,-0.013958764899088205,-0.013958764899088205,0,0,0,0,52772.223691952378,52772.223691952378,0,0.47600396608334233,0,0,0,0,58092.868727703259,58092.868727703259,0,0.52399603391665761,0,0,0,0,0,0,0,0
TQQQ_50_QQQ_static,2024-01-31,21,2023-12-29,False,True,False,False,False,False,False,110865.09241965564,-4429.1068153009983,106435.98560435465,0,0,0,0,106435.98560435465,-0.039950418284373734,-0.05335152468701021,0,0,0,0,51747.969010150598,51747.969010150598,0,0.48618865805883438,0,0,0,0,54688.01659420404,54688.01659420404,0,0.51381134194116551,0,0,0,0,0,0,0,0
TQQQ_50_QQQ_static,2024-02-01,22,2024-01-31,False,False,True,False,False,False,True,106435.98560435465,2552.3988906561135,108988.38449501076,4236.6300340994349,4.2387494088038435,0.038872307849405534,0,108984.14574560194,0.023940776484368209,-0.03068802513027391,0,0,0,0,52375.877230455662,54492.072872800971,2116.1956423453084,0.5,0,0,0,0,56612.507264555097,54492.072872800971,-2120.4343917541264,0.5,0,0,0,0,0,0,0,0
TQQQ_50_QQQ_static,2024-02-02,23,2024-01-31,False,False,False,False,False,False,False,108984.14574560194,3730.6295293397561,112714.7752749417,0,0,0,0,112714.7752749417,0.034230937938881878,0,0,0,0,0,55427.847570516758,55427.847570516758,0,0.49175316577008921,0,0,0,0,57286.927704424947,57286.927704424947,0,0.50824683422991079,0,0,0,0,0,0,0,0
TQQQ_50_QQQ_static,2024-02-05,24,2024-01-31,False,False,False,False,False,False,False,112714.7752749417,-403.94667032516736,112310.82860461653,0,0,0,0,112310.82860461653,-0.003583795197566908,-0.003583795197566908,0,0,0,0,55334.151576014498,55334.151576014498,0,0.49268759088952169,0,0,0,0,56976.677028602033,56976.677028602033,0,0.50731240911047837,0,0,0,0,0,0,0,0
TQQQ_50_QQQ_static,2024-02-06,25,2024-01-31,False,False,False,False,False,False,False,112310.82860461653,-527.29011003107007,111783.53849458546,0,0,0,0,111783.53849458546,-0.0046949178149807702,-0.0082618873886294297,0,0,0,0,55209.467690923761,55209.467690923761,0,0.49389622510114028,0,0,0,0,56574.070803661692,56574.070803661692,0,0.5061037748988596,0,0,0,0,0,0,0,0
TQQQ_50_QQQ_static,2024-02-07,26,2024-01-31,False,False,False,False,False,False,False,111783.53849458546,2313.3776461369125,114096.91614072237,0,0,0,0,114096.91614072237,0.020695154915399083,0,0,0,0,0,55781.883265062024,55781.883265062024,0,0.48889913199987789,0,0,0,0,58315.032875660356,58315.032875660356,0,0.51110086800012222,0,0,0,0,0,0,0,0
TQQQ_50_QQQ_static,2024-02-08,27,2024-01-31,False,False,False,False,False,False,False,114096.91614072237,320.82840433489764,114417.74454505727,0,0,0,0,114417.74454505727,0.002811893740749305,0,0,0,0,0,55874.921305285927,55874.921305285927,0,0.48834139780899627,0,0,0,0,58542.823239771336,58542.823239771336,0,0.51165860219100368,0,0,0,0,0,0,0,0
TQQQ_50_QQQ_static,2024-02-09,28,2024-01-31,False,False,False,False,False,False,False,114417.74454505727,2340.2983421321405,116758.04288718941,0,0,0,0,116758.04288718941,0.020453980730327448,0,0,0,0,0,56443.672296166238,56443.672296166238,0,0.48342427553964412,0,0,0,0,60314.370591023173,60314.370591023173,0,0.51657572446035593,0,0,0,0,0,0,0,0
TQQQ_50_QQQ_static,2024-02-12,29,2024-01-31,False,False,False,False,False,False,False,116758.04288718941,-1067.1607694936392,115690.88211769577,0,0,0,0,115690.88211769577,-0.009139933687692281,-0.009139933687692281,0,0,0,0,56194.517818855231,56194.517818855231,0,0.48572987594378336,0,0,0,0,59496.364298840541,59496.364298840541,0,0.51427012405621664,0,0,0,0,0,0,0,0
TQQQ_50_QQQ_static,2024-02-13,30,2024-01-31,False,False,False,False,False,False,False,115690.88211769577,-3726.749372591803,111964.13274510397,0,0,0,0,111964.13274510397,-0.032212991243341649,-0.041058500327187497,0,0,0,0,55307.701581623296,55307.701581623296,0,0.49397695695581423,0,0,0,0,56656.431163480673,56656.431163480673,0,0.50602304304418577,0,0,0,0,0,0,0,0
TQQQ_50_QQQ_static,2024-02-14,31,2024-01-31,False,False,False,False,False,False,False,111964.13274510397,2670.9022124030889,114635.03495750706,0,0,0,0,114635.03495750706,0.023854980581001106,-0.018182969474176525,0,0,0,0,55968.471274221301,55968.471274221301,0,0.48823181582286523,0,0,0,0,58666.563683285756,58666.563683285756,0,0.51176818417713477,0,0,0,0,0,0,0,0
TQQQ_50_QQQ_static,2024-02-15,32,2024-01-31,False,False,False,False,False,False,False,114635.03495750706,431.48288678497192,115066.51784429203,0,0,0,0,115066.51784429203,0.0037639704732930213,-0.014487439161101068,0,0,0,0,56093.701560902693,56093.701560902693,0,0.48748934626498969,0,0,0,0,58972.816283389337,58972.816283389337,0,0.51251065373501026,0,0,0,0,0,0,0,0
TQQQ_50_QQQ_static,2024-02-16,33,2024-01-31,False,False,False,False,False,False,False,115066.51784429203,-2094.0416640295298,112972.4761802625,0,0,0,0,112972.4761802625,-0.018198531625534975,-0.032422320666889659,0,0,0,0,55593.192926720156,55593.192926720156,0,0.49209502001189986,0,0,0,0,57379.283253542344,57379.283253542344,0,0.50790497998810014,0,0,0,0,0,0,0,0
TQQQ_50_QQQ_static,2024-02-20,34,2024-01-31,False,False,False,False,False,False,False,112972.4761802625,-1824.3344575583178,111148.14172270418,0,0,0,0,111148.14172270418,-0.016148486067060763,-0.048047235340399341,0,0,0,0,55152.592475635007,55152.592475635007,0,0.49620795832314857,0,0,0,0,55995.549247069175,55995.549247069175,0,0.50379204167685143,0,0,0,0,0,0,0,0
TQQQ_50_QQQ_static,2024-02-21,35,2024-01-31,False,False,False,False,False,False,False,111148.14172270418,-857.08389810743392,110291.05782459675,0,0,0,0,110291.05782459675,-0.0077111851338523829,-0.055387919347372083,0,0,0,0,54945.895545175714,54945.895545175714,0,0.49818994058937988,0,0,0,0,55345.162279421034,55345.162279421034,0,0.50181005941062018,0,0,0,0,0,0,0,0
TQQQ_50_QQQ_static,2024-02-22,36,2024-01-31,False,False,False,False,False,False,False,110291.05782459675,6591.9149538992351,116882.97277849598,0,0,0,0,116882.97277849598,0.059768353699017007,0,0,0,0,0,56600.486841334794,56600.486841334794,0,0.48424920667100024,0,0,0,0,60282.485937161189,60282.485937161189,0,0.51575079332899976,0,0,0,0,0,0,0,0
TQQQ_50_QQQ_static,2024-02-23,37,2024-01-31,False,False,False,False,False,False,False,116882.97277849598,-895.27159308153205,115987.70118541445,0,0,0,0,115987.70118541445,-0.0076595552953478974,-0.0076595552953478974,0,0,0,0,56389.785763301996,56389.785763301996,0,0.48617038864455964,0,0,0,0,59597.915422112455,59597.915422112455,0,0.51382961135544036,0,0,0,0,0,0,0,0
TQQQ_50_QQQ_static,2024-02-26,38,2024-01-31,False,False,False,False,False,False,False,115987.70118541445,-84.324085601081606,115903.37709981337,0,0,0,0,115903.37709981337,-0.00072700885300147622,-0.0083809955838395345,0,0,0,0,56375.428002789842,56375.428002789842,0,0.4864002189879299,0,0,0,0,59527.949097023527,59527.949097023527,0,0.51359978101207016,0,0,0,0,0,0,0,0
TQQQ_50_QQQ_static,2024-02-27,39,2024-01-31,False,False,False,False,False,False,False,115903.37709981337,475.5933429968718,116378.97044281024,0,0,0,0,116378.97044281024,0.004103360530964606,-0.0043120252993639197,0,0,0,0,56493.793280261212,56493.793280261212,0,0.48542956743222621,0,0,0,0,59885.177162549022,59885.177162549022,0,0.51457043256777379,0,0,0,0,0,0,0,0
TQQQ_50_QQQ_static,2024-02-28,40,2024-01-31,False,False,False,False,False,False,False,116378.97044281024,-1272.4472125759057,115106.52323023434,0,0,0,0,115106.52323023434,-0.010933652426502571,-0.015198531539988958,0,0,0,0,56194.977457244335,56194.977457244335,0,0.48819976383826647,0,0,0,0,58911.545772990008,58911.545772990008,0,0.51180023616173365,0,0,0,0,0,0,0,0
TQQQ_50_QQQ_static,2024-02-29,41,2024-01-31,False,True,False,False,False,False,False,115106.52323023434,2194.4747773538838,117300.99800758822,0,0,0,0,117300.99800758822,0.01906472991947239,0,0,0,0,0,56740.046096573067,56740.046096573067,0,0.48371324251565656,0,0,0,0,60560.951911015152,60560.951911015152,0,0.51628675748434349,0,0,0,0,0,0,0,0
TQQQ_50_QQQ_static,2024-03-01,42,2024-02-29,False,False,True,False,False,False,True,117300.99800758822,3411.9209671711578,120712.91897475938,5602.8850143015152,5.6056878582306311,0.046414957586048085,0,120707.31328690115,0.029039098875293323,0,0,0,0,0,57555.016980228931,60353.656643450573,2798.639663221642,0.5,0,0,0,0,63157.901994530446,60353.656643450573,-2804.2453510798732,0.5,0,0,0,0,0,0,0,0
TQQQ_50_QQQ_static,2024-03-04,43,2024-02-29,False,False,False,False,False,False,False,120707.31328690115,-1016.0169976640755,119691.29628923707,0,0,0,0,119691.29628923707,-0.0084171950314988475,-0.0084171950314988475,0,0,0,0,60105.380971475046,60105.380971475046,0,0.50217002267423738,0,0,0,0,59585.915317762032,59585.915317762032,0,0.49782997732576267,0,0,0,0,0,0,0,0
TQQQ_50_QQQ_static,2024-03-05,44,2024-02-29,False,False,False,False,False,False,False,119691.29628923707,-4325.4439072534442,115365.85238198363,0,0,0,0,115365.85238198363,-0.036138332872600043,-0.044251344508196899,0,0,0,0,59023.114062698151,59023.114062698151,0,0.51161685060210793,0,0,0,0,56342.738319285469,56342.738319285469,0,0.48838314939789201,0,0,0,0,0,0,0,0
TQQQ_50_QQQ_static,2024-03-06,45,2024-02-29,False,False,False,False,False,False,False,115365.85238198363,1503.0705234275956,116868.92290541122,0,0,0,0,116868.92290541122,0.013028729839838826,-0.031799153481005038,0,0,0,0,59417.076316171115,59417.076316171115,0,0.50840783707967252,0,0,0,0,57451.846589240107,57451.846589240107,0,0.49159216292032748,0,0,0,0,0,0,0,0
TQQQ_50_QQQ_static,2024-03-07,46,2024-02-29,False,False,False,False,False,False,False,116868.92290541122,3564.8610452895809,120433.7839507008,0,0,0,0,120433.7839507008,0.030503070933363796,-0.0022660543818932011,0,0,0,0,60346.897837562261,60346.897837562261,0,0.50107948000923952,0,0,0,0,60086.886113138542,60086.886113138542,0,0.49892051999076042,0,0,0,0,0,0,0,0
TQQQ_50_QQQ_static,2024-03-08,47,2024-02-29,False,False,False,False,False,False,False,120433.7839507008,-3689.3273282589798,116744.45662244182,0,0,0,0,116744.45662244182,-0.03063365782618932,-0.032830294673532157,0,0,0,0,59425.852027396242,59425.852027396242,0,0.50902504278710903,0,0,0,0,57318.604595045588,57318.604595045588,0,0.49097495721289103,0,0,0,0,0,0,0,0
TQQQ_50_QQQ_static,2024-03-11,48,2024-02-29,False,False,False,False,False,False,False,116744.45662244182,-883.15985761306365,115861.29676482876,0,0,0,0,115861.29676482876,-0.0075648975819833097,-0.0401468344387238,0,0,0,0,59204.986067808095,59204.986067808095,0,0.51099882118513074,0,0,0,0,56656.310697020665,56656.310697020665,0,0.48900117881486926,0,0,0,0,0,0,0,0
TQQQ_50_QQQ_static,2024-03-12,49,2024-02-29,False,False,False,False,False,False,False,115861.29676482876,3395.48217314668,119256.77893797544,0,0,0,0,119256.77893797544,0.029306440269166956,-0.012016954975031413,0,0,0,0,60086.635950484895,60086.635950484895,0,0.50384251935678648,0,0,0,0,59170.142987490537,59170.142987490537,0,0.49615748064321347,0,0,0,0,0,0,0,0
TQQQ_50_QQQ_static,2024-03-13,50,2024-02-29,False,False,False,False,False,False,False,119256.77893797544,-1985.4849777095078,117271.29396026593,0,0,0,0,117271.29396026593,-0.016648822778805306,-0.028465709600116518,0,0,0,0,59590.118318652298,59590.118318652298,0,0.50813900236184595,0,0,0,0,57681.175641613627,57681.175641613627,0,0.491860997638154,0,0,0,0,0,0,0,0
TQQQ_50_QQQ_static,2024-03-14,51,2024-02-29,False,False,False,False,False,False,False,117271.29396026593,-732.0497333912208,116539.24422687471,0,0,0,0,116539.24422687471,-0.0062423608427076838,-0.034530377211856478,0,0,0,0,59419.40421241607,59419.40421241607,0,0.50986605075917912,0,0,0,0,57119.840014458641,57119.840014458641,0,0.49013394924082093,0,0,0,0,0,0,0,0
TQQQ_50_QQQ_static,2024-03-15,52,2024-02-29,False,False,False,False,False,False,False,116539.24422687471,-2660.5680832512153,113878.6761436235,0,0,0,0,113878.6761436235,-0.022829803821892924,-0.056571859296106752,0,0,0,0,58738.745303113326,58738.745303113326,0,0.51580109017979947,0,0,0,0,55139.930840510169,55139.930840510169,0,0.48419890982020047,0,0,0,0,0,0,0,0
TQQQ_50_QQQ_static,2024-03-18,53,2024-02-29,False,False,False,False,False,False,False,113878.6761436235,2199.8969504480629,116078.57309407156,0,0,0,0,116078.57309407156,0.019317900637284779,-0.038346808215570571,0,0,0,0,59319.871416565948,59319.871416565948,0,0.51103205212983072,0,0,0,0,56758.701677505611,56758.701677505611,0,0.48896794787016923,0,0,0,0,0,0,0,0
TQQQ_50_QQQ_static,2024-03-19,54,2024-02-29,False,False,False,False,False,False,False,116078.57309407156,579.70179314480629,116658.27488721636,0,0,0,0,116658.27488721636,0.0049940465125721811,-0.033544267446835585,0,0,0,0,59475.204621749283,59475.204621749283,0,0.50982413960131934,0,0,0,0,57183.070265467082,57183.070265467082,0,0.49017586039868066,0,0,0,0,0,0,0,0
TQQQ_50_QQQ_static,2024-03-20,55,2024-02-29,False,False,False,False,False,False,False,116658.27488721636,2680.7369314427779,119339.01181865914,0,0,0,0,119339.01181865914,0.022979398024139064,-0.011335696495785474,0,0,0,0,60172.074280147208,60172.074280147208,0,0.50421126640114389,0,0,0,0,59166.937538511935,59166.937538511935,0,0.49578873359885606,0,0,0,0,0,0,0,0
TQQQ_50_QQQ_static,2024-03-21,56,2024-02-29,False,False,False,False,False,False,False,119339.01181865914,978.54689934820635,120317.55871800735,0,0,0,0,120317.55871800735,0.0081997234972512878,-0.0032289225754483786,0,0,0,0,60436.466226450269,60436.466226450269,0,0.50230794964928949,0,0,0,0,59881.092491557087,59881.092491557087,0,0.49769205035071057,0,0,0,0,0,0,0,0
TQQQ_50_QQQ_static,2024-03-22,57,2024-02-29,False,False,False,False,False,False,False,120317.55871800735,233.35074760566931,120550.90946561302,0,0,0,0,120550.90946561302,0.0019394571340378697,-0.0012957277983346449,0,0,0,0,60499.017869730793,60499.017869730793,0,0.50185451223815158,0,0,0,0,60051.891595882218,60051.891595882218,0,0.49814548776184836,0,0,0,0,0,0,0,0
TQQQ_50_QQQ_static,2024-03-25,58,2024-02-29,False,False,False,False,False,False,False,120550.90946561302,-842.90446742695349,119708.00499818606,0,0,0,0,119708.00499818606,-0.0069921037606720526,-0.0082787716957951618,0,0,0,0,60292.249011398038,60292.249011398038,0,0.50366096245870651,0,0,0,0,59415.755986788026,59415.755986788026,0,0.49633903754129355,0,0,0,0,0,0,0,0
TQQQ_50_QQQ_static,2024-03-26,59,2024-02-29,False,False,False,False,False,False,False,119708.00499818606,-889.02840875634865,118818.97658942972,0,0,0,0,118818.97658942972,-0.0074266412573646967,-0.015643929485723573,0,0,0,0,60072.519225258024,60072.519225258024,0,0.50558017708597358,0,0,0,0,58746.457364171685,58746.457364171685,0,0.49441982291402636,0,0,0,0,0,0,0,0
TQQQ_50_QQQ_static,2024-03-27,60,2024-02-29,False,False,False,False,False,False,False,118818.97658942972,835.23597974560107,119654.21256917532,0,0,0,0,119654.21256917532,0.0070294830314159285,-0.0087244151911722856,0,0,0,0,60307.849708948102,60307.849708948102,0,0.50401777266372894,0,0,0,0,59346.362860227207,59346.362860227207,0,0.49598222733627101,0,0,0,0,0,0,0,0
TQQQ_50_QQQ_static,2024-03-28,61,2024-02-29,False,True,False,False,False,False,False,119654.21256917532,-352.19486281805439,119302.01770635726,0,0,0,0,119302.01770635726,-0.0029434388915846599,-0.011642174299776986,0,0,0,0,60221.821576046357,60221.821576046357,0,0.5047846024220034,0,0,0,0,59080.196130310898,59080.196130310898,0,0.4952153975779966,0,0,0,0,0,0,0,0
TQQQ_50_QQQ_static,2024-04-01,62,2024-03-28,False,False,True,False,False,False,True,119302.01770635726,471.88616913948499,119773.90387549675,921.11389902497467,0.92065357223885802,0.0076904389789486972,0,119772.98322192451,0.0039476743530562075,-0.0077404594596176546,0,0,0,0,60347.508887260861,59886.491610962257,-461.01727629860397,0.5,0,0,0,0,59426.394988235887,59886.491610962257,460.0966227263707,0.5,0,0,0,0,0,0,0,0
TQQQ_50_QQQ_static,2024-04-02,63,2024-03-28,False,False,False,False,False,False,False,119772.98322192451,-2243.8161188331869,117529.16710309133,0,0,0,0,117529.16710309133,-0.01873390858667745,-0.026329358986359797,0,0,0,0,59330.470532902269,59330.470532902269,0,0.50481486421885591,0,0,0,0,58198.696570189059,58198.696570189059,0,0.49518513578114415,0,0,0,0,0,0,0,0
TQQQ_50_QQQ_static,2024-04-03,64,2024-03-28,False,False,False,False,False,False,False,117529.16710309133,503.71036213095067,118032.87746522228,0,0,0,0,118032.87746522228,0.004285832823856639,-0.022156369393478093,0,0,0,0,59462.989619899228,59462.989619899228,0,0.50378327544729784,0,0,0,0,58569.88784532305,58569.88784532305,0,0.49621672455270216,0,0,0,0,0,0,0,0
TQQQ_50_QQQ_static,2024-04-04,65,2024-03-28,False,False,False,False,False,False,False,118032.87746522228,-3710.5346808598551,114322.34278436242,0,0,0,0,114322.34278436242,-0.031436450254744841,-0.05289630204395912,0,0,0,0,58542.039955210304,58542.039955210304,0,0.51207872870164772,0,0,0,0,55780.302829152119,55780.302829152119,0,0.48792127129835222,0,0,0,0,0,0,0,0
TQQQ_50_QQQ_static,2024-04-05,66,2024-03-28,False,False,False,False,False,False,False,114322.34278436242,2884.8108003513626,117207.15358471379,0,0,0,0,117207.15358471379,0.0252340070198942,-0.028997080681168574,0,0,0,0,59293.394371184964,59293.394371184964,0,0.50588545628598935,0,0,0,0,57913.759213528821,57913.759213528821,0,0.49411454371401065,0,0,0,0,0,0,0,0
TQQQ_50_QQQ_static,2024-04-08,67,2024-03-28,False,False,False,False,False,False,False,117207.15358471379,-130.00864998469478,117077.14493472909,0,0,0,0,117077.14493472909,-0.0011092211184083878,-0.030074137625313191,0,0,0,0,59265.383635991187,59265.383635991187,0,0.50620796799436685,0,0,0,0,57811.761298737896,57811.761298737896,0,0.49379203200563315,0,0,0,0,0,0,0,0
TQQQ_50_QQQ_static,2024-04-09,68,2024-03-28,False,False,False,False,False,False,False,117077.14493472909,878.27880969480611,117955.4237444239,0,0,0,0,117955.4237444239,0.0075017101773744432,-0.022798034912238196,0,0,0,0,59494.295039304045,59494.295039304045,0,0.50437947786285253,0,0,0,0,58461.128705119845,58461.128705119845,0,0.49562052213714741,0,0,0,0,0,0,0,0
TQQQ_50_QQQ_static,2024-04-10,69,2024-03-28,False,False,False,False,False,False,False,117955.4237444239,-2069.5610344621527,115885.86270996174,0,0,0,0,115885.86270996174,-0.017545280825291276,-0.039943317812729529,0,0,0,0,58976.048881221555,58976.048881221555,0,0.50891495737341463,0,0,0,0,56909.813828740189,56909.813828740189,0,0.49108504262658542,0,0,0,0,0,0,0,0
TQQQ_50_QQQ_static,2024-04-11,70,2024-03-28,False,False,False,False,False,False,False,115885.86270996174,3712.0466636272322,119597.90937358898,0,0,0,0,119597.90937358898,0.032031919828889865,-0.0091908591377168891,0,0,0,0,59945.742517629369,59945.742517629369,0,0.5012273444544616,0,0,0,0,59652.166855959615,59652.166855959615,0,0.4987726555455384,0,0,0,0,0,0,0,0
TQQQ_50_QQQ_static,2024-04-12,71,2024-03-28,False,False,False,False,False,False,False,119597.90937358898,-3987.6351079546148,115610.27426563436,0,0,0,0,115610.27426563436,-0.033342013492045353,-0.04222643088038891,0,0,0,0,58948.887176328142,58948.887176328142,0,0.50989315223734355,0,0,0,0,56661.387089306227,56661.387089306227,0,0.49010684776265651,0,0,0,0,0,0,0,0
TQQQ_50_QQQ_static,2024-04-15,72,2024-03-28,False,False,False,False,False,False,False,115610.27426563436,-3796.3655481477326,111813.90871748663,0,0,0,0,111813.90871748663,-0.032837613890828843,-0.073677429537979844,0,0,0,0,57977.071838626238,57977.071838626238,0,0.51851395326062133,0,0,0,0,53836.836878860391,53836.836878860391,0,0.48148604673937873,0,0,0,0,0,0,0,0
TQQQ_50_QQQ_static,2024-04-16,73,2024-03-28,False,False,False,False,False,False,False,111813.90871748663,64.153795748221455,111878.06251323485,0,0,0,0,111878.06251323485,0.00057375505859758036,-0.073145947277284185,0,0,0,0,57999.112858949447,57999.112858949447,0,0.5184136331650212,0,0,0,0,53878.949654285403,53878.949654285403,0,0.48158636683497874,0,0,0,0,0,0,0,0
TQQQ_50_QQQ_static,2024-04-17,74,2024-03-28,False,False,False,False,False,False,False,111878.06251323485,-2747.4783295728994,109130.58418366195,0,0,0,0,109130.58418366195,-0.024557793260388983,-0.095907437486602354,0,0,0,0,57278.649907977109,57278.649907977109,0,0.52486340411758148,0,0,0,0,51851.934275684842,51851.934275684842,0,0.47513659588241852,0,0,0,0,0,0,0,0
TQQQ_50_QQQ_static,2024-04-18,75,2024-03-28,False,False,False,False,False,False,False,109130.58418366195,-1269.6112198005576,107860.97296386139,0,0,0,0,107860.97296386139,-0.011633871744550217,-0.10642553440408486,0,0,0,0,56953.388700402691,56953.388700402691,0,0.52802591275979693,0,0,0,0,50907.584263458695,50907.584263458695,0,0.47197408724020301,0,0,0,0,0,0,0,0
TQQQ_50_QQQ_static,2024-04-19,76,2024-03-28,False,False,False,False,False,False,False,107860.97296386139,-4311.95014837911,103549.02281548228,0,0,0,0,103549.02281548228,-0.039976926129007051,-0.14214789480597967,0,0,0,0,55785.794724470114,55785.794724470114,0,0.53873801227344098,0,0,0,0,47763.228091012177,47763.228091012177,0,0.46126198772655908,0,0,0,0,0,0,0,0
TQQQ_50_QQQ_static,2024-04-22,77,2024-03-28,False,False,False,False,False,False,False,103549.02281548228,2002.6265263958776,105551.64934187816,0,0,0,0,105551.64934187816,0.019339888218592227,-0.12555713098344345,0,0,0,0,56351.854028626098,56351.854028626098,0,0.53387942661231547,0,0,0,0,49199.795313252063,49199.795313252063,0,0.46612057338768453,0,0,0,0,0,0,0,0
TQQQ_50_QQQ_static,2024-04-23,78,2024-03-28,False,False,False,False,False,False,False,105551.64934187816,3068.6725772696373,108620.3219191478,0,0,0,0,108620.3219191478,0.029072710814118219,-0.10013470632905719,0,0,0,0,57204.390093620343,57204.390093620343,0,0.52664537429930269,0,0,0,0,51415.931825527448,51415.931825527448,0,0.47335462570069725,0,0,0,0,0,0,0,0
TQQQ_50_QQQ_static,2024-04-24,79,2024-03-28,False,False,False,False,False,False,False,108620.3219191478,654.15201290819095,109274.47393205599,0,0,0,0,109274.47393205599,0.0060223722536481006,-0.094715382552432503,0,0,0,0,57386.125628079317,57386.125628079317,0,0.52515581693635527,0,0,0,0,51888.348303976672,51888.348303976672,0,0.47484418306364479,0,0,0,0,0,0,0,0
TQQQ_50_QQQ_static,2024-04-25,80,2024-03-28,False,False,False,False,False,False,False,109274.47393205599,-1221.5745645557472,108052.89936750024,0,0,0,0,108052.89936750024,-0.011178956261233441,-0.10483551969484628,0,0,0,0,57072.873403195721,57072.873403195721,0,0.52819381744754823,0,0,0,0,50980.025964304528,50980.025964304528,0,0.47180618255245182,0,0,0,0,0,0,0,0
TQQQ_50_QQQ_static,2024-04-26,81,2024-03-28,False,False,False,False,False,False,False,108052.89936750024,3453.2240505556838,111506.12341805593,0,0,0,0,111506.12341805593,0.031958643134700759,-0.076227277521913939,0,0,0,0,58015.074924566274,58015.074924566274,0,0.52028599996304803,0,0,0,0,53491.048493489652,53491.048493489652,0,0.47971400003695197,0,0,0,0,0,0,0,0
TQQQ_50_QQQ_static,2024-04-29,82,2024-03-28,False,False,False,False,False,False,False,111506.12341805593,770.83381642050517,112276.95723447643,0,0,0,0,112276.95723447643,0.0069129281226154582,-0.069841303089790086,0,0,0,0,58224.920209636723,58224.920209636723,0,0.5185829901681539,0,0,0,0,54052.037024839701,54052.037024839701,0,0.4814170098318461,0,0,0,0,0,0,0,0
TQQQ_50_QQQ_static,2024-04-30,83,2024-03-28,False,True,False,False,False,False,False,112276.95723447643,-4255.5260527917853,108021.43118168465,0,0,0,0,108021.43118168465,-0.037902042926801549,-0.10509621794881874,0,0,0,0,57105.250503058902,57105.250503058902,0,0.52864741633548429,0,0,0,0,50916.180678625744,50916.180678625744,0,0.47135258366451577,0,0,0,0,0,0,0,0
TQQQ_50_QQQ_static,2024-05-01,84,2024-04-30,False,False,True,False,False,False,True,108021.43118168465,-1489.9542907558061,106531.47689092884,6878.9346065953723,6.8754968581662981,0.064571850568056047,0,106524.60139407069,-0.013856785373417169,-0.11749670758656117,0,0,0,0,56705.205748762106,53262.300697035345,-3442.9050517267606,0.5,0,0,0,0,49826.271142166734,53262.300697035345,3436.0295548686117,0.5,0,0,0,0,0,0,0,0
TQQQ_50_QQQ_static,2024-05-02,85,2024-04-30,False,False,False,False,False,False,False,106524.60139407069,2679.3647808442183,109203.96617491491,0,0,0,0,109203.96617491491,0.025152544536940713,-0.095299504220135334,0,0,0,0,53947.500258967921,53947.500258967921,0,0.49400678517993357,0,0,0,0,55256.465915946988,55256.465915946988,0,0.50599321482006643,0,0,0,0,0,0,0,0
TQQQ_50_QQQ_static,2024-05-03,86,2024-04-30,False,False,False,False,False,False,False,109203.96617491491,4363.710441870353,113567.67661678526,0,0,0,0,113567.67661678526,0.039959267000255982,-0.059148335554003784,0,0,0,0,55021.674412419263,55021.674412419263,0,0.48448357888028748,0,0,0,0,58546.002204366006,58546.002204366006,0,0.51551642111971263,0,0,0,0,0,0,0,0
TQQQ_50_QQQ_static,2024-05-06,87,2024-04-30,False,False,False,False,False,False,False,113567.67661678526,2595.9189771895326,116163.59559397479,0,0,0,0,116163.59559397479,0.022857903362318632,-0.03764243912982046,0,0,0,0,55646.246360268415,55646.246360268415,0,0.47903343621325278,0,0,0,0,60517.34923370638,60517.34923370638,0,0.52096656378674722,0,0,0,0,0,0,0,0
TQQQ_50_QQQ_static,2024-05-07,88,2024-04-30,False,False,False,False,False,False,False,116163.59559397479,-26.934065382360131,116136.66152859243,0,0,0,0,116136.66152859243,-0.00023186322052648478,-0.037865574453181949,0,0,0,0,55644.195478988651,55644.195478988651,0,0.47912687300116036,0,0,0,0,60492.466049603776,60492.466049603776,0,0.52087312699883959,0,0,0,0,0,0,0,0
TQQQ_50_QQQ_static,2024-05-08,89,2024-04-30,False,False,False,False,False,False,False,116136.66152859243,-107.10542786429869,116029.55610072814,0,0,0,0,116029.55610072814,-0.00092223615225872635,-0.038752889603753893,0,0,0,0,55624.129570620193,55624.129570620193,0,0.47939621110272546,0,0,0,0,60405.426530107936,60405.426530107936,0,0.52060378889727443,0,0,0,0,0,0,0,0
TQQQ_50_QQQ_static,2024-05-09,90,2024-04-30,False,False,False,False,False,False,False,116029.55610072814,326.10276488563977,116355.65886561378,0,0,0,0,116355.65886561378,0.0028105146295875905,-0.036051290537336467,0,0,0,0,55716.474954558551,55716.474954558551,0,0.47884628472525687,0,0,0,0,60639.183911055232,60639.183911055232,0,0.52115371527474319,0,0,0,0,0,0,0,0
TQQQ_50_QQQ_static,2024-05-10,91,2024-04-30,False,False,False,False,False,False,False,116355.65886561378,641.22897014999762,116996.88783576377,0,0,0,0,116996.88783576377,0.0055109392736161222,-0.030739027736607083,0,0,0,0,55870.468465039688,55870.468465039688,0,0.47753807386285985,0,0,0,0,61126.419370724085,61126.419370724085,0,0.52246192613714015,0,0,0,0,0,0,0,0
TQQQ_50_QQQ_static,2024-05-13,92,2024-04-30,False,False,False,False,False,False,False,116996.88783576377,469.53283433042816,117466.4206700942,0,0,0,0,117466.4206700942,0.0040132078982266783,-0.026849181947276701,0,0,0,0,55984.61574052713,55984.61574052713,0,0.47660101858181725,0,0,0,0,61481.804929567079,61481.804929567079,0,0.52339898141818275,0,0,0,0,0,0,0,0
TQQQ_50_QQQ_static,2024-05-14,93,2024-04-30,False,False,False,False,False,False,False,117466.4206700942,1630.8912980120804,119097.31196810628,0,0,0,0,119097.31196810628,0.013883893700928018,-0.013338059434461647,0,0,0,0,56369.386088604188,56369.386088604188,0,0.47330527580420667,0,0,0,0,62727.925879502087,62727.925879502087,0,0.52669472419579322,0,0,0,0,0,0,0,0
TQQQ_50_QQQ_static,2024-05-15,94,2024-04-30,False,False,False,False,False,False,False,119097.31196810628,3670.5409254690167,122767.8528935753,0,0,0,0,122767.8528935753,0.030819679007129563,0,0,0,0,0,57219.763982627002,57219.763982627002,0,0.46608100275427589,0,0,0,0,65548.088910948296,65548.088910948296,0,0.53391899724572411,0,0,0,0,0,0,0,0
TQQQ_50_QQQ_static,2024-05-16,95,2024-04-30,False,False,False,False,False,False,False,122767.8528935753,-557.17457871843362,122210.67831485686,0,0,0,0,122210.67831485686,-0.0045384403619197489,-0.0045384403619197489,0,0,0,0,57110.899716661712,57110.899716661712,0,0.46731513566698596,0,0,0,0,65099.778598195153,65099.778598195153,0,0.5326848643330141,0,0,0,0,0,0,0,0
TQQQ_50_QQQ_static,2024-05-17,96,2024-04-30,False,False,False,False,False,False,False,122210.67831485686,-173.51309402917104,122037.16522082769,0,0,0,0,122037.16522082769,-0.0014197866865786057,-0.0059517834312946549,0,0,0,0,57075.121757872686,57075.121757872686,0,0.4676863941783192,0,0,0,0,64962.043462955007,64962.043462955007,0,0.53231360582168086,0,0,0,0,0,0,0,0
TQQQ_50_QQQ_static,2024-05-20,97,2024-04-30,False,False,False,False,False,False,False,122037.16522082769,1715.0900017132954,123752.25522254099,0,0,0,0,123752.25522254099,0.014053833507274849,0,0,0,0,0,57468.408760077502,57468.408760077502,0,0.46438271897941019,0,0,0,0,66283.84646246348,66283.84646246348,0,0.5356172810205897,0,0,0,0,0,0,0,0
TQQQ_50_QQQ_static,2024-05-21,98,2024-04-30,False,False,False,False,False,False,False,123752.25522254099,523.3666624762991,124275.62188501729,0,0,0,0,124275.62188501729,0.004229148483275269,0,0,0,0,0,57590.856734294837,57590.856734294837,0,0.46341233993243858,0,0,0,0,66684.765150722451,66684.765150722451,0,0.53658766006756142,0,0,0,0,0,0,0,0
TQQQ_50_QQQ_static,2024-05-22,99,2024-04-30,False,False,False,False,False,False,False,124275.62188501729,-137.10012475398253,124138.52176026331,0,0,0,0,124138.52176026331,-0.0011031940349558456,-0.0011031940349558456,0,0,0,0,57565.472813686152,57565.472813686152,0,0.46371965766482037,0,0,0,0,66573.048946577153,66573.048946577153,0,0.53628034233517963,0,0,0,0,0,0,0,0
TQQQ_50_QQQ_static,2024-05-23,100,2024-04-30,False,False,False,False,False,False,False,124138.52176026331,-1222.5268178927654,122915.99494237054,0,0,0,0,122915.99494237054,-0.0098480858363507728,-0.010940415521756175,0,0,0,0,57314.732422240362,57314.732422240362,0,0.46629189674714439,0,0,0,0,65601.262520130185,65601.262520130185,0,0.53370810325285567,0,0,0,0,0,0,0,0
TQQQ_50_QQQ_static,2024-05-24,101,2024-04-30,False,False,False,False,False,False,False,122915.99494237054,2508.5257324591657,125424.52067482971,0,0,0,0,125424.52067482971,0.020408456471717074,0,0,0,0,0,57882.98929305574,57882.98929305574,0,0.46149659557496514,0,0,0,0,67541.531381773966,67541.531381773966,0,0.53850340442503486,0,0,0,0,0,0,0,0
TQQQ_50_QQQ_static,2024-05-28,102,2024-04-30,False,False,False,False,False,False,False,125424.52067482971,818.42514034466876,126242.94581517437,0,0,0,0,126242.94581517437,0.0065252403273399207,0,0,0,0,0,58069.526106811456,58069.526106811456,0,0.45998234382004982,0,0,0,0,68173.419708362911,68173.419708362911,0,0.54001765617995012,0,0,0,0,0,0,0,0
TQQQ_50_QQQ_static,2024-05-29,103,2024-04-30,False,False,False,False,False,False,False,126242.94581517437,-1869.2463111059042,124373.69950406847,0,0,0,0,124373.69950406847,-0.014806738697642263,-0.014806738697642263,0,0,0,0,57661.986174712096,57661.986174712096,0,0.46361880690721013,0,0,0,0,66711.713329356382,66711.713329356382,0,0.53638119309278998,0,0,0,0,0,0,0,0
TQQQ_50_QQQ_static,2024-05-30,104,2024-04-30,False,False,False,False,False,False,False,124373.69950406847,-2730.9185194363963,121642.78098463207,0,0,0,0,121642.78098463207,-0.021957363416266862,-0.036438985171315275,0,0,0,0,57056.566526380338,57056.566526380338,0,0.46905016528345128,0,0,0,0,64586.214458251736,64586.214458251736,0,0.53094983471654877,0,0,0,0,0,0,0,0
TQQQ_50_QQQ_static,2024-05-31,105,2024-04-30,False,True,False,False,False,False,False,121642.78098463207,-79.278095919813495,121563.50288871226,0,0,0,0,121563.50288871226,-0.00065172873620700233,-0.037066965573767874,0,0,0,0,57054.106227026241,57054.106227026241,0,0.46933581931459778,0,0,0,0,64509.39666168602,64509.39666168602,0,0.53066418068540222,0,0,0,0,0,0,0,0
TQQQ_50_QQQ_static,2024-06-03,106,2024-05-31,False,False,True,False,False,False,True,121563.50288871226,839.82040812446212,122403.32329683672,7901.5486206516798,7.9055013713373485,0.064553383093119657,0,122395.41779546539,0.0068434594840089957,-0.030477172366857985,0,0,0,0,57250.887338092522,61197.708897732693,3946.8215596401715,0.5,0,0,0,0,65152.435958744201,61197.708897732693,-3954.7270610115083,0.5,0,0,0,0,0,0,0,0
TQQQ_50_QQQ_static,2024-06-04,107,2024-05-31,False,False,False,False,False,False,False,122395.41779546539,706.89003958870308,123102.30783505409,0,0,0,0,123102.30783505409,0.0057754616334573239,-0.024877730473101711,0,0,0,0,61379.244685780192,61379.244685780192,0,0.49860352551653869,0,0,0,0,61723.063149273898,61723.063149273898,0,0.50139647448346136,0,0,0,0,0,0,0,0
TQQQ_50_QQQ_static,2024-06-05,108,2024-05-31,False,False,False,False,False,False,False,123102.30783505409,5001.1417748166714,128103.44960987076,0,0,0,0,128103.44960987076,0.04062589778184944,0,0,0,0,0,62628.52111536474,62628.52111536474,0,0.48889020011635209,0,0,0,0,65474.928494506021,65474.928494506021,0,0.51110979988364791,0,0,0,0,0,0,0,0
TQQQ_50_QQQ_static,2024-06-06,109,2024-05-31,False,False,False,False,False,False,False,128103.44960987076,-204.1891703298752,127899.26043954089,0,0,0,0,127899.26043954089,-0.0015939396710370479,-0.0015939396710370479,0,0,0,0,62584.741015008869,62584.741015008869,0,0.48932840424509905,0,0,0,0,65314.519424532016,65314.519424532016,0,0.51067159575490095,0,0,0,0,0,0,0,0
TQQQ_50_QQQ_static,2024-06-07,110,2024-05-31,False,False,False,False,False,False,False,127899.26043954089,-305.0773722987069,127594.18306724218,0,0,0,0,127594.18306724218,-0.0023852942640190111,-0.0039754319199015731,0,0,0,0,62527.259988322992,62527.259988322992,0,0.49004788843211688,0,0,0,0,65066.923078919179,65066.923078919179,0,0.509952111567883,0,0,0,0,0,0,0,0
TQQQ_50_QQQ_static,2024-06-10,111,2024-05-31,False,False,False,False,False,False,False,127594.18306724218,988.4909749495273,128582.67404219171,0,0,0,0,128582.67404219171,0.0077471476456618671,0,0,0,0,0,62772.380031379718,62772.380031379718,0,0.48818692330805219,0,0,0,0,65810.29401081198,65810.29401081198,0,0.51181307669194775,0,0,0,0,0,0,0,0
TQQQ_50_QQQ_static,2024-06-11,112,2024-05-31,False,False,False,False,False,False,False,128582.67404219171,1827.6051787826291,130410.27922097433,0,0,0,0,130410.27922097433,0.014213463768710799,0,0,0,0,0,63218.275403681379,63218.275403681379,0,0.4847645122863426,0,0,0,0,67192.003817292949,67192.003817292949,0,0.51523548771365735,0,0,0,0,0,0,0,0
TQQQ_50_QQQ_static,2024-06-12,113,2024-05-31,False,False,False,False,False,False,False,130410.27922097433,3489.06547192781,133899.34469290214,0,0,0,0,133899.34469290214,0.026754528038512637,0,0,0,0,0,64055.839078094687,64055.839078094687,0,0.47838799528859993,0,0,0,0,69843.505614807465,69843.505614807465,0,0.52161200471140012,0,0,0,0,0,0,0,0
TQQQ_50_QQQ_static,2024-06-13,114,2024-05-31,False,False,False,False,False,False,False,133899.34469290214,1547.2954780561849,135446.64017095833,0,0,0,0,135446.64017095833,0.011555661318618959,0,0,0,0,0,64423.633281045848,64423.633281045848,0,0.47563847430790079,0,0,0,0,71023.006889912474,71023.006889912474,0,0.52436152569209915,0,0,0,0,0,0,0,0
TQQQ_50_QQQ_static,2024-06-14,115,2024-05-31,False,False,False,False,False,False,False,135446.64017095833,1147.6352024381922,136594.27537339652,0,0,0,0,136594.27537339652,0.0084729691411293828,0,0,0,0,0,64706.766397783838,64706.766397783838,0,0.47371506764028198,0,0,0,0,71887.508975612698,71887.508975612698,0,0.52628493235971807,0,0,0,0,0,0,0,0
TQQQ_50_QQQ_static,2024-06-17,116,2024-05-31,False,False,False,False,False,False,False,136594.27537339652,3433.5354075791256,140027.81078097565,0,0,0,0,140027.81078097565,0.025136744553848622,0,0,0,0,0,65504.026261769781,65504.026261769781,0,0.46779297552703897,0,0,0,0,74523.784519205859,74523.784519205859,0,0.53220702447296098,0,0,0,0,0,0,0,0
TQQQ_50_QQQ_static,2024-06-18,117,2024-05-31,False,False,False,False,False,False,False,140027.81078097565,40.541541884129401,140068.35232285978,0,0,0,0,140068.35232285978,0.00028952492835543353,0,0,0,0,0,65524.880354316127,65524.880354316127,0,0.46780646211415577,0,0,0,0,74543.471968543658,74543.471968543658,0,0.53219353788584423,0,0,0,0,0,0,0,0
TQQQ_50_QQQ_static,2024-06-20,118,2024-05-31,False,False,False,False,False,False,False,140068.35232285978,-2302.2571704655711,137766.09515239421,0,0,0,0,137766.09515239421,-0.016436669185333375,-0.016436669185333375,0,0,0,0,65009.719878173899,65009.719878173899,0,0.47188475369256416,0,0,0,0,72756.375274220321,72756.375274220321,0,0.52811524630743589,0,0,0,0,0,0,0,0
TQQQ_50_QQQ_static,2024-06-21,119,2024-05-31,False,False,False,False,False,False,False,137766.09515239421,-819.31166515048244,136946.78348724372,0,0,0,0,136946.78348724372,-0.0059471212002065732,-0.022286039521767109,0,0,0,0,64838.930251062156,64838.930251062156,0,0.4734607750542878,0,0,0,0,72107.85323618156,72107.85323618156,0,0.52653922494571215,0,0,0,0,0,0,0,0
TQQQ_50_QQQ_static,2024-06-24,120,2024-05-31,False,False,False,False,False,False,False,136946.78348724372,-3205.7837947571825,133740.99969248654,0,0,0,0,133740.99969248654,-0.023408974735472987,-0.045173320921121363,0,0,0,0,64106.200437161591,64106.200437161591,0,0.47933095000457832,0,0,0,0,69634.799255324964,69634.799255324964,0,0.52066904999542174,0,0,0,0,0,0,0,0
TQQQ_50_QQQ_static,2024-06-25,121,2024-05-31,False,False,False,False,False,False,False,133740.99969248654,3148.6963567449129,136889.69604923145,0,0,0,0,136889.69604923145,0.023543239275800154,-0.022693607948649719,0,0,0,0,64851.379272041013,64851.379272041013,0,0.47374916552314977,0,0,0,0,72038.316777190455,72038.316777190455,0,0.52625083447685039,0,0,0,0,0,0,0,0
TQQQ_50_QQQ_static,2024-06-26,122,2024-05-31,False,False,False,False,False,False,False,136889.69604923145,682.18954481321271,137571.88559404467,0,0,0,0,137571.88559404467,0.0049834981339127449,-0.017823203367600904,0,0,0,0,65015.316594450989,65015.316594450989,0,0.47259159321477984,0,0,0,0,72556.56899959367,72556.56899959367,0,0.52740840678522005,0,0,0,0,0,0,0,0
TQQQ_50_QQQ_static,2024-06-27,123,2024-05-31,False,False,False,False,False,False,False,137571.88559404467,519.32285974675324,138091.20845379142,0,0,0,0,138091.20845379142,0.0037749199809560263,-0.014115564553161986,0,0,0,0,65139.980658866989,65139.980658866989,0,0.47171707300008431,0,0,0,0,72951.227794924431,72951.227794924431,0,0.52828292699991564,0,0,0,0,0,0,0,0
TQQQ_50_QQQ_static,2024-06-28,124,2024-05-31,False,True,False,False,False,False,False,138091.20845379142,-1582.6366239640338,136508.57182982739,0,0,0,0,136508.57182982739,-0.011460806532760714,-0.025414595331478163,0,0,0,0,64793.987023824178,64793.987023824178,0,0.47465141679598588,0,0,0,0,71714.584806003215,71714.584806003215,0,0.52534858320401412,0,0,0,0,0,0,0,0
TQQQ_50_QQQ_static,2024-07-01,125,2024-06-28,False,False,True,False,False,False,True,136508.57182982739,1809.8757866256637,138318.44761645305,7881.121600270395,7.8850641323365602,0.056978094651005409,0,138310.56255232071,0.013200568274494229,-0.012549514157825792,0,0,0,0,65218.663008091324,69155.281276160356,3936.6182680690326,0.5,0,0,0,0,73099.784608361719,69155.281276160356,-3944.5033322013624,0.5,0,0,0,0,0,0,0,0
TQQQ_50_QQQ_static,2024-07-02,126,2024-06-28,False,False,False,False,False,False,False,138310.56255232071,2763.703819586488,141074.2663719072,0,0,0,0,141074.2663719072,0.019981871005267715,0,0,0,0,0,69851.767205148994,69851.767205148994,0,0.4951418072308254,0,0,0,0,71222.499166758222,71222.499166758222,0,0.50485819276917465,0,0,0,0,0,0,0,0
TQQQ_50_QQQ_static,2024-07-03,127,2024-06-28,False,False,False,False,False,False,False,141074.2663719072,2443.5730706611648,143517.83944256837,0,0,0,0,143517.83944256837,0.017321182193634765,0,0,0,0,0,70466.838805618143,70466.838805618143,0,0.49099707102138274,0,0,0,0,73051.000636950223,73051.000636950223,0,0.50900292897861732,0,0,0,0,0,0,0,0
TQQQ_50_QQQ_static,2024-07-05,128,2024-06-28,False,False,False,False,False,False,False,143517.83944256837,2902.6012821101467,146420.44072467851,0,0,0,0,146420.44072467851,0.020224672370933172,0,0,0,0,0,71190.139680296386,71190.139680296386,0,0.48620356097792844,0,0,0,0,75230.30104438214,75230.30104438214,0,0.51379643902207162,0,0,0,0,0,0,0,0
TQQQ_50_QQQ_static,2024-07-08,129,2024-06-28,False,False,False,False,False,False,False,146420.44072467851,662.98281976289582,147083.42354444141,0,0,0,0,147083.42354444141,0.0045279389713730467,0,0,0,0,0,71355.980818982571,71355.980818982571,0,0.48513951538136646,0,0,0,0,75727.442725458823,75727.442725458823,0,0.51486048461863343,0,0,0,0,0,0,0,0
TQQQ_50_QQQ_static,2024-07-09,130,2024-06-28,False,False,False,False,False,False,False,147083.42354444141,172.19888851078576,147255.62243295219,0,0,0,0,147255.62243295219,0.001170756597590028,0,0,0,0,0,71402.650972534582,71402.650972534582,0,0.4848891321962619,0,0,0,0,75852.971460417612,75852.971460417612,0,0.51511086780373816,0,0,0,0,0,0,0,0
TQQQ_50_QQQ_static,2024-07-10,131,2024-06-28,False,False,False,False,False,False,False,147255.62243295219,3227.0329121438845,150482.65534509608,0,0,0,0,150482.65534509608,0.021914497109359665,0,0,0,0,0,72179.432972295166,72179.432972295166,0,0.47965283976926676,0,0,0,0,78303.222372800927,78303.222372800927,0,0.52034716023073335,0,0,0,0,0,0,0,0
TQQQ_50_QQQ_static,2024-07-11,132,2024-06-28,False,False,False,False,False,False,False,150482.65534509608,-6913.3979982963938,143569.25734679968,0,0,0,0,143569.25734679968,-0.04594149393790381,-0.04594149393790381,0,0,0,0,70559.608435452174,70559.608435452174,0,0.49146739169243897,0,0,0,0,73009.648911347511,73009.648911347511,0,0.50853260830756097,0,0,0,0,0,0,0,0
TQQQ_50_QQQ_static,2024-07-12,133,2024-06-28,False,False,False,False,False,False,False,143569.25734679968,1633.5221273019852,145202.77947410167,0,0,0,0,145202.77947410167,0.011377938128885878,-0.035086275284591961,0,0,0,0,70978.734451846947,70978.734451846947,0,0.48882490203644274,0,0,0,0,74224.045022254722,74224.045022254722,0,0.51117509796355731,0,0,0,0,0,0,0,0
TQQQ_50_QQQ_static,2024-07-15,134,2024-06-28,False,False,False,False,False,False,False,145202.77947410167,771.3258825733792,145974.10535667505,0,0,0,0,145974.10535667505,0.0053120600402207785,-0.029960595645270538,0,0,0,0,71170.859883829136,71170.859883829136,0,0.48755811662574894,0,0,0,0,74803.245472845912,74803.245472845912,0,0.51244188337425101,0,0,0,0,0,0,0,0
TQQQ_50_QQQ_static,2024-07-16,135,2024-06-28,False,False,False,False,False,False,False,145974.10535667505,144.13266754825599,146118.2380242233,0,0,0,0,146118.2380242233,0.00098738517489849187,-0.029002793118343306,0,0,0,0,71211.475091293993,71211.475091293993,0,0.48735514508112698,0,0,0,0,74906.762932929298,74906.762932929298,0,0.51264485491887291,0,0,0,0,0,0,0,0
TQQQ_50_QQQ_static,2024-07-17,136,2024-06-28,False,False,False,False,False,False,False,146118.2380242233,-8719.3404362901929,137398.89758793311,0,0,0,0,137398.89758793311,-0.059673183540884911,-0.086945287662279047,0,0,0,0,69118.909853260891,69118.909853260891,0,0.50305287063184689,0,0,0,0,68279.987734672235,68279.987734672235,0,0.49694712936815327,0,0,0,0,0,0,0,0
TQQQ_50_QQQ_static,2024-07-18,137,2024-06-28,False,False,False,False,False,False,False,137398.89758793311,-1328.7834080621833,136070.11417987093,0,0,0,0,136070.11417987093,-0.0096709903164381439,-0.095775430943675355,0,0,0,0,68790.304039954673,68790.304039954673,0,0.50555042490095103,0,0,0,0,67279.810139916255,67279.810139916255,0,0.49444957509904897,0,0,0,0,0,0,0,0
TQQQ_50_QQQ_static,2024-07-19,138,2024-06-28,False,False,False,False,False,False,False,136070.11417987093,-2572.7541113852058,133497.36006848572,0,0,0,0,133497.36006848572,-0.018907561935196715,-0.1128721129864344,0,0,0,0,68153.160656837106,68153.160656837106,0,0.51052066214548164,0,0,0,0,65344.199411648631,65344.199411648631,0,0.48947933785451853,0,0,0,0,0,0,0,0
TQQQ_50_QQQ_static,2024-07-22,139,2024-06-28,False,False,False,False,False,False,False,133497.36006848572,4029.5862461445795,137526.9463146303,0,0,0,0,137526.9463146303,0.030184763534480075,-0.086094367492086987,0,0,0,0,69199.804719137159,69199.804719137159,0,0.50317269868570902,0,0,0,0,68327.141595493144,68327.141595493144,0,0.49682730131429093,0,0,0,0,0,0,0,0
TQQQ_50_QQQ_static,2024-07-23,140,2024-06-28,False,False,False,False,False,False,False,137526.9463146303,-974.92254228689126,136552.02377234341,0,0,0,0,136552.02377234341,-0.0070889565166123436,-0.092573004781222656,0,0,0,0,68960.279791410721,68960.279791410721,0,0.50501104184570578,0,0,0,0,67591.74398093269,67591.74398093269,0,0.49498895815429428,0,0,0,0,0,0,0,0
TQQQ_50_QQQ_static,2024-07-24,141,2024-06-28,False,False,False,False,False,False,False,136552.02377234341,-9950.7502885146096,126601.2734838288,0,0,0,0,126601.2734838288,-0.072871496251892154,-0.15869856766217361,0,0,0,0,66440.406964487833,66440.406964487833,0,0.52480046318787221,0,0,0,0,60160.866519340969,60160.866519340969,0,0.47519953681212784,0,0,0,0,0,0,0,0
TQQQ_50_QQQ_static,2024-07-25,142,2024-06-28,False,False,False,False,False,False,False,126601.2734838288,-2643.0838989997865,123958.18958482902,0,0,0,0,123958.18958482902,-0.020877229954068377,-0.17626261112577746,0,0,0,0,65735.788812672574,65735.788812672574,0,0.53030613816513694,0,0,0,0,58222.400772156441,58222.400772156441,0,0.46969386183486306,0,0,0,0,0,0,0,0
TQQQ_50_QQQ_static,2024-07-26,143,2024-06-28,False,False,False,False,False,False,False,123958.18958482902,2412.313096690239,126370.50268151925,0,0,0,0,126370.50268151925,0.019460699650178492,-0.16023210521027387,0,0,0,0,66412.618797430783,66412.618797430783,0,0.52553893027398024,0,0,0,0,59957.883884088464,59957.883884088464,0,0.4744610697260197,0,0,0,0,0,0,0,0
TQQQ_50_QQQ_static,2024-07-29,144,2024-06-28,False,False,False,False,False,False,False,126370.50268151925,441.60811119852588,126812.11079271778,0,0,0,0,126812.11079271778,0.0034945505622578921,-0.15729749384137026,0,0,0,0,66537.135614085579,66537.135614085579,0,0.52469070342062696,0,0,0,0,60274.975178632194,60274.975178632194,0,0.47530929657937293,0,0,0,0,0,0,0,0
TQQQ_50_QQQ_static,2024-07-30,145,2024-06-28,False,False,False,False,False,False,False,126812.11079271778,-3440.4799145382713,123371.63087817951,0,0,0,0,123371.63087817951,-0.027130531090693299,-0.18016046038491218,0,0,0,0,65618.18998746849,65618.18998746849,0,0.53187422035671772,0,0,0,0,57753.440890711019,57753.440890711019,0,0.46812577964328228,0,0,0,0,0,0,0,0
TQQQ_50_QQQ_static,2024-07-31,146,2024-06-28,False,True,False,False,False,False,False,123371.63087817951,7187.4280847169575,130559.05896289647,0,0,0,0,130559.05896289647,0.058258353509276439,-0.13239795866513382,0,0,0,0,67599.076639004983,67599.076639004983,0,0.51776626743469356,0,0,0,0,62959.982323891476,62959.982323891476,0,0.48223373256530633,0,0,0,0,0,0,0,0
TQQQ_50_QQQ_static,2024-08-01,147,2024-07-31,False,False,True,False,False,False,True,130559.05896289647,-6278.8817450890056,124280.17721780746,7622.4465207251342,7.6186372021240754,0.061332761920401845,0,124272.55858060534,-0.048150625718569873,-0.17417353983011619,0,0,0,0,65951.311869266297,62136.279290302671,-3815.0325789636263,0.5,0,0,0,0,58328.865348541163,62136.279290302671,3807.4139417615079,0.5,0,0,0,0,0,0,0,0
TQQQ_50_QQQ_static,2024-08-02,148,2024-07-31,False,False,False,False,False,False,False,124272.55858060534,-5979.3870712351345,118293.17150937021,0,0,0,0,118293.17150937021,-0.048115103925834068,-0.21390826578589384,0,0,0,0,60657.84050269008,60657.84050269008,0,0.51277550283521878,0,0,0,0,57635.33100668012,57635.33100668012,0,0.48722449716478122,0,0,0,0,0,0,0,0
TQQQ_50_QQQ_static,2024-08-05,149,2024-07-31,False,False,False,False,False,False,False,118293.17150937021,-6932.1022941124684,111361.06921525774,0,0,0,0,111361.06921525774,-0.058601035086487396,-0.25997405508377236,0,0,0,0,58862.629269069643,58862.629269069643,0,0.52857456994499463,0,0,0,0,52498.439946188097,52498.439946188097,0,0.47142543005500537,0,0,0,0,0,0,0,0
TQQQ_50_QQQ_static,2024-08-06,150,2024-07-31,False,False,False,False,False,False,False,111361.06921525774,2183.1307714932482,113544.19998675099,0,0,0,0,113544.19998675099,0.019604075166280266,-0.2454665308346371,0,0,0,0,59464.144257484666,59464.144257484666,0,0.52370921865162023,0,0,0,0,54080.055729266314,54080.055729266314,0,0.47629078134837971,0,0,0,0,0,0,0,0
TQQQ_50_QQQ_static,2024-08-07,151,2024-07-31,False,False,False,False,False,False,False,113544.19998675099,-2593.5166520332423,110950.68333471775,0,0,0,0,110950.68333471775,-0.022841471887915632,-0.26270118585906921,0,0,0,0,58773.844811327872,58773.844811327872,0,0.52972945316630471,0,0,0,0,52176.838523389873,52176.838523389873,0,0.47027054683369524,0,0,0,0,0,0,0,0
TQQQ_50_QQQ_static,2024-08-08,152,2024-07-31,False,False,False,False,False,False,False,110950.68333471775,6574.6757349346444,117525.35906965239,0,0,0,0,117525.35906965239,0.059257640758282326,-0.21901059759919828,0,0,0,0,60571.787760051287,60571.787760051287,0,0.51539334352642063,0,0,0,0,56953.57130960111,56953.57130960111,0,0.48460665647357942,0,0,0,0,0,0,0,0
TQQQ_50_QQQ_static,2024-08-09,153,2024-07-31,False,False,False,False,False,False,False,117525.35906965239,1197.4372882445605,118722.79635789695,0,0,0,0,118722.79635789695,0.01018875668811936,-0.21105328660213674,0,0,0,0,60901.156290236417,60901.156290236417,0,0.51296935515775965,0,0,0,0,57821.640067660534,57821.640067660534,0,0.48703064484224035,0,0,0,0,0,0,0,0
TQQQ_50_QQQ_static,2024-08-12,154,2024-07-31,False,False,False,False,False,False,False,118722.79635789695,372.06954251673596,119094.86590041369,0,0,0,0,119094.86590041369,0.0031339351323491638,-0.2085807787794679,0,0,0,0,61003.818417559749,61003.818417559749,0,0.51222878464442556,0,0,0,0,58091.04748285393,58091.04748285393,0,0.48777121535557433,0,0,0,0,0,0,0,0
TQQQ_50_QQQ_static,2024-08-13,155,2024-07-31,False,False,False,False,False,False,False,119094.86590041369,5870.8758714986616,124965.74177191235,0,0,0,0,124965.74177191235,0.049295793123507403,-0.16956714057621314,0,0,0,0,62530.426137287235,62530.426137287235,0,0.50038054630538553,0,0,0,0,62435.315634625105,62435.315634625105,0,0.49961945369461441,0,0,0,0,0,0,0,0
TQQQ_50_QQQ_static,2024-08-14,156,2024-07-31,False,False,False,False,False,False,False,124965.74177191235,187.87258990619739,125153.61436181855,0,0,0,0,125153.61436181855,0.0015033927478229625,-0.16831867383780152,0,0,0,0,62583.496910559901,62583.496910559901,0,0.50005345214906294,0,0,0,0,62570.117451258644,62570.117451258644,0,0.49994654785093712,0,0,0,0,0,0,0,0
TQQQ_50_QQQ_static,2024-08-15,157,2024-07-31,False,False,False,False,False,False,False,125153.61436181855,6177.3100016539247,131330.92436347247,0,0,0,0,131330.92436347247,0.04935782344883255,-0.12726869377539674,0,0,0,0,64133.592298163792,64133.592298163792,0,0.48833580216543038,0,0,0,0,67197.332065308685,67197.332065308685,0,0.51166419783456973,0,0,0,0,0,0,0,0
TQQQ_50_QQQ_static,2024-08-16,158,2024-07-31,False,False,False,False,False,False,False,131330.92436347247,233.8306185620313,131564.7549820345,0,0,0,0,131564.7549820345,0.0017804688400340218,-0.12571482287894165,0,0,0,0,64205.543005921361,64205.543005921361,0,0.48801476516023451,0,0,0,0,67359.211976113147,67359.211976113147,0,0.51198523483976555,0,0,0,0,0,0,0,0
TQQQ_50_QQQ_static,2024-08-19,159,2024-07-31,False,False,False,False,False,False,False,131564.7549820345,3490.28162181683,135055.03660385133,0,0,0,0,135055.03660385133,0.026529001800622343,-0.10252090984083972,0,0,0,0,65052.669065929971,65052.669065929971,0,0.48167525404287576,0,0,0,0,70002.367537921367,70002.367537921367,0,0.5183247459571243,0,0,0,0,0,0,0,0
TQQQ_50_QQQ_static,2024-08-20,160,2024-07-31,False,False,False,False,False,False,False,135055.03660385133,-671.56301292902208,134383.47359092231,0,0,0,0,134383.47359092231,-0.0049725136493715683,-0.10698363686668166,0,0,0,0,64899.514203722683,64899.514203722683,0,0.48294267493995396,0,0,0,0,69483.959387199619,69483.959387199619,0,0.51705732506004598,0,0,0,0,0,0,0,0
TQQQ_50_QQQ_static,2024-08-21,161,2024-07-31,False,False,False,False,False,False,False,134383.47359092231,1430.2305681758735,135813.70415909818,0,0,0,0,135813.70415909818,0.010642905187356888,-0.097479348383095465,0,0,0,0,65244.462606250585,65244.462606250585,0,0.48039675384908387,0,0,0,0,70569.241552847598,70569.241552847598,0,0.51960324615091613,0,0,0,0,0,0,0,0
TQQQ_50_QQQ_static,2024-08-22,162,2024-07-31,False,False,False,False,False,False,False,135813.70415909818,-4664.5362212714681,131149.16793782671,0,0,0,0,131149.16793782671,-0.034345107146236287,-0.12847651686456907,0,0,0,0,64151.683980583941,64151.683980583941,0,0.48915052218246657,0,0,0,0,66997.483957242774,66997.483957242774,0,0.51084947781753343,0,0,0,0,0,0,0,0
TQQQ_50_QQQ_static,2024-08-23,163,2024-07-31,False,False,False,False,False,False,False,131149.16793782671,3040.1215516326483,134189.28948945936,0,0,0,0,134189.28948945936,0.023180639263177483,-0.10827404539261865,0,0,0,0,64904.393338030837,64904.393338030837,0,0.48367789698394009,0,0,0,0,69284.896151428533,69284.896151428533,0,0.51632210301605996,0,0,0,0,0,0,0,0
TQQQ_50_QQQ_static,2024-08-26,164,2024-07-31,False,False,False,False,False,False,False,134189.28948945936,-2851.1830998197547,131338.10638963961,0,0,0,0,131338.10638963961,-0.021247471468605617,-0.1272209671709541,0,0,0,0,64231.525183418293,64231.525183418293,0,0.48905475302699425,0,0,0,0,67106.581206221323,67106.581206221323,0,0.51094524697300581,0,0,0,0,0,0,0,0
TQQQ_50_QQQ_static,2024-08-27,165,2024-07-31,False,False,False,False,False,False,False,131338.10638963961,860.08081180619774,132198.18720144581,0,0,0,0,132198.18720144581,0.0065486006723334267,-0.12150548580977127,0,0,0,0,64445.165551411948,64445.165551411948,0,0.48748902625426571,0,0,0,0,67753.021650033872,67753.021650033872,0,0.5125109737457344,0,0,0,0,0,0,0,0
TQQQ_50_QQQ_static,2024-08-28,166,2024-07-31,False,False,False,False,False,False,False,132198.18720144581,-3178.9610840487439,129019.22611739706,0,0,0,0,129019.22611739706,-0.024046934011315857,-0.14263058542180662,0,0,0,0,63686.358188408616,63686.358188408616,0,0.49361913030279053,0,0,0,0,65332.867928988446,65332.867928988446,0,0.50638086969720941,0,0,0,0,0,0,0,0
TQQQ_50_QQQ_static,2024-08-29,167,2024-07-31,False,False,False,False,False,False,False,129019.22611739706,-363.03183481139422,128656.19428258567,0,0,0,0,128656.19428258567,-0.0028137809048789375,-0.14504303510897409,0,0,0,0,63602.740890549445,63602.740890549445,0,0.49436205730483379,0,0,0,0,65053.453392036223,65053.453392036223,0,0.50563794269516626,0,0,0,0,0,0,0,0
TQQQ_50_QQQ_static,2024-08-30,168,2024-07-31,False,True,False,False,False,False,False,128656.19428258567,3268.5281958598353,131924.7224784455,0,0,0,0,131924.7224784455,0.025405136644106818,-0.12332273659108672,0,0,0,0,64428.157850740645,64428.157850740645,0,0.48837061500180323,0,0,0,0,67496.564627704851,67496.564627704851,0,0.51162938499819677,0,0,0,0,0,0,0,0
TQQQ_50_QQQ_static,2024-09-03,169,2024-08-30,False,False,True,False,False,False,True,131924.7224784455,-8417.4095767306135,123507.31290171489,1299.9495468273817,1.2992998968789398,0.010525284019917593,0,123506.01360181801,-0.063814489949016062,-0.17926744900542579,0,0,0,0,62403.631224271136,61753.006800909003,-650.6244233621328,0.5,0,0,0,0,61103.681677443754,61753.006800909003,649.32512346524891,0.5,0,0,0,0,0,0,0,0
TQQQ_50_QQQ_static,2024-09-04,170,2024-08-30,False,False,False,False,False,False,False,123506.01360181801,-498.90242939429299,123007.11117242371,0,0,0,0,123007.11117242371,-0.0040394990887062665,-0.18258279739723993,0,0,0,0,61634.251619448558,61634.251619448558,0,0.50106250794763807,0,0,0,0,61372.859552975155,61372.859552975155,0,0.49893749205236193,0,0,0,0,0,0,0,0
TQQQ_50_QQQ_static,2024-09-05,171,2024-08-30,False,False,False,False,False,False,False,123007.11117242371,108.47160150278069,123115.58277392649,0,0,0,0,123115.58277392649,0.00088183195645274992,-0.18186197278623062,0,0,0,0,61667.070547458003,61667.070547458003,0,0.50088761437043616,0,0,0,0,61448.512226468498,61448.512226468498,0,0.49911238562956395,0,0,0,0,0,0,0,0
TQQQ_50_QQQ_static,2024-09-06,172,2024-08-30,False,False,False,False,False,False,False,123115.58277392649,-6635.6824431139248,116479.90033081257,0,0,0,0,116479.90033081257,-0.053897989950620895,-0.22595796795521916,0,0,0,0,60019.80442953993,60019.80442953993,0,0.51528035531519789,0,0,0,0,56460.095901272638,56460.095901272638,0,0.48471964468480216,0,0,0,0,0,0,0,0
TQQQ_50_QQQ_static,2024-09-09,173,2024-08-30,False,False,False,False,False,False,False,116479.90033081257,2970.175498731478,119450.07582954405,0,0,0,0,119450.07582954405,0.025499468065270703,-0.20622030787791601,0,0,0,0,60801.803189968705,60801.803189968705,0,0.50901435405309603,0,0,0,0,58648.272639575349,58648.272639575349,0,0.49098564594690403,0,0,0,0,0,0,0,0
TQQQ_50_QQQ_static,2024-09-10,174,2024-08-30,False,False,False,False,False,False,False,119450.07582954405,2117.6330769597262,121567.70890650377,0,0,0,0,121567.70890650377,0.017728185287898768,-0.19214803441820438,0,0,0,0,61349.767231445621,61349.767231445621,0,0.50465512415495939,0,0,0,0,60217.941675058144,60217.941675058144,0,0.49534487584504056,0,0,0,0,0,0,0,0
TQQQ_50_QQQ_static,2024-09-11,175,2024-08-30,False,False,False,False,False,False,False,121567.70890650377,5220.4173758903053,126788.12628239408,0,0,0,0,126788.12628239408,0.042942467394077921,-0.15745687772696626,0,0,0,0,62677.492652749686,62677.492652749686,0,0.49434828394851943,0,0,0,0,64110.633629644399,64110.633629644399,0,0.50565171605148063,0,0,0,0,0,0,0,0
TQQQ_50_QQQ_static,2024-09-12,176,2024-08-30,False,False,False,False,False,False,False,126788.12628239408,2441.0241724267398,129229.15045482082,0,0,0,0,129229.15045482082,0.019252782133477364,-0.14123557855578384,0,0,0,0,63282.92318902626,63282.92318902626,0,0.48969542062532012,0,0,0,0,65946.227265794558,65946.227265794558,0,0.51030457937467988,0,0,0,0,0,0,0,0
TQQQ_50_QQQ_static,2024-09-13,177,2024-08-30,False,False,False,False,False,False,False,129229.15045482082,1194.1553436970426,130423.30579851786,0,0,0,0,130423.30579851786,0.0092406035286483057,-0.13330007701270874,0,0,0,0,63588.481861887762,63588.481861887762,0,0.4875545936561469,0,0,0,0,66834.823936630099,66834.823936630099,0,0.51244540634385316,0,0,0,0,0,0,0,0
TQQQ_50_QQQ_static,2024-09-16,178,2024-08-30,False,False,False,False,False,False,False,130423.30579851786,-1253.7304423171445,129169.57535620072,0,0,0,0,129169.57535620072,-0.0096127792087554731,-0.14163147201263093,0,0,0,0,63292.555909670024,63292.555909670024,0,0.48999585030091763,0,0,0,0,65877.019446530685,65877.019446530685,0,0.51000414969908237,0,0,0,0,0,0,0,0
TQQQ_50_QQQ_static,2024-09-17,179,2024-08-30,False,False,False,False,False,False,False,129169.57535620072,107.36605454911478,129276.94141074983,0,0,0,0,129276.94141074983,0.00083120234972544615,-0.14091799407523742,0,0,0,0,63323.872684311667,63323.872684311667,0,0.48983114848852749,0,0,0,0,65953.068726438156,65953.068726438156,0,0.51016885151147251,0,0,0,0,0,0,0,0
TQQQ_50_QQQ_static,2024-09-18,180,2024-08-30,False,False,False,False,False,False,False,129276.94141074983,-1202.8078120182327,128074.1335987316,0,0,0,0,128074.1335987316,-0.0093041171835630543,-0.14891099372865191,0,0,0,0,63037.523143720857,63037.523143720857,0,0.49219558526332408,0,0,0,0,65036.610455010741,65036.610455010741,0,0.50780441473667592,0,0,0,0,0,0,0,0
TQQQ_50_QQQ_static,2024-09-19,181,2024-08-30,False,False,False,False,False,False,False,128074.1335987316,6628.3194270600507,134702.45302579165,0,0,0,0,134702.45302579165,0.051753771357354594,-0.10486392789332633,0,0,0,0,64659.380653742599,64659.380653742599,0,0.48001635605969395,0,0,0,0,70043.07237204905,70043.07237204905,0,0.51998364394030605,0,0,0,0,0,0,0,0
TQQQ_50_QQQ_static,2024-09-20,182,2024-08-30,False,False,False,False,False,False,False,134702.45302579165,-737.78777052197256,133964.66525526968,0,0,0,0,133964.66525526968,-0.0054771665545000348,-0.1097667372491955,0,0,0,0,64501.728915474429,64501.728915474429,0,0.48148314925108332,0,0,0,0,69462.936339795255,69462.936339795255,0,0.51851685074891674,0,0,0,0,0,0,0,0
TQQQ_50_QQQ_static,2024-09-23,183,2024-08-30,False,False,False,False,False,False,False,133964.66525526968,808.92041091661667,134773.58566618629,0,0,0,0,134773.58566618629,0.006038311739705593,-0.10439123128765093,0,0,0,0,64698.189871386494,64698.189871386494,0,0.48005096511740875,0,0,0,0,70075.395794799799,70075.395794799799,0,0.51994903488259125,0,0,0,0,0,0,0,0
TQQQ_50_QQQ_static,2024-09-24,184,2024-08-30,False,False,False,False,False,False,False,134773.58566618629,1259.5199787358288,136033.10564492212,0,0,0,0,136033.10564492212,0.0093454512804569401,-0.096021363173299679,0,0,0,0,64999.707056815845,64999.707056815845,0,0.47782270902849283,0,0,0,0,71033.398588106284,71033.398588106284,0,0.52217729097150722,0,0,0,0,0,0,0,0
TQQQ_50_QQQ_static,2024-09-25,185,2024-08-30,False,False,False,False,False,False,False,136033.10564492212,361.50038422358921,136394.60602914571,0,0,0,0,136394.60602914571,0.0026574441751494593,-0.093619090410405059,0,0,0,0,65089.815620953406,65089.815620953406,0,0.47721693339577209,0,0,0,0,71304.790408192304,71304.790408192304,0,0.52278306660422791,0,0,0,0,0,0,0,0
TQQQ_50_QQQ_static,2024-09-26,186,2024-08-30,False,False,False,False,False,False,False,136394.60602914571,1973.9141098601394,138368.52013900585,0,0,0,0,138368.52013900585,0.01447208337137873,-0.080501870320598412,0,0,0,0,65555.167302107511,65555.167302107511,0,0.47377226580330839,0,0,0,0,72813.352836898339,72813.352836898339,0,0.52622773419669155,0,0,0,0,0,0,0,0
TQQQ_50_QQQ_static,2024-09-27,187,2024-08-30,False,False,False,False,False,False,False,138368.52013900585,-1576.1239857087494,136792.3961532971,0,0,0,0,136792.3961532971,-0.011390769982401849,-0.09097566201502516,0,0,0,0,65207.796559297749,65207.796559297749,0,0.47669167580208405,0,0,0,0,71584.599593999359,71584.599593999359,0,0.52330832419791606,0,0,0,0,0,0,0,0
TQQQ_50_QQQ_static,2024-09-30,188,2024-08-30,False,True,False,False,False,False,False,136792.3961532971,708.70086282287957,137501.09701611998,0,0,0,0,137501.09701611998,0.005180849833412271,-0.086266143425007935,0,0,0,0,65379.060866516069,65379.060866516069,0,0.47548028550529553,0,0,0,0,72122.036149603911,72122.036149603911,0,0.52451971449470447,0,0,0,0,0,0,0,0
TQQQ_50_QQQ_static,2024-10-01,189,2024-09-30,False,False,True,False,False,False,True,137501.09701611998,-4059.6017141434713,133441.49530197651,4556.854005113928,4.5591335718998671,0.034148703106195132,0,133436.93616840462,-0.029557297620970258,-0.11327364697015196,0,0,0,0,64442.320648431283,66718.468084202308,2276.1474357710249,0.5,0,0,0,0,68999.174653545211,66718.468084202308,-2280.7065693429031,0.5,0,0,0,0,0,0,0,0
TQQQ_50_QQQ_static,2024-10-02,190,2024-09-30,False,False,False,False,False,False,False,133436.93616840462,423.53060638907482,133860.46677479369,0,0,0,0,133860.46677479369,0.0031740132721165271,-0.11045916575689974,0,0,0,0,66829.406757168355,66829.406757168355,0,0.49924677813653434,0,0,0,0,67031.060017625321,67031.060017625321,0,0.50075322186346549,0,0,0,0,0,0,0,0
TQQQ_50_QQQ_static,2024-10-03,191,2024-09-30,False,False,False,False,False,False,False,133860.46677479369,-149.46160193334799,133711.00517286034,0,0,0,0,133711.00517286034,-0.0011165477420962411,-0.11145238056687634,0,0,0,0,66797.864450735535,66797.864450735535,0,0.49956893499065297,0,0,0,0,66913.140722124823,66913.140722124823,0,0.50043106500934709,0,0,0,0,0,0,0,0
TQQQ_50_QQQ_static,2024-10-04,192,2024-09-30,False,False,False,False,False,False,False,133711.00517286034,3202.4206622486818,136913.42583510902,0,0,0,0,136913.42583510902,0.023950314771088665,-0.090171385392351477,0,0,0,0,67612.756016566113,67612.756016566113,0,0.49383583534017461,0,0,0,0,69300.669818542927,69300.669818542927,0,0.5061641646598255,0,0,0,0,0,0,0,0
TQQQ_50_QQQ_static,2024-10-07,193,2024-09-30,False,False,False,False,False,False,False,136913.42583510902,-3245.9029707567533,133667.52286435227,0,0,0,0,133667.52286435227,-0.023707703981243888,-0.11174133286113475,0,0,0,0,66821.901999846828,66821.901999846828,0,0.49991127663567653,0,0,0,0,66845.620864505443,66845.620864505443,0,0.50008872336432342,0,0,0,0,0,0,0,0
TQQQ_50_QQQ_static,2024-10-08,194,2024-09-30,False,False,False,False,False,False,False,133667.52286435227,4123.0959731852927,137790.61883753756,0,0,0,0,137790.61883753756,0.030845906955045965,-0.084342188662556161,0,0,0,0,67857.647674279942,67857.647674279942,0,0.49246928598446676,0,0,0,0,69932.971163257622,69932.971163257622,0,0.50753071401553318,0,0,0,0,0,0,0,0
TQQQ_50_QQQ_static,2024-10-09,195,2024-09-30,False,False,False,False,False,False,False,137790.61883753756,2201.1861959345115,139991.80503347208,0,0,0,0,139991.80503347208,0.015974862545104163,-0.069714680988089528,0,0,0,0,68400.653891072187,68400.653891072187,0,0.48860469993023931,0,0,0,0,71591.151142399875,71591.151142399875,0,0.51139530006976064,0,0,0,0,0,0,0,0
TQQQ_50_QQQ_static,2024-10-10,196,2024-09-30,False,False,False,False,False,False,False,139991.80503347208,-398.94777767424239,139592.85725579783,0,0,0,0,139592.85725579783,-0.0028497937974215626,-0.072365802320042083,0,0,0,0,68310.162215086457,68310.162215086457,0,0.48935284768841042,0,0,0,0,71282.695040711391,71282.695040711391,0,0.51064715231158964,0,0,0,0,0,0,0,0
TQQQ_50_QQQ_static,2024-10-11,197,2024-09-30,False,False,False,False,False,False,False,139592.85725579783,330.49710419186158,139923.35435998969,0,0,0,0,139923.35435998969,0.0023675789054611318,-0.070169555161630703,0,0,0,0,68411.938206146035,68411.938206146035,0,0.48892437233986186,0,0,0,0,71511.41615384366,71511.41615384366,0,0.51107562766013814,0,0,0,0,0,0,0,0
TQQQ_50_QQQ_static,2024-10-14,198,2024-09-30,False,False,False,False,False,False,False,139923.35435998969,2325.9712696034985,142249.32562959319,0,0,0,0,142249.32562959319,0.016623181171167012,-0.054712815218615818,0,0,0,0,68974.410060577065,68974.410060577065,0,0.4848839160066134,0,0,0,0,73274.915569016128,73274.915569016128,0,0.5151160839933866,0,0,0,0,0,0,0,0
TQQQ_50_QQQ_static,2024-10-15,199,2024-09-30,False,False,False,False,False,False,False,142249.32562959319,-3968.5597427693428,138280.76588682385,0,0,0,0,138280.76588682385,-0.027898619028277061,-0.081085022259144157,0,0,0,0,68032.124961875685,68032.124961875685,0,0.49198545094519291,0,0,0,0,70248.640924948166,70248.640924948166,0,0.50801454905480703,0,0,0,0,0,0,0,0
TQQQ_50_QQQ_static,2024-10-16,200,2024-09-30,False,False,False,False,False,False,False,138280.76588682385,171.20265763215139,138451.968544456,0,0,0,0,138451.968544456,0.0012380800506432976,-0.079947331956965795,0,0,0,0,68079.733578139072,68079.733578139072,0,0.49172095054956999,0,0,0,0,70372.234966316944,70372.234966316944,0,0.50827904945043012,0,0,0,0,0,0,0,0
TQQQ_50_QQQ_static,2024-10-17,201,2024-09-30,False,False,False,False,False,False,False,138451.968544456,203.85294497333234,138655.82148942933,0,0,0,0,138655.82148942933,0.001472373033886365,-0.078592671218784105,0,0,0,0,68134.60039853632,68134.60039853632,0,0.49139372344154103,0,0,0,0,70521.221090892999,70521.221090892999,0,0.50860627655845891,0,0,0,0,0,0,0,0
TQQQ_50_QQQ_static,2024-10-18,202,2024-09-30,False,False,False,False,False,False,False,138655.82148942933,1780.1452912247914,140435.96678065413,0,0,0,0,140435.96678065413,0.012838590346244461,-0.066763099982534602,0,0,0,0,68585.027696046396,68585.027696046396,0,0.48837224016244235,0,0,0,0,71850.939084607729,71850.939084607729,0,0.51162775983755759,0,0,0,0,0,0,0,0
TQQQ_50_QQQ_static,2024-10-21,203,2024-09-30,False,False,False,False,False,False,False,140435.96678065413,493.97867743761162,140929.94545809174,0,0,0,0,140929.94545809174,0.0035174655664182986,-0.063480471321412324,0,0,0,0,68710.147892044901,68710.147892044901,0,0.48754824724229529,0,0,0,0,72219.797566046851,72219.797566046851,0,0.51245175275770483,0,0,0,0,0,0,0,0
TQQQ_50_QQQ_static,2024-10-22,204,2024-09-30,False,False,False,False,False,False,False,140929.94545809174,286.71472672332311,141216.66018481506,0,0,0,0,141216.66018481506,0.0020344485750800612,-0.061575170500757448,0,0,0,0,68784.588650440652,68784.588650440652,0,0.48708550790267885,0,0,0,0,72432.071534374394,72432.071534374394,0,0.51291449209732098,0,0,0,0,0,0,0,0
TQQQ_50_QQQ_static,2024-10-23,205,2024-09-30,False,False,False,False,False,False,False,141216.66018481506,-4469.6846116711968,136746.97557314386,0,0,0,0,136746.97557314386,-0.031651255636704345,-0.091277494675068738,0,0,0,0,67715.904274411601,67715.904274411601,0,0.49519123907929796,0,0,0,0,69031.071298732277,69031.071298732277,0,0.50480876092070215,0,0,0,0,0,0,0,0
TQQQ_50_QQQ_static,2024-10-24,206,2024-09-30,False,False,False,False,False,False,False,136746.97557314386,2246.1664654412307,138993.14203858509,0,0,0,0,138993.14203858509,0.016425712203337106,-0.076351080329906007,0,0,0,0,68275.228484968975,68275.228484968975,0,0.49121292952723866,0,0,0,0,70717.913553616105,70717.913553616105,0,0.50878707047276117,0,0,0,0,0,0,0,0
TQQQ_50_QQQ_static,2024-10-25,207,2024-09-30,False,False,False,False,False,False,False,138993.14203858509,1587.303155499103,140580.4451940842,0,0,0,0,140580.4451940842,0.011420010600655894,-0.065802999875989143,0,0,0,0,68677.760121728308,68677.760121728308,0,0.48852996607680649,0,0,0,0,71902.685072355904,71902.685072355904,0,0.51147003392319357,0,0,0,0,0,0,0,0
TQQQ_50_QQQ_static,2024-10-28,208,2024-09-30,False,False,False,False,False,False,False,140580.4451940842,-40.868051526718773,140539.57714255748,0,0,0,0,140539.57714255748,-0.00029070936196207153,-0.066074579689842095,0,0,0,0,68673.441280878731,68673.441280878731,0,0.48864129718576899,0,0,0,0,71866.135861678762,71866.135861678762,0,0.51135870281423113,0,0,0,0,0,0,0,0
TQQQ_50_QQQ_static,2024-10-29,209,2024-09-30,False,False,False,False,False,False,False,140539.57714255748,2766.1225801402179,143305.6997226977,0,0,0,0,143305.6997226977,0.019682160971171703,-0.047692909232228464,0,0,0,0,69346.929185485438,69346.929185485438,0,0.48390907912019226,0,0,0,0,73958.770537212258,73958.770537212258,0,0.51609092087980768,0,0,0,0,0,0,0,0
TQQQ_50_QQQ_static,2024-10-30,210,2024-09-30,False,False,False,False,False,False,False,143305.6997226977,-2332.8195772794134,140972.88014541828,0,0,0,0,140972.88014541828,-0.016278623821617044,-0.063195158125495587,0,0,0,0,68796.845450050663,68796.845450050663,0,0.4880147541788491,0,0,0,0,72176.034695367634,72176.034695367634,0,0.51198524582115101,0,0,0,0,0,0,0,0
TQQQ_50_QQQ_static,2024-10-31,211,2024-09-30,False,True,False,False,False,False,False,140972.88014541828,-6963.7330474576447,134009.14709796064,0,0,0,0,134009.14709796064,-0.049397678761151198,-0.10947114276630343,0,0,0,0,67124.476287310637,67124.476287310637,0,0.50089473547833763,0,0,0,0,66884.670810650015,66884.670810650015,0,0.49910526452166243,0,0,0,0,0,0,0,0
TQQQ_50_QQQ_static,2024-11-01,212,2024-10-31,False,False,True,False,False,False,True,134009.14709796064,1864.9509844236309,135874.09808238427,658.36386610823683,0.65869321271459924,0.0048453964029925144,0,135873.43938917154,0.013911679400870458,-0.097082390807244789,0,0,0,0,67607.867108138016,67936.719694585772,328.85258644775604,0.5,0,0,0,0,68266.230974246253,67936.719694585772,-329.5112796604808,0.5,0,0,0,0,0,0,0,0
TQQQ_50_QQQ_static,2024-11-04,213,2024-10-31,False,False,False,False,False,False,False,135873.43938917154,-964.90146402781829,134908.53792514373,0,0,0,0,134908.53792514373,-0.0071014722845436085,-0.10349443518415347,0,0,0,0,67700.805574440354,67700.805574440354,0,0.50182743520654927,0,0,0,0,67207.732350703373,67207.732350703373,0,0.49817256479345079,0,0,0,0,0,0,0,0
TQQQ_50_QQQ_static,2024-11-05,214,2024-10-31,False,False,False,False,False,False,False,134908.53792514373,3536.0409936320211,138444.57891877575,0,0,0,0,138444.57891877575,0.026210653884589874,-0.079996438119156466,0,0,0,0,68594.841753754896,68594.841753754896,0,0.49546787811748777,0,0,0,0,69849.737165020852,69849.737165020852,0,0.50453212188251229,0,0,0,0,0,0,0,0
TQQQ_50_QQQ_static,2024-11-06,215,2024-10-31,False,False,False,False,False,False,False,138444.57891877575,7590.1584646943375,146034.73738347008,0,0,0,0,146034.73738347008,0.054824526348174363,-0.029557678600405812,0,0,0,0,70471.983069425551,70471.983069425551,0,0.48256999897479458,0,0,0,0,75562.754314044534,75562.754314044534,0,0.51743000102520542,0,0,0,0,0,0,0,0
TQQQ_50_QQQ_static,2024-11-07,216,2024-10-31,False,False,False,False,False,False,False,146034.73738347008,4560.6017733191547,150595.33915678924,0,0,0,0,150595.33915678924,0.031229568081076131,0,0,0,0,0,71558.695967807231,71558.695967807231,0,0.47517204960311132,0,0,0,0,79036.643188981994,79036.643188981994,0,0.52482795039688857,0,0,0,0,0,0,0,0
TQQQ_50_QQQ_static,2024-11-08,217,2024-10-31,False,False,False,False,False,False,False,150595.33915678924,167.8434502951277,150763.18260708437,0,0,0,0,150763.18260708437,0.0011145328350459227,0,0,0,0,0,71621.728343844065,71621.728343844065,0,0.47506113299891667,0,0,0,0,79141.454263240303,79141.454263240303,0,0.52493886700108339,0,0,0,0,0,0,0,0
TQQQ_50_QQQ_static,2024-11-11,218,2024-10-31,False,False,False,False,False,False,False,150763.18260708437,-161.68944458090118,150601.49316250347,0,0,0,0,150601.49316250347,-0.0010724730122094739,-0.0010724730122094739,0,0,0,0,71584.663573860686,71584.663573860686,0,0.47532505867401137,0,0,0,0,79016.829588642766,79016.829588642766,0,0.52467494132598846,0,0,0,0,0,0,0,0
TQQQ_50_QQQ_static,2024-11-12,219,2024-10-31,False,False,False,False,False,False,False,150601.49316250347,-546.53769826306961,150054.9554642404,0,0,0,0,150054.9554642404,-0.0036290324005840979,-0.0046976133734835113,0,0,0,0,71462.921809440842,71462.921809440842,0,0.47624499696360362,0,0,0,0,78592.033654799539,78592.033654799539,0,0.52375500303639633,0,0,0,0,0,0,0,0
TQQQ_50_QQQ_static,2024-11-13,220,2024-10-31,False,False,False,False,False,False,False,150054.9554642404,-524.63309362641303,149530.32237061398,0,0,0,0,149530.32237061398,-0.0034962730287934063,-0.0081774622633393745,0,0,0,0,71345.855431971388,71345.855431971388,0,0.4771330276085356,0,0,0,0,78184.466938642581,78184.466938642581,0,0.52286697239146429,0,0,0,0,0,0,0,0
TQQQ_50_QQQ_static,2024-11-14,221,2024-10-31,False,False,False,False,False,False,False,149530.32237061398,-2051.2903936092043,147479.03197700478,0,0,0,0,147479.03197700478,-0.013718223575583832,-0.021783505583313878,0,0,0,0,70873.814275063254,70873.814275063254,0,0.48056875153692385,0,0,0,0,76605.21770194151,76605.21770194151,0,0.51943124846307609,0,0,0,0,0,0,0,0
TQQQ_50_QQQ_static,2024-11-15,222,2024-10-31,False,False,False,False,False,False,False,147479.03197700478,-7261.3735032781842,140217.65847372659,0,0,0,0,140217.65847372659,-0.049236650159260598,-0.069947608898926483,0,0,0,0,69180.253902863711,69180.253902863711,0,0.49337761488740323,0,0,0,0,71037.404570862898,71037.404570862898,0,0.50662238511259683,0,0,0,0,0,0,0,0
TQQQ_50_QQQ_static,2024-11-18,223,2024-10-31,False,False,False,False,False,False,False,140217.65847372659,2003.9105460252322,142221.56901975183,0,0,0,0,142221.56901975183,0.014291427826123027,-0.056655832276992335,0,0,0,0,69677.277926470284,69677.277926470284,0,0.48992061054250818,0,0,0,0,72544.291093281543,72544.291093281543,0,0.51007938945749176,0,0,0,0,0,0,0,0
TQQQ_50_QQQ_static,2024-11-19,224,2024-10-31,False,False,False,False,False,False,False,142221.56901975183,2008.1873124563717,144229.7563322082,0,0,0,0,144229.7563322082,0.014120131892072285,-0.043335688209126255,0,0,0,0,70170.442697045029,70170.442697045029,0,0.48651848607037512,0,0,0,0,74059.313635163169,74059.313635163169,0,0.51348151392962493,0,0,0,0,0,0,0,0
TQQQ_50_QQQ_static,2024-11-20,225,2024-10-31,False,False,False,False,False,False,False,144229.7563322082,-271.96850811640616,143957.78782409179,0,0,0,0,143957.78782409179,-0.0018856615654954112,-0.045139633332951346,0,0,0,0,70110.7764379742,70110.7764379742,0,0.4870231579527019,0,0,0,0,73847.011386117592,73847.011386117592,0,0.5129768420472981,0,0,0,0,0,0,0,0
TQQQ_50_QQQ_static,2024-11-21,226,2024-10-31,False,False,False,False,False,False,False,143957.78782409179,1070.6856998071889,145028.47352389898,0,0,0,0,145028.47352389898,0.0074374975886368766,-0.03803786165838019,0,0,0,0,70373.028956789974,70373.028956789974,0,0.48523594882347931,0,0,0,0,74655.444567108992,74655.444567108992,0,0.51476405117652058,0,0,0,0,0,0,0,0
TQQQ_50_QQQ_static,2024-11-22,227,2024-10-31,False,False,False,False,False,False,False,145028.47352389898,433.7648021018249,145462.23832600081,0,0,0,0,145462.23832600081,0.0029908940745373425,-0.035160734798884929,0,0,0,0,70493.892022133456,70493.892022133456,0,0.48461987683804908,0,0,0,0,74968.346303867336,74968.346303867336,0,0.51538012316195081,0,0,0,0,0,0,0,0
TQQQ_50_QQQ_static,2024-11-25,228,2024-10-31,False,False,False,False,False,False,False,145462.23832600081,382.1817568478873,145844.42008284869,0,0,0,0,145844.42008284869,0.0026273606211899558,-0.03262575410771773,0,0,0,0,70590.260201140904,70590.260201140904,0,0.48401070237065807,0,0,0,0,75254.15988170779,75254.15988170779,0,0.51598929762934198,0,0,0,0,0,0,0,0
TQQQ_50_QQQ_static,2024-11-26,229,2024-10-31,False,False,False,False,False,False,False,145844.42008284869,1654.3070245366835,147498.72710738538,0,0,0,0,147498.72710738538,0.011342957266359033,-0.021652869375985095,0,0,0,0,70989.897306611092,70989.897306611092,0,0.48129159280762751,0,0,0,0,76508.829800774285,76508.829800774285,0,0.51870840719237254,0,0,0,0,0,0,0,0
TQQQ_50_QQQ_static,2024-11-27,230,2024-10-31,False,False,False,False,False,False,False,147498.72710738538,-2589.7663934015145,144908.96071398386,0,0,0,0,144908.96071398386,-0.017557889781082969,-0.038830580463120379,0,0,0,0,70389.531248720552,70389.531248720552,0,0.48575002471829809,0,0,0,0,74519.429465263296,74519.429465263296,0,0.5142499752817018,0,0,0,0,0,0,0,0
TQQQ_50_QQQ_static,2024-11-29,231,2024-10-31,False,True,False,False,False,False,False,144908.96071398386,2575.2941150708648,147484.25482905473,0,0,0,0,147484.25482905473,0.017771807225599234,-0.021748862827969839,0,0,0,0,71022.039633909488,71022.039633909488,0,0.48155675815177246,0,0,0,0,76462.21519514524,76462.21519514524,0,0.51844324184822754,0,0,0,0,0,0,0,0
TQQQ_50_QQQ_static,2024-12-02,232,2024-11-29,False,False,True,False,False,False,True,147484.25482905473,3328.5588488451031,150812.81367789983,7183.1326562278846,7.1867260192375104,0.047629458539042588,0,150805.62695188058,0.022520181063907962,0,0,0,0,0,71814.840510835973,75402.813475940289,3587.9729651043162,0.5,0,0,0,0,78997.973167063858,75402.813475940289,-3595.1596911235683,0.5,0,0,0,0,0,0,0,0
TQQQ_50_QQQ_static,2024-12-03,233,2024-11-29,False,False,False,False,False,False,False,150805.62695188058,910.12868078975589,151715.75563267033,0,0,0,0,151715.75563267033,0.0060351108853529123,0,0,0,0,0,75635.859844914172,75635.859844914172,0,0.49853661888644885,0,0,0,0,76079.895787756162,76079.895787756162,0,0.50146338111355115,0,0,0,0,0,0,0,0
TQQQ_50_QQQ_static,2024-12-04,234,2024-11-29,False,False,False,False,False,False,False,151715.75563267033,3736.3855354668049,155452.14116813714,0,0,0,0,155452.14116813714,0.024627537989615478,0,0,0,0,0,76571.914798884769,76571.914798884769,0,0.49257549123150729,0,0,0,0,78880.226369252385,78880.226369252385,0,0.50742450876849277,0,0,0,0,0,0,0,0
TQQQ_50_QQQ_static,2024-12-05,235,2024-11-29,False,False,False,False,False,False,False,155452.14116813714,-977.99143533490133,154474.14973280224,0,0,0,0,154474.14973280224,-0.0062912702776933838,-0.0062912702776933838,0,0,0,0,76338.430684962281,76338.430684962281,0,0.49418255945740275,0,0,0,0,78135.719047839943,78135.719047839943,0,0.50581744054259714,0,0,0,0,0,0,0,0
TQQQ_50_QQQ_static,2024-12-06,236,2024-11-29,False,False,False,False,False,False,False,154474.14973280224,2822.1139600509196,157296.26369285316,0,0,0,0,157296.26369285316,0.018269166491172717,0,0,0,0,0,77049.356133146895,77049.356133146895,0,0.48983589517166437,0,0,0,0,80246.907559706277,80246.907559706277,0,0.51016410482833574,0,0,0,0,0,0,0,0
TQQQ_50_QQQ_static,2024-12-09,237,2024-11-29,False,False,False,False,False,False,False,157296.26369285316,-2668.7022510230017,154627.56144183016,0,0,0,0,154627.56144183016,-0.016966087994525259,-0.016966087994525259,0,0,0,0,76408.611792713142,76408.611792713142,0,0.49414613462333845,0,0,0,0,78218.949649117014,78218.949649117014,0,0.50585386537666155,0,0,0,0,0,0,0,0
TQQQ_50_QQQ_static,2024-12-10,238,2024-11-29,False,False,False,False,False,False,False,154627.56144183016,-1079.8017950947979,153547.75964673536,0,0,0,0,153547.75964673536,-0.0069832427351640414,-0.023830852418957438,0,0,0,0,76150.243955995975,76150.243955995975,0,0.49593848930908213,0,0,0,0,77397.515690739383,77397.515690739383,0,0.50406151069091787,0,0,0,0,0,0,0,0
TQQQ_50_QQQ_static,2024-12-11,239,2024-11-29,False,False,False,False,False,False,False,153547.75964673536,5688.1721085149329,159235.93175525029,0,0,0,0,159235.93175525029,0.037044969731903743,0,0,0,0,0,77559.942894582739,77559.942894582739,0,0.48707563701008361,0,0,0,0,81675.988860667552,81675.988860667552,0,0.51292436298991639,0,0,0,0,0,0,0,0
TQQQ_50_QQQ_static,2024-12-12,240,2024-11-29,False,False,False,False,False,False,False,159235.93175525029,-2229.404238189949,157006.52751706034,0,0,0,0,157006.52751706034,-0.014000635494861857,-0.014000635494861857,0,0,0,0,77030.233613756529,77030.233613756529,0,0.49061803245974228,0,0,0,0,79976.293903303827,79976.293903303827,0,0.50938196754025777,0,0,0,0,0,0,0,0
TQQQ_50_QQQ_static,2024-12-13,241,2024-11-29,False,False,False,False,False,False,False,157006.52751706034,2367.6877286684467,159374.21524572879,0,0,0,0,159374.21524572879,0.01508018657639032,0,0,0,0,0,77624.68013475601,77624.68013475601,0,0.48705921478622838,0,0,0,0,81749.535110972764,81749.535110972764,0,0.51294078521377151,0,0,0,0,0,0,0,0
TQQQ_50_QQQ_static,2024-12-16,242,2024-11-29,False,False,False,False,False,False,False,159374.21524572879,4669.2645203995053,164043.47976612829,0,0,0,0,164043.47976612829,0.029297490269679205,0,0,0,0,0,78752.669862510113,78752.669862510113,0,0.48007192955663558,0,0,0,0,85290.809903618181,85290.809903618181,0,0.51992807044336442,0,0,0,0,0,0,0,0
TQQQ_50_QQQ_static,2024-12-17,243,2024-11-29,False,False,False,False,False,False,False,164043.47976612829,-1475.5751773169613,162567.90458881133,0,0,0,0,162567.90458881133,-0.0089950248520735965,-0.0089950248520735965,0,0,0,0,78412.082346735275,78412.082346735275,0,0.4823343361967154,0,0,0,0,84155.822242076058,84155.822242076058,0,0.5176656638032846,0,0,0,0,0,0,0,0
TQQQ_50_QQQ_static,2024-12-18,244,2024-11-29,False,False,False,False,False,False,False,162567.90458881133,-11933.786909056827,150634.1176797545,0,0,0,0,150634.1176797545,-0.073408013342125322,-0.081742731289845216,0,0,0,0,75593.645109044504,75593.645109044504,0,0.50183614624248185,0,0,0,0,75040.472570709986,75040.472570709986,0,0.49816385375751804,0,0,0,0,0,0,0,0
TQQQ_50_QQQ_static,2024-12-19,245,2024-11-29,False,False,False,False,False,False,False,150634.1176797545,-1438.8294381486776,149195.28824160583,0,0,0,0,149195.28824160583,-0.009551816416567771,-0.090513756143743573,0,0,0,0,75241.564301181876,75241.564301181876,0,0.50431595520185735,0,0,0,0,73953.723940423952,73953.723940423952,0,0.49568404479814265,0,0,0,0,0,0,0,0
TQQQ_50_QQQ_static,2024-12-20,246,2024-11-29,False,False,False,False,False,False,False,149195.28824160583,2446.331456205633,151641.61969781146,0,0,0,0,151641.61969781146,0.016396841247721339,-0.075601054586246219,0,0,0,0,75876.922125648955,75876.922125648955,0,0.50037003216435594,0,0,0,0,75764.697572162506,75764.697572162506,0,0.49962996783564406,0,0,0,0,0,0,0,0
TQQQ_50_QQQ_static,2024-12-23,247,2024-11-29,False,False,False,False,False,False,False,151641.61969781146,3040.2792712023074,154681.89896901377,0,0,0,0,154681.89896901377,0.020049108399533777,-0.057067679925231096,0,0,0,0,76647.581471175305,76647.581471175305,0,0.49551745861698737,0,0,0,0,78034.317497838449,78034.317497838449,0,0.50448254138301252,0,0,0,0,0,0,0,0
TQQQ_50_QQQ_static,2024-12-24,248,2024-11-29,False,False,False,False,False,False,False,154681.89896901377,4202.8822467770951,158884.78121579086,0,0,0,0,158884.78121579086,0.027171131688905836,-0.031447141682754087,0,0,0,0,77696.167698160061,77696.167698160061,0,0.48900950175105995,0,0,0,0,81188.613517630802,81188.613517630802,0,0.51099049824894005,0,0,0,0,0,0,0,0
TQQQ_50_QQQ_static,2024-12-26,249,2024-11-29,False,False,False,False,False,False,False,158884.78121579086,-459.5030498309934,158425.27816595987,0,0,0,0,158425.27816595987,-0.002892052003438339,-0.034248246917086389,0,0,0,0,77590.736988785211,77590.736988785211,0,0.48976235287088665,0,0,0,0,80834.541177174659,80834.541177174659,0,0.51023764712911335,0,0,0,0,0,0,0,0
TQQQ_50_QQQ_static,2024-12-27,250,2024-11-29,False,False,False,False,False,False,False,158425.27816595987,-4417.3049573710305,154007.97320858884,0,0,0,0,154007.97320858884,-0.027882576622296651,-0.061175894170538037,0,0,0,0,76537.715038518189,76537.715038518189,0,0.49697241931010472,0,0,0,0,77470.258170070636,77470.258170070636,0,0.50302758068989517,0,0,0,0,0,0,0,0
TQQQ_50_QQQ_static,2024-12-30,251,2024-11-29,False,False,False,False,False,False,False,154007.97320858884,-3997.9754375924531,150009.99777099639,0,0,0,0,150009.99777099639,-0.025959535433776382,-0.085547331811901328,0,0,0,0,75553.52490419746,75553.52490419746,0,0.50365659640590521,0,0,0,0,74456.472866798926,74456.472866798926,0,0.49634340359409485,0,0,0,0,0,0,0,0
TQQQ_50_QQQ_static,2024-12-31,252,2024-11-29,False,True,False,False,False,False,False,150009.99777099639,-2643.6822700439952,147366.31550095239,0,0,0,0,147366.31550095239,-0.017623373837254541,-0.10166307303985511,0,0,0,0,74896.973967596205,74896.973967596205,0,0.508236727728408,0,0,0,0,72469.341533356186,72469.341533356186,0,0.49176327227159206,0,0,0,0,0,0,0,0
TQQQ_50_QQQ_static,2025-01-02,253,2024-12-31,False,False,True,False,False,False,True,147366.31550095239,-539.23598398300237,146827.07951696939,2704.6968033770099,2.7033451308116203,0.018420967115023338,0,146824.37617183861,-0.003677497990443257,-0.10496670528349206,0,0,0,0,74765.888160173199,73412.188085919304,-1353.7000742538949,0.5,0,0,0,0,72061.191356796189,73412.188085919304,1350.9967291231151,0.5,0,0,0,0,0,0,0,0
TQQQ_50_QQQ_static,2025-01-03,254,2024-12-31,False,False,False,False,False,False,False,146824.37617183861,4876.1423984284047,151700.51857026701,0,0,0,0,151700.51857026701,0.033210714225827997,-0.075242010310060836,0,0,0,0,74647.984155137616,74647.984155137616,0,0.49207468015714789,0,0,0,0,77052.534415129412,77052.534415129412,0,0.50792531984285216,0,0,0,0,0,0,0,0
TQQQ_50_QQQ_static,2025-01-06,255,2024-12-31,False,False,False,False,False,False,False,151700.51857026701,3321.2812789156451,155021.79984918266,0,0,0,0,155021.79984918266,0.021893671229457512,-0.054995662916975219,0,0,0,0,75464.928273292579,75464.928273292579,0,0.48680203911134284,0,0,0,0,79556.87157589008,79556.87157589008,0,0.51319796088865721,0,0,0,0,0,0,0,0
TQQQ_50_QQQ_static,2025-01-07,256,2024-12-31,False,False,False,False,False,False,False,155021.79984918266,-5654.3677473638672,149367.43210181879,0,0,0,0,149367.43210181879,-0.03647466196925131,-0.089464376671554935,0,0,0,0,74111.913669494708,74111.913669494708,0,0.49617184031774136,0,0,0,0,75255.518432324097,75255.518432324097,0,0.50382815968225869,0,0,0,0,0,0,0,0
TQQQ_50_QQQ_static,2025-01-08,257,2024-12-31,False,False,False,False,False,False,False,149367.43210181879,81.692024815245531,149449.12412663404,0,0,0,0,149449.12412663404,0.00054691992535271794,-0.088966386596413205,0,0,0,0,74144.770185917776,74144.770185917776,0,0.49612047323269715,0,0,0,0,75304.353940716261,75304.353940716261,0,0.50387952676730285,0,0,0,0,0,0,0,0
TQQQ_50_QQQ_static,2025-01-10,258,2024-12-31,False,False,False,False,False,False,False,149449.12412663404,-4786.2273875485989,144662.89673908544,0,0,0,0,144662.89673908544,-0.032025797511486487,-0.11814296462543439,0,0,0,0,72978.719969237587,72978.719969237587,0,0.50447434424641924,0,0,0,0,71684.176769847836,71684.176769847836,0,0.49552565575358065,0,0,0,0,0,0,0,0
TQQQ_50_QQQ_static,2025-01-13,259,2024-12-31,False,False,False,False,False,False,False,144662.89673908544,-897.34020295209484,143765.55653613334,0,0,0,0,143765.55653613334,-0.0062029741086309098,-0.12361310098337686,0,0,0,0,72757.513449397651,72757.513449397651,0,0.50608445584886064,0,0,0,0,71008.043086735692,71008.043086735692,0,0.49391554415113936,0,0,0,0,0,0,0,0
TQQQ_50_QQQ_static,2025-01-14,260,2024-12-31,False,False,False,False,False,False,False,143765.55653613334,-398.64373864559457,143366.91279748775,0,0,0,0,143366.91279748775,-0.0027728737553727179,-0.12604321121521245,0,0,0,0,72661.593837343651,72661.593837343651,0,0.50682261631720726,0,0,0,0,70705.318960144112,70705.318960144112,0,0.49317738368279279,0,0,0,0,0,0,0,0
TQQQ_50_QQQ_static,2025-01-15,261,2024-12-31,False,False,False,False,False,False,False,143366.91279748775,6566.7503394965315,149933.66313698428,0,0,0,0,149933.66313698428,0.045803806550346549,-0.086012663528352018,0,0,0,0,74342.739071496413,74342.739071496413,0,0.4958375425242193,0,0,0,0,75590.924065487867,75590.924065487867,0,0.5041624574757807,0,0,0,0,0,0,0,0
TQQQ_50_QQQ_static,2025-01-16,262,2024-12-31,False,False,False,False,False,False,False,149933.66313698428,-2104.4406799694989,147829.22245701478,0,0,0,0,147829.22245701478,-0.014035811811299648,-0.098841217780978985,0,0,0,0,73829.234131461286,73829.234131461286,0,0.49942246129941642,0,0,0,0,73999.988325553495,73999.988325553495,0,0.50057753870058352,0,0,0,0,0,0,0,0
TQQQ_50_QQQ_static,2025-01-17,263,2024-12-31,False,False,False,False,False,False,False,147829.22245701478,4816.699312518409,152645.92176953319,0,0,0,0,152645.92176953319,0.032582863066326295,-0.069478884578919264,0,0,0,0,75053.48886583111,75053.48886583111,0,0.49168355102960332,0,0,0,0,77592.43290370208,77592.43290370208,0,0.50831644897039663,0,0,0,0,0,0,0,0
TQQQ_50_QQQ_static,2025-01-21,264,2024-12-31,False,False,False,False,False,False,False,152645.92176953319,1765.1752093435498,154411.09697887674,0,0,0,0,154411.09697887674,0.01156385436886187,-0.058718473913039082,0,0,0,0,75490.581023813778,75490.581023813778,0,0.48889349600398735,0,0,0,0,78920.515955062976,78920.515955062976,0,0.51110650399601276,0,0,0,0,0,0,0,0
TQQQ_50_QQQ_static,2025-01-22,265,2024-12-31,False,False,False,False,False,False,False,154411.09697887674,4121.6280226661183,158532.72500154286,0,0,0,0,158532.72500154286,0.026692563574170824,-0.033593256936770399,0,0,0,0,76492.899307763597,76492.899307763597,0,0.48250542155898196,0,0,0,0,82039.825693779261,82039.825693779261,0,0.51749457844101798,0,0,0,0,0,0,0,0
TQQQ_50_QQQ_static,2025-01-23,266,2024-12-31,False,False,False,False,False,False,False,158532.72500154286,677.47091312066186,159210.19591466352,0,0,0,0,159210.19591466352,0.0042733821241895953,-0.029463431636267634,0,0,0,0,76660.258591158839,76660.258591158839,0,0.48150344989367799,0,0,0,0,82549.937323504681,82549.937323504681,0,0.51849655010632201,0,0,0,0,0,0,0,0
TQQQ_50_QQQ_static,2025-01-24,267,2024-12-31,False,False,False,False,False,False,False,159210.19591466352,-1953.0326968398876,157257.16321782363,0,0,0,0,157257.16321782363,-0.012267007685152986,-0.041369011179107518,0,0,0,0,76215.617486225281,76215.617486225281,0,0.48465593507276844,0,0,0,0,81041.545731598351,81041.545731598351,0,0.5153440649272315,0,0,0,0,0,0,0,0
TQQQ_50_QQQ_static,2025-01-27,268,2024-12-31,False,False,False,False,False,False,False,157257.16321782363,-9515.2188397370337,147741.9443780866,0,0,0,0,147741.9443780866,-0.060507379409846629,-0.099373260133729713,0,0,0,0,73950.744191662874,73950.744191662874,0,0.50053994146994185,0,0,0,0,73791.200186423725,73791.200186423725,0,0.49946005853005815,0,0,0,0,0,0,0,0
TQQQ_50_QQQ_static,2025-01-28,269,2024-12-31,False,False,False,False,False,False,False,147741.9443780866,4661.0621560923464,152403.00653417895,0,0,0,0,152403.00653417895,0.031548672083022034,-0.070959682448487493,0,0,0,0,75125.529978099745,75125.529978099745,0,0.49293994709514855,0,0,0,0,77277.4765560792,77277.4765560792,0,0.50706005290485145,0,0,0,0,0,0,0,0
TQQQ_50_QQQ_static,2025-01-29,270,2024-12-31,False,False,False,False,False,False,False,152403.00653417895,-764.82699783553835,151638.17953634341,0,0,0,0,151638.17953634341,-0.0050184508509942827,-0.075622025620711852,0,0,0,0,74944.581439109723,74944.581439109723,0,0.49423292780396122,0,0,0,0,76693.598097233684,76693.598097233684,0,0.50576707219603878,0,0,0,0,0,0,0,0
TQQQ_50_QQQ_static,2025-01-30,271,2024-12-31,False,False,False,False,False,False,False,151638.17953634341,1355.7126293863694,152993.89216572978,0,0,0,0,152993.89216572978,0.0089404438481894832,-0.067357676246270648,0,0,0,0,75282.498578104918,75282.498578104918,0,0.49206211772529829,0,0,0,0,77711.393587624858,77711.393587624858,0,0.50793788227470171,0,0,0,0,0,0,0,0
TQQQ_50_QQQ_static,2025-01-31,272,2024-12-31,False,True,False,False,False,False,False,152993.89216572978,-475.12712980073411,152518.76503592904,0,0,0,0,152518.76503592904,-0.0031055300513961326,-0.070254025009891752,0,0,0,0,75183.769028282812,75183.769028282812,0,0.49294766457472738,0,0,0,0,77334.996007646245,77334.996007646245,0,0.50705233542527273,0,0,0,0,0,0,0,0
TQQQ_50_QQQ_static,2025-02-03,273,2025-01-31,False,False,True,False,False,False,True,152518.76503592904,-2611.3275070290256,149907.43752890002,805.66442209741217,0.80606745582533768,0.0053744126067266779,0,149906.63146144417,-0.01712663732800046,-0.086177447130715512,0,0,0,0,74550.886553401302,74953.315730722083,402.42917732078058,0.5,0,0,0,0,75356.550975498714,74953.315730722083,-403.23524477663159,0.5,0,0,0,0,0,0,0,0
TQQQ_50_QQQ_static,2025-02-04,274,2025-01-31,False,False,False,False,False,False,False,149906.63146144417,3765.0511016332021,153671.68256307737,0,0,0,0,153671.68256307737,0.025115974289646958,-0.063225903387551186,0,0,0,0,75900.692419990577,75900.692419990577,0,0.49391463120627799,0,0,0,0,77770.990143086805,77770.990143086805,0,0.50608536879372212,0,0,0,0,0,0,0,0
TQQQ_50_QQQ_static,2025-02-05,275,2025-01-31,False,False,False,False,False,False,False,153671.68256307737,1283.9742958324205,154955.65685890979,0,0,0,0,154955.65685890979,0.0083553083718295174,-0.055398866935612023,0,0,0,0,76221.356049165755,76221.356049165755,0,0.49189140683367771,0,0,0,0,78734.300809744032,78734.300809744032,0,0.50810859316632229,0,0,0,0,0,0,0,0
TQQQ_50_QQQ_static,2025-02-06,276,2025-01-31,False,False,False,False,False,False,False,154955.65685890979,1644.6441486753465,156600.30100758513,0,0,0,0,156600.30100758513,0.010613643812776852,-0.045373206964121171,0,0,0,0,76628.797981244395,76628.797981244395,0,0.48932727132837878,0,0,0,0,79971.503026340739,79971.503026340739,0,0.51067272867162128,0,0,0,0,0,0,0,0
TQQQ_50_QQQ_static,2025-02-07,277,2025-01-31,False,False,False,False,False,False,False,156600.30100758513,-4162.4235842769558,152437.87742330818,0,0,0,0,152437.87742330818,-0.02657992071212778,-0.070747111432687637,0,0,0,0,75637.442280854622,75637.442280854622,0,0.49618535471217107,0,0,0,0,76800.435142453556,76800.435142453556,0,0.50381464528782893,0,0,0,0,0,0,0,0
TQQQ_50_QQQ_static,2025-02-10,278,2025-01-31,False,False,False,False,False,False,False,152437.87742330818,3783.0369636728137,156220.91438698099,0,0,0,0,156220.91438698099,0.024816909206677007,-0.047685926867070183,0,0,0,0,76579.771565162053,76579.771565162053,0,0.49020178806189341,0,0,0,0,79641.142821818954,79641.142821818954,0,0.5097982119381067,0,0,0,0,0,0,0,0
TQQQ_50_QQQ_static,2025-02-11,279,2025-01-31,False,False,False,False,False,False,False,156220.91438698099,-932.94429098372348,155287.97009599727,0,0,0,0,155287.97009599727,-0.0059719551293413442,-0.053373103780860354,0,0,0,0,76358.536649283807,76358.536649283807,0,0.49172216368131944,0,0,0,0,78929.433446713461,78929.433446713461,0,0.50827783631868051,0,0,0,0,0,0,0,0
TQQQ_50_QQQ_static,2025-02-12,280,2025-01-31,False,False,False,False,False,False,False,155287.97009599727,346.08889643970178,155634.05899243697,0,0,0,0,155634.05899243697,0.0022286909683071343,-0.051263364966900093,0,0,0,0,76449.494963260382,76449.494963260382,0,0.49121314099361402,0,0,0,0,79184.564029176574,79184.564029176574,0,0.50878685900638587,0,0,0,0,0,0,0,0
TQQQ_50_QQQ_static,2025-02-13,281,2025-01-31,False,False,False,False,False,False,False,155634.05899243697,4475.6998873456614,160109.75887978263,0,0,0,0,160109.75887978263,0.028757843343038214,-0.023979745442817002,0,0,0,0,77545.062918257099,77545.062918257099,0,0.48432440009157285,0,0,0,0,82564.695961525518,82564.695961525518,0,0.51567559990842704,0,0,0,0,0,0,0,0
TQQQ_50_QQQ_static,2025-02-14,282,2025-01-31,False,False,False,False,False,False,False,160109.75887978263,1184.5207264886703,161294.2796062713,0,0,0,0,161294.2796062713,0.0073981794412547597,-0.016758972461303756,0,0,0,0,77850.140075272458,77850.140075272458,0,0.48265902712302733,0,0,0,0,83444.139530998844,83444.139530998844,0,0.51734097287697267,0,0,0,0,0,0,0,0
TQQQ_50_QQQ_static,2025-02-18,283,2025-01-31,False,False,False,False,False,False,False,161294.2796062713,703.0329560636892,161997.31256233499,0,0,0,0,161997.31256233499,0.0043586973932356887,-0.01247332235764842,0,0,0,0,78024.801031469862,78024.801031469862,0,0.48164256429529767,0,0,0,0,83972.511530865129,83972.511530865129,0,0.51835743570470239,0,0,0,0,0,0,0,0
TQQQ_50_QQQ_static,2025-02-19,284,2025-01-31,False,False,False,False,False,False,False,161997.31256233499,141.9051570573356,162139.21771939233,0,0,0,0,162139.21771939233,0.00087597229122393649,-0.011608276351189439,0,0,0,0,78063.05648702418,78063.05648702418,0,0.48145697003500226,0,0,0,0,84076.161232368162,84076.161232368162,0,0.51854302996499779,0,0,0,0,0,0,0,0
TQQQ_50_QQQ_static,2025-02-20,285,2025-01-31,False,False,False,False,False,False,False,162139.21771939233,-1571.9095234046981,160567.30819598763,0,0,0,0,160567.30819598763,-0.0096948137872796547,-0.02119055006085302,0,0,0,0,77697.978703162851,77697.978703162851,0,0.48389662613217066,0,0,0,0,82869.329492824778,82869.329492824778,0,0.51610337386782934,0,0,0,0,0,0,0,0
TQQQ_50_QQQ_static,2025-02-21,286,2025-01-31,False,False,False,False,False,False,False,160567.30819598763,-6776.5958798563224,153790.71231613131,0,0,0,0,153790.71231613131,-0.04220408223811567,-0.062500304581529442,0,0,0,0,76102.846261615457,76102.846261615457,0,0.49484682862498797,0,0,0,0,77687.866054515849,77687.866054515849,0,0.50515317137501203,0,0,0,0,0,0,0,0
TQQQ_50_QQQ_static,2025-02-24,287,2025-01-31,False,False,False,False,False,False,False,153790.71231613131,-3757.6005221427768,150033.11179398853,0,0,0,0,150033.11179398853,-0.024433208387894534,-0.085406430003276634,0,0,0,0,75183.724392999298,75183.724392999298,0,0.50111421068326956,0,0,0,0,74849.387400989232,74849.387400989232,0,0.4988857893167305,0,0,0,0,0,0,0,0
TQQQ_50_QQQ_static,2025-02-25,288,2025-01-31,False,False,False,False,False,False,False,150033.11179398853,-3741.8286771300773,146291.28311685845,0,0,0,0,146291.28311685845,-0.024940019122365542,-0.10821641112818747,0,0,0,0,74251.768537798256,74251.768537798256,0,0.50756112705967205,0,0,0,0,72039.514579060211,72039.514579060211,0,0.49243887294032801,0,0,0,0,0,0,0,0
TQQQ_50_QQQ_static,2025-02-26,289,2025-01-31,False,False,False,False,False,False,False,146291.28311685845,603.11828532139771,146894.40140217985,0,0,0,0,146894.40140217985,0.0041227219590358466,-0.10453983534363787,0,0,0,0,74412.332318046188,74412.332318046188,0,0.50657024098769998,0,0,0,0,72482.069084133647,72482.069084133647,0,0.49342975901229985,0,0,0,0,0,0,0,0
TQQQ_50_QQQ_static,2025-02-27,290,2025-01-31,False,False,False,False,False,False,False,146894.40140217985,-8055.0059211062035,138839.39548107365,0,0,0,0,138839.39548107365,-0.054835350048859421,-0.1536427069273788,0,0,0,0,72364.829660668271,72364.829660668271,0,0.52121250895631366,0,0,0,0,66474.565820405391,66474.565820405391,0,0.47878749104368645,0,0,0,0,0,0,0,0
TQQQ_50_QQQ_static,2025-02-28,291,2025-01-31,False,True,False,False,False,False,False,138839.39548107365,4374.78258017404,143214.17806124769,0,0,0,0,143214.17806124769,0.031509663125624865,-0.1269742737387447,0,0,0,0,73547.275735410163,73547.275735410163,0,0.51354744852116929,0,0,0,0,69666.902325837524,69666.902325837524,0,0.48645255147883076,0,0,0,0,0,0,0,0
TQQQ_50_QQQ_static,2025-03-03,292,2025-02-28,False,False,True,False,False,False,True,143214.17806124769,-6228.4858855251805,136985.69217572251,6877.2682142771446,6.8738312986278292,0.050204281228547011,0,136978.81834442387,-0.043538704067115352,-0.16498468247741194,0,0,0,0,71931.480194999822,68489.409172211934,-3442.0710227878881,0.5,0,0,0,0,65054.211980722677,68489.409172211934,3435.1971914892565,0.5,0,0,0,0,0,0,0,0
TQQQ_50_QQQ_static,2025-03-04,293,2025-02-28,False,False,False,False,False,False,False,136978.81834442387,-991.46922134008491,135987.34912308378,0,0,0,0,135987.34912308378,-0.0072381207059846187,-0.1710286241369865,0,0,0,0,68246.449000475288,68246.449000475288,0,0.50185880848890296,0,0,0,0,67740.900122608495,67740.900122608495,0,0.49814119151109704,0,0,0,0,0,0,0,0
TQQQ_50_QQQ_static,2025-03-05,294,2025-02-28,False,False,False,False,False,False,False,135987.34912308378,3661.8514786123415,139649.20060169612,0,0,0,0,139649.20060169612,0.026927883381989925,-0.14870617960073962,0,0,0,0,69172.209006063014,69172.209006063014,0,0.49532835639606859,0,0,0,0,70476.99159563311,70476.99159563311,0,0.50467164360393135,0,0,0,0,0,0,0,0
TQQQ_50_QQQ_static,2025-03-06,295,2025-02-28,False,False,False,False,False,False,False,139649.20060169612,-7831.0119369306194,131818.1886647655,0,0,0,0,131818.1886647655,-0.056076310520860262,-0.19644359621793805,0,0,0,0,67248.013944050006,67248.013944050006,0,0.51015732066439134,0,0,0,0,64570.174720715506,64570.174720715506,0,0.48984267933560877,0,0,0,0,0,0,0,0
TQQQ_50_QQQ_static,2025-03-07,296,2025-02-28,False,False,False,False,False,False,False,131818.1886647655,1920.6134689976752,133738.80213376318,0,0,0,0,133738.80213376318,0.014570170387351533,-0.184735642498986,0,0,0,0,67758.438319203022,67758.438319203022,0,0.5066475640437712,0,0,0,0,65980.363814560158,65980.363814560158,0,0.49335243595622885,0,0,0,0,0,0,0,0
TQQQ_50_QQQ_static,2025-03-10,297,2025-02-28,False,False,False,False,False,False,False,133738.80213376318,-10142.519637888006,123596.28249587517,0,0,0,0,123596.28249587517,-0.075838271885698805,-0.24656388250186745,0,0,0,0,65180.113530207571,65180.113530207571,0,0.527363058289256,0,0,0,0,58416.16896566761,58416.16896566761,0,0.47263694171074405,0,0,0,0,0,0,0,0
TQQQ_50_QQQ_static,2025-03-11,298,2025-02-28,False,False,False,False,False,False,False,123596.28249587517,-687.65643178821483,122908.62606408696,0,0,0,0,122908.62606408696,-0.0055637307037221806,-0.25075579816208493,0,0,0,0,64998.861849287554,64998.861849287554,0,0.52883889382504268,0,0,0,0,57909.764214799405,57909.764214799405,0,0.47116110617495732,0,0,0,0,0,0,0,0
TQQQ_50_QQQ_static,2025-03-12,299,2025-02-28,False,False,False,False,False,False,False,122908.62606408696,2681.0785077259497,125589.70457181291,0,0,0,0,125589.70457181291,0.021813591068278404,-0.23441209153291398,0,0,0,0,65732.936804341589,65732.936804341589,0,0.52339431029360473,0,0,0,0,59856.76776747132,59856.76776747132,0,0.47660568970639533,0,0,0,0,0,0,0,0
TQQQ_50_QQQ_static,2025-03-13,300,2025-02-28,False,False,False,False,False,False,False,125589.70457181291,-4645.0532662496844,120944.65130556322,0,0,0,0,120944.65130556322,-0.036985939907149157,-0.26272807990911762,0,0,0,0,64494.259731564794,64494.259731564794,0,0.53325433605676265,0,0,0,0,56450.391573998422,56450.391573998422,0,0.46674566394323724,0,0,0,0,0,0,0,0
TQQQ_50_QQQ_static,2025-03-14,301,2025-02-28,False,False,False,False,False,False,False,120944.65130556322,5810.9961504564417,126755.64745601967,0,0,0,0,126755.64745601967,0.048046739460806176,-0.22730456805274268,0,0,0,0,66110.378450664342,66110.378450664342,0,0.52155765662119802,0,0,0,0,60645.269005355323,60645.269005355323,0,0.47844234337880193,0,0,0,0,0,0,0,0
TQQQ_50_QQQ_static,2025-03-17,302,2025-02-28,False,False,False,False,False,False,False,126755.64745601967,1332.235305850947,128087.88276187061,0,0,0,0,128087.88276187061,0.010510263902152372,-0.2191833351469894,0,0,0,0,66469.796443059415,66469.796443059415,0,0.51893898946424177,0,0,0,0,61618.086318811198,61618.086318811198,0,0.48106101053575817,0,0,0,0,0,0,0,0
TQQQ_50_QQQ_static,2025-03-18,303,2025-02-28,False,False,False,False,False,False,False,128087.88276187061,-4189.8854040553415,123897.99735781527,0,0,0,0,123897.99735781527,-0.0327110208531185,-0.24472464535345873,0,0,0,0,65368.109773638345,65368.109773638345,0,0.52759617723970453,0,0,0,0,58529.887584176919,58529.887584176919,0,0.47240382276029547,0,0,0,0,0,0,0,0
TQQQ_50_QQQ_static,2025-03-19,304,2025-02-28,False,False,False,False,False,False,False,123897.99735781527,3114.5088402630063,127012.50619807828,0,0,0,0,127012.50619807828,0.02513768508516212,-0.22573877133576981,0,0,0,0,66217.437602390812,66217.437602390812,0,0.52134580746815229,0,0,0,0,60795.068595687473,60795.068595687473,0,0.47865419253184782,0,0,0,0,0,0,0,0
TQQQ_50_QQQ_static,2025-03-20,305,2025-02-28,False,False,False,False,False,False,False,127012.50619807828,-734.47376566387538,126278.0324324144,0,0,0,0,126278.0324324144,-0.0057826885528772243,-0.23021608287970308,0,0,0,0,66027.502948058289,66027.502948058289,0,0.52287402389958082,0,0,0,0,60250.529484356113,60250.529484356113,0,0.47712597610041918,0,0,0,0,0,0,0,0
TQQQ_50_QQQ_static,2025-03-21,306,2025-02-28,False,False,False,False,False,False,False,126278.0324324144,902.19966372777708,127180.23209614218,0,0,0,0,127180.23209614218,0.0071445495811841564,-0.22471632351703896,0,0,0,0,66282.982970495781,66282.982970495781,0,0.52117362799266642,0,0,0,0,60897.249125646398,60897.249125646398,0,0.47882637200733358,0,0,0,0,0,0,0,0
TQQQ_50_QQQ_static,2025-03-24,307,2025-02-28,False,False,False,False,False,False,False,127180.23209614218,5347.2918354067515,132527.52393154893,0,0,0,0,132527.52393154893,0.042044991955703104,-0.19211952757592488,0,0,0,0,67711.431476051876,67711.431476051876,0,0.51092353850227468,0,0,0,0,64816.092455497041,64816.092455497041,0,0.48907646149772516,0,0,0,0,0,0,0,0
TQQQ_50_QQQ_static,2025-03-25,308,2025-02-28,False,False,False,False,False,False,False,132527.52393154893,1374.3287141109759,133901.85264565991,0,0,0,0,133901.85264565991,0.010370138016166486,-0.18374169557632147,0,0,0,0,68071.386201843343,68071.386201843343,0,0.50836776980209841,0,0,0,0,65830.466443816564,65830.466443816564,0,0.49163223019790153,0,0,0,0,0,0,0,0
TQQQ_50_QQQ_static,2025-03-26,309,2025-02-28,False,False,False,False,False,False,False,133901.85264565991,-4864.5090786902292,129037.34356696968,0,0,0,0,129037.34356696968,-0.036328915415106522,-0.21339547447460749,0,0,0,0,66826.68253190117,66826.68253190117,0,0.5178863783507639,0,0,0,0,62210.661035068508,62210.661035068508,0,0.4821136216492361,0,0,0,0,0,0,0,0
TQQQ_50_QQQ_static,2025-03-27,310,2025-02-28,False,False,False,False,False,False,False,129037.34356696968,-1528.8606017846614,127508.48296518502,0,0,0,0,127508.48296518502,-0.011848202694836107,-0.22271532433370766,0,0,0,0,66429.137078817061,66429.137078817061,0,0.52097817756136988,0,0,0,0,61079.345886367955,61079.345886367955,0,0.47902182243863017,0,0,0,0,0,0,0,0
TQQQ_50_QQQ_static,2025-03-28,311,2025-02-28,False,False,False,False,False,False,False,127508.48296518502,-6575.5702649333543,120932.91270025166,0,0,0,0,120932.91270025166,-0.051569669029226439,-0.26279963779930804,0,0,0,0,64694.661878845123,64694.661878845123,0,0.53496323237661081,0,0,0,0,56238.250821406538,56238.250821406538,0,0.46503676762338914,0,0,0,0,0,0,0,0
TQQQ_50_QQQ_static,2025-03-31,312,2025-02-28,False,True,False,False,False,False,False,120932.91270025166,-49.282188642595429,120883.63051160907,0,0,0,0,120883.63051160907,-0.0004075167590211759,-0.26310005930166125,0,0,0,0,64686.967831614791,64686.967831614791,0,0.53511767935694632,0,0,0,0,56196.662679994275,56196.662679994275,0,0.46488232064305368,0,0,0,0,0,0,0,0
TQQQ_50_QQQ_static,2025-04-01,313,2025-03-31,False,False,True,False,False,False,True,120883.63051160907,1895.7722367603274,122779.40274836939,7654.0111362648749,7.6501860432432585,0.062339537128645352,0,122771.75256232616,0.015619336073263934,-0.25159017147552565,0,0,0,0,65216.706942317134,61385.87628116308,-3830.8306611540538,0.5,0,0,0,0,57562.695806052259,61385.87628116308,3823.1804751108211,0.5,0,0,0,0,0,0,0,0
TQQQ_50_QQQ_static,2025-04-02,314,2025-03-31,False,False,False,False,False,False,False,122771.75256232616,1839.2616312074679,124611.01419353363,0,0,0,0,124611.01419353363,0.014981146662981448,-0.24037813407038366,0,0,0,0,61849.859310608073,61849.859310608073,0,0.49634343890780735,0,0,0,0,62761.154882925548,62761.154882925548,0,0.50365656109219259,0,0,0,0,0,0,0,0
TQQQ_50_QQQ_static,2025-04-03,315,2025-03-31,False,False,False,False,False,False,False,124611.01419353363,-13540.628183348308,111070.38601018532,0,0,0,0,111070.38601018532,-0.10866317292240579,-0.32292105624353418,0,0,0,0,58507.610226228389,58507.610226228389,0,0.52676156379670058,0,0,0,0,52562.775783956931,52562.775783956931,0,0.47323843620329947,0,0,0,0,0,0,0,0
TQQQ_50_QQQ_static,2025-04-04,316,2025-03-31,False,False,False,False,False,False,False,111070.38601018532,-13163.814763462491,97906.57124672283,0,0,0,0,97906.57124672283,-0.11851777270545683,-0.4031669446033137,0,0,0,0,54958.402894831837,54958.402894831837,0,0.56133518103026647,0,0,0,0,42948.168351890992,42948.168351890992,0,0.43866481896973358,0,0,0,0,0,0,0,0
TQQQ_50_QQQ_static,2025-04-07,317,2025-03-31,False,False,False,False,False,False,False,97906.57124672283,329.31772393835126,98235.888970661181,0,0,0,0,98235.888970661181,0.0033635916337879657,-0.40115944193141329,0,0,0,0,55061.680380071622,55061.680380071622,0,0.56050472955475739,0,0,0,0,43174.208590589551,43174.208590589551,0,0.4394952704452425,0,0,0,0,0,0,0,0
TQQQ_50_QQQ_static,2025-04-08,318,2025-03-31,False,False,False,False,False,False,False,98235.888970661181,-3614.8182305869705,94621.07074007421,0,0,0,0,94621.07074007421,-0.036797328028115639,-0.42319517438320298,0,0,0,0,53986.650689901042,53986.650689901042,0,0.5705563281798337,0,0,0,0,40634.420050173168,40634.420050173168,0,0.4294436718201663,0,0,0,0,0,0,0,0
TQQQ_50_QQQ_static,2025-04-09,319,2025-03-31,False,False,False,False,False,False,False,94621.07074007421,21123.69479821797,115744.76553829218,0,0,0,0,115744.76553829218,0.2232451464879861,-0.29442629659340369,0,0,0,0,60475.678280088163,60475.678280088163,0,0.52249169108283189,0,0,0,0,55269.08725820401,55269.08725820401,0,0.47750830891716806,0,0,0,0,0,0,0,0
TQQQ_50_QQQ_static,2025-04-10,320,2025-03-31,False,False,False,False,False,False,False,115744.76553829218,-9489.6146242793038,106255.15091401288,0,0,0,0,106255.15091401288,-0.081987419302688269,-0.35227446366355097,0,0,0,0,57945.195132372544,57945.195132372544,0,0.54534010477538897,0,0,0,0,48309.955781640332,48309.955781640332,0,0.45465989522461109,0,0,0,0,0,0,0,0
TQQQ_50_QQQ_static,2025-04-11,321,2025-03-31,False,False,False,False,False,False,False,106255.15091401288,3779.0777243875345,110034.22863840041,0,0,0,0,110034.22863840041,0.035566066133073893,-0.32923741440212806,0,0,0,0,59039.404348238699,59039.404348238699,0,0.53655489822404923,0,0,0,0,50994.82429016172,50994.82429016172,0,0.46344510177595083,0,0,0,0,0,0,0,0
TQQQ_50_QQQ_static,2025-04-14,322,2025-03-31,False,False,False,False,False,False,False,110034.22863840041,1189.4360749079497,111223.66471330836,0,0,0,0,111223.66471330836,0.010809691580760061,-0.32198667772790179,0,0,0,0,59373.109190942589,59373.109190942589,0,0.53381723524380831,0,0,0,0,51850.555522365772,51850.555522365772,0,0.46618276475619169,0,0,0,0,0,0,0,0
TQQQ_50_QQQ_static,2025-04-15,323,2025-03-31,False,False,False,False,False,False,False,111223.66471330836,371.7079246090434,111595.3726379174,0,0,0,0,111595.3726379174,0.0033419859484684622,-0.31972076673199401,0,0,0,0,59480.807137543692,59480.807137543692,0,0.53300424320043494,0,0,0,0,52114.565500373719,52114.565500373719,0,0.46699575679956512,0,0,0,0,0,0,0,0
TQQQ_50_QQQ_static,2025-04-16,324,2025-03-31,False,False,False,False,False,False,False,111595.3726379174,-6578.5017881625972,105016.87084975481,0,0,0,0,105016.87084975481,-0.058949592914638305,-0.35982295060142522,0,0,0,0,57672.057725435916,57672.057725435916,0,0.54916945495306169,0,0,0,0,47344.813124318891,47344.813124318891,0,0.45083054504693837,0,0,0,0,0,0,0,0
TQQQ_50_QQQ_static,2025-04-17,325,2025-03-31,False,False,False,False,False,False,False,105016.87084975481,-54.870661652355921,104962.00018810245,0,0,0,0,104962.00018810245,-0.00052249377846025347,-0.36015743912684905,0,0,0,0,57673.14797433596,57673.14797433596,0,0.54946692966006638,0,0,0,0,47288.852213766491,47288.852213766491,0,0.45053307033993367,0,0,0,0,0,0,0,0
TQQQ_50_QQQ_static,2025-04-21,326,2025-03-31,False,False,False,False,False,False,False,104962.00018810245,-4935.7996139824681,100026.20057411998,0,0,0,0,100026.20057411998,-0.047024633725891496,-0.39024580119414543,0,0,0,0,56251.275143712832,56251.275143712832,0,0.56236540847145666,0,0,0,0,43774.925430407151,43774.925430407151,0,0.43763459152854339,0,0,0,0,0,0,0,0
TQQQ_50_QQQ_static,2025-04-22,327,2025-03-31,False,False,False,False,False,False,False,100026.20057411998,4913.2932765042351,104939.49385062422,0,0,0,0,104939.49385062422,0.049120063026521388,-0.36029463651811577,0,0,0,0,57729.405310962327,57729.405310962327,0,0.55012086672665927,0,0,0,0,47210.088539661891,47210.088539661891,0,0.44987913327334073,0,0,0,0,0,0,0,0
TQQQ_50_QQQ_static,2025-04-23,328,2025-03-31,False,False,False,False,False,False,False,104939.49385062422,4531.1442517854739,109470.63810240969,0,0,0,0,109470.63810240969,0.043178636426771,-0.33267303120807612,0,0,0,0,59045.673701387161,59045.673701387161,0,0.53937452749795778,0,0,0,0,50424.964401022538,50424.964401022538,0,0.46062547250204228,0,0,0,0,0,0,0,0
TQQQ_50_QQQ_static,2025-04-24,329,2025-03-31,False,False,False,False,False,False,False,109470.63810240969,5844.7874569737469,115315.42555938344,0,0,0,0,115315.42555938344,0.053391371040570235,-0.29704352941192746,0,0,0,0,60691.300870274943,60691.300870274943,0,0.526306871573058,0,0,0,0,54624.124689108503,54624.124689108503,0,0.47369312842694211,0,0,0,0,0,0,0,0
TQQQ_50_QQQ_static,2025-04-25,330,2025-03-31,False,False,False,False,False,False,False,115315.42555938344,2500.8928937431774,117816.31845312662,0,0,0,0,117816.31845312662,0.02168740982927142,-0.28179822434214585,0,0,0,0,61381.152258776594,61381.152258776594,0,0.52099024196887611,0,0,0,0,56435.166194350015,56435.166194350015,0,0.47900975803112389,0,0,0,0,0,0,0,0
TQQQ_50_QQQ_static,2025-04-28,331,2025-03-31,False,False,False,False,False,False,False,117816.31845312662,-81.049830998381367,117735.26862212823,0,0,0,0,117735.26862212823,-0.00068793382837395445,-0.28229229963921909,0,0,0,0,61364.117525456844,61364.117525456844,0,0.52120420876097207,0,0,0,0,56371.151096671398,56371.151096671398,0,0.47879579123902805,0,0,0,0,0,0,0,0
TQQQ_50_QQQ_static,2025-04-29,332,2025-03-31,False,False,False,False,False,False,False,117735.26862212823,1375.7910786454449,119111.05970077368,0,0,0,0,119111.05970077368,0.011685462603912233,-0.27390555314611331,0,0,0,0,61735.436409644964,61735.436409644964,0,0.51830146222134543,0,0,0,0,57375.623291128722,57375.623291128722,0,0.48169853777865468,0,0,0,0,0,0,0,0
TQQQ_50_QQQ_static,2025-04-30,333,2025-03-31,False,True,False,False,False,False,False,119111.05970077368,309.94983001773653,119421.00953079142,0,0,0,0,119421.00953079142,0.0026021918602385785,-0.2720161160867457,0,0,0,0,61822.693195613989,61822.693195613989,0,0.51768690817903085,0,0,0,0,57598.316335177427,57598.316335177427,0,0.4823130918209691,0,0,0,0,0,0,0,0
TQQQ_50_QQQ_static,2025-05-01,334,2025-04-30,False,False,True,False,False,False,True,119421.00953079142,2565.7880520594626,121986.79758285088,3020.386938087795,3.0188774993381342,0.024759949420234691,0,121983.77870535155,0.02145995235368825,-0.2563936166237144,0,0,0,0,62503.592260469333,60991.889352675775,-1511.7029077935586,0.5,0,0,0,0,59483.205322381538,60991.889352675775,1508.6840302942364,0.5,0,0,0,0,0,0,0,0
TQQQ_50_QQQ_static,2025-05-02,335,2025-04-30,False,False,False,False,False,False,False,121983.77870535155,3850.9737787469639,125834.75248409851,0,0,0,0,125834.75248409851,0.031569556375597108,-0.2329182929824628,0,0,0,0,61967.522318134463,61967.522318134463,0,0.49245157712663817,0,0,0,0,63867.230165964043,63867.230165964043,0,0.50754842287336177,0,0,0,0,0,0,0,0
TQQQ_50_QQQ_static,2025-05-05,336,2025-04-30,False,False,False,False,False,False,False,125834.75248409851,-1723.7973474478349,124110.95513665068,0,0,0,0,124110.95513665068,-0.013698897271369193,-0.24342646648564259,0,0,0,0,61551.458587622124,61551.458587622124,0,0.49593896461316994,0,0,0,0,62559.496549028561,62559.496549028561,0,0.50406103538683011,0,0,0,0,0,0,0,0
TQQQ_50_QQQ_static,2025-05-06,337,2025-04-30,False,False,False,False,False,False,False,124110.95513665068,-2218.7304020385782,121892.2247346121,0,0,0,0,121892.2247346121,-0.01787699079098759,-0.25695172457698368,0,0,0,0,61007.802706152608,61007.802706152608,0,0.50050610561076292,0,0,0,0,60884.422028459492,60884.422028459492,0,0.49949389438923714,0,0,0,0,0,0,0,0
TQQQ_50_QQQ_static,2025-05-07,338,2025-04-30,False,False,False,False,False,False,False,121892.2247346121,925.55599203481688,122817.78072664692,0,0,0,0,122817.78072664692,0.0075932324153569208,-0.25130958632586664,0,0,0,0,61243.615821904954,61243.615821904954,0,0.49865431096018292,0,0,0,0,61574.164904741963,61574.164904741963,0,0.50134568903981702,0,0,0,0,0,0,0,0
TQQQ_50_QQQ_static,2025-05-08,339,2025-04-30,False,False,False,False,False,False,False,122817.78072664692,2398.8600794963131,125216.64080614323,0,0,0,0,125216.64080614323,0.0195318631007948,-0.23668626766110601,0,0,0,0,61846.098443019204,61846.098443019204,0,0.4939127742515273,0,0,0,0,63370.542363124034,63370.542363124034,0,0.50608722574847276,0,0,0,0,0,0,0,0
TQQQ_50_QQQ_static,2025-05-09,340,2025-04-30,False,False,False,False,False,False,False,125216.64080614323,-78.071100422544987,125138.56970572069,0,0,0,0,125138.56970572069,-0.00062348821945645838,-0.23716218478096862,0,0,0,0,61841.281017686211,61841.281017686211,0,0.49418241844312172,0,0,0,0,63297.288688034474,63297.288688034474,0,0.50581758155687828,0,0,0,0,0,0,0,0
TQQQ_50_QQQ_static,2025-05-12,341,2025-04-30,False,False,False,False,False,False,False,125138.56970572069,10138.29449532427,135276.86420104495,0,0,0,0,135276.86420104495,0.081016544452807482,-0.17535970101399345,0,0,0,0,64336.310649786421,64336.310649786421,0,0.47558990245494953,0,0,0,0,70940.553551258534,70940.553551258534,0,0.52441009754505052,0,0,0,0,0,0,0,0
TQQQ_50_QQQ_static,2025-05-13,342,2025-04-30,False,False,False,False,False,False,False,135276.86420104495,4351.5257902060403,139628.389991251,0,0,0,0,139628.389991251,0.032167553675245708,-0.14883303993359043,0,0,0,0,65351.63026526961,65351.63026526961,0,0.46803970359727337,0,0,0,0,74276.759725981377,74276.759725981377,0,0.53196029640272657,0,0,0,0,0,0,0,0
TQQQ_50_QQQ_static,2025-05-14,343,2025-04-30,False,False,False,False,False,False,False,139628.389991251,1628.4025659178733,141256.79255716887,0,0,0,0,141256.79255716887,0.01166240308306854,-0.13890638775430575,0,0,0,0,65726.461887634432,65726.461887634432,0,0.46529770850512475,0,0,0,0,75530.330669534422,75530.330669534422,0,0.53470229149487514,0,0,0,0,0,0,0,0
TQQQ_50_QQQ_static,2025-05-15,344,2025-04-30,False,False,False,False,False,False,False,141256.79255716887,253.81356760047493,141510.60612476934,0,0,0,0,141510.60612476934,0.0017968238058199137,-0.13735915425278333,0,0,0,0,65789.472690982628,65789.472690982628,0,0.4649084227155123,0,0,0,0,75721.133433786716,75721.133433786716,0,0.53509157728448775,0,0,0,0,0,0,0,0
TQQQ_50_QQQ_static,2025-05-16,345,2025-04-30,False,False,False,False,False,False,False,141510.60612476934,1259.6805672517221,142770.28669202107,0,0,0,0,142770.28669202107,0.008901668940213936,-0.12968021102963534,0,0,0,0,66086.344705849406,66086.344705849406,0,0.46288584436626157,0,0,0,0,76683.941986171674,76683.941986171674,0,0.53711415563373854,0,0,0,0,0,0,0,0
TQQQ_50_QQQ_static,2025-05-19,346,2025-04-30,False,False,False,False,False,False,False,142770.28669202107,243.77511688065715,143014.06180890172,0,0,0,0,143014.06180890172,0.0017074639445566753,-0.12819417136973421,0,0,0,0,66145.752227592529,66145.752227592529,0,0.46251222705623046,0,0,0,0,76868.309581309208,76868.309581309208,0,0.5374877729437697,0,0,0,0,0,0,0,0
TQQQ_50_QQQ_static,2025-05-20,347,2025-04-30,False,False,False,False,False,False,False,143014.06180890172,-1124.3659968262946,141889.69581207543,0,0,0,0,141889.69581207543,-0.0078619261812779007,-0.13504824443883312,0,0,0,0,65900.215826203712,65900.215826203712,0,0.46444680460436449,0,0,0,0,75989.479985871716,75989.479985871716,0,0.53555319539563551,0,0,0,0,0,0,0,0
TQQQ_50_QQQ_static,2025-05-21,348,2025-04-30,False,False,False,False,False,False,False,141889.69581207543,-3971.254571784375,137918.44124029105,0,0,0,0,137918.44124029105,-0.027988322542068622,-0.15925679315680752,0,0,0,0,65015.268361852774,65015.268361852774,0,0.47140373525958484,0,0,0,0,72903.172878438287,72903.172878438287,0,0.52859626474041521,0,0,0,0,0,0,0,0
TQQQ_50_QQQ_static,2025-05-22,349,2025-04-30,False,False,False,False,False,False,False,137918.44124029105,415.07377346386784,138333.51501375492,0,0,0,0,138333.51501375492,0.0030095596334409613,-0.15672652633940265,0,0,0,0,65116.413135335511,65116.413135335511,0,0.47072044058781265,0,0,0,0,73217.101878419417,73217.101878419417,0,0.52927955941218741,0,0,0,0,0,0,0,0
TQQQ_50_QQQ_static,2025-05-23,350,2025-04-30,False,False,False,False,False,False,False,138333.51501375492,-2737.9340935030195,135595.5809202519,0,0,0,0,135595.5809202519,-0.019792268657604639,-0.17341682148192472,0,0,0,0,64510.557822367264,64510.557822367264,0,0.47575708134845474,0,0,0,0,71085.023097884623,71085.023097884623,0,0.52424291865154515,0,0,0,0,0,0,0,0
TQQQ_50_QQQ_static,2025-05-27,351,2025-04-30,False,False,False,False,False,False,False,135595.5809202519,6597.2018780120416,142192.78279826394,0,0,0,0,142192.78279826394,0.048653516827307675,-0.13320064289672595,0,0,0,0,66048.107983908223,66048.107983908223,0,0.46449690824051176,0,0,0,0,76144.674814355705,76144.674814355705,0,0.53550309175948818,0,0,0,0,0,0,0,0
TQQQ_50_QQQ_static,2025-05-28,352,2025-04-30,False,False,False,False,False,False,False,142192.78279826394,-1349.8580903664988,140842.92470789744,0,0,0,0,140842.92470789744,-0.0094931547424710327,-0.14142930332438186,0,0,0,0,65749.542021254529,65749.542021254529,0,0.46682886028969101,0,0,0,0,75093.382686642915,75093.382686642915,0,0.53317113971030894,0,0,0,0,0,0,0,0
TQQQ_50_QQQ_static,2025-05-29,353,2025-04-30,False,False,False,False,False,False,False,140842.92470789744,594.85154909850098,141437.77625699595,0,0,0,0,141437.77625699595,0.0042235103419798747,-0.13780312110765147,0,0,0,0,65890.285136488936,65890.285136488936,0,0.46586058463450852,0,0,0,0,75547.491120507009,75547.491120507009,0,0.53413941536549148,0,0,0,0,0,0,0,0
TQQQ_50_QQQ_static,2025-05-30,354,2025-04-30,False,True,False,False,False,False,False,141437.77625699595,-353.74338811699999,141084.03286887895,0,0,0,0,141084.03286887895,-0.0025010530954208132,-0.1399595212804674,0,0,0,0,65826.231611354189,65826.231611354189,0,0.46657463834005897,0,0,0,0,75257.801257524756,75257.801257524756,0,0.53342536165994103,0,0,0,0,0,0,0,0
TQQQ_50_QQQ_static,2025-06-02,355,2025-05-30,False,False,True,False,False,False,True,141084.03286887895,2034.48508999162,143118.51795887057,10538.948623636374,10.544220734003385,0.073637910550925764,0,143107.97373813656,0.014345640878713928,-0.12762168943159968,0,0,0,0,66289.784667617103,71553.986869068278,5264.2022014511749,0.5,0,0,0,0,76828.733291253477,71553.986869068278,-5274.7464221851988,0.5,0,0,0,0,0,0,0,0
TQQQ_50_QQQ_static,2025-06-03,356,2025-05-30,False,False,False,False,False,False,False,143107.97373813656,2251.9650734723837,145359.93881160894,0,0,0,0,145359.93881160894,0.015736125770273945,-0.11389383461723623,0,0,0,0,72121.91858846425,72121.91858846425,0,0.49616090360313464,0,0,0,0,73238.020223144689,73238.020223144689,0,0.50383909639686542,0,0,0,0,0,0,0,0
TQQQ_50_QQQ_static,2025-06-04,357,2025-05-30,False,False,False,False,False,False,False,145359.93881160894,798.00082315210602,146157.93963476105,0,0,0,0,146157.93963476105,0.0054898263557081606,-0.10902926563656234,0,0,0,0,72324.479419704046,72324.479419704046,0,0.49483784186092183,0,0,0,0,73833.460215056999,73833.460215056999,0,0.50516215813907817,0,0,0,0,0,0,0,0
TQQQ_50_QQQ_static,2025-06-05,358,2025-05-30,False,False,False,False,False,False,False,146157.93963476105,-2365.3231678840821,143792.61646687696,0,0,0,0,143792.61646687696,-0.016183336832709005,-0.12344814513885194,0,0,0,0,71747.973459531015,71747.973459531015,0,0.49896841174775036,0,0,0,0,72044.643007345949,72044.643007345949,0,0.50103158825224958,0,0,0,0,0,0,0,0
TQQQ_50_QQQ_static,2025-06-06,359,2025-05-30,False,False,False,False,False,False,False,143792.61646687696,2836.478578333481,146629.09504521044,0,0,0,0,146629.09504521044,0.01972617682345934,-0.10615712825492973,0,0,0,0,72470.695005679256,72470.695005679256,0,0.49424498584905147,0,0,0,0,74158.400039531203,74158.400039531203,0,0.5057550141509487,0,0,0,0,0,0,0,0
TQQQ_50_QQQ_static,2025-06-09,360,2025-05-30,False,False,False,False,False,False,False,146629.09504521044,477.59601033880608,147106.69105554925,0,0,0,0,147106.69105554925,0.0032571708240547448,-0.10324572933179244,0,0,0,0,72593.78396497012,72593.78396497012,0,0.49347710457002825,0,0,0,0,74512.907090579145,74512.907090579145,0,0.50652289542997186,0,0,0,0,0,0,0,0
TQQQ_50_QQQ_static,2025-06-10,361,2025-05-30,False,False,False,False,False,False,False,147106.69105554925,1934.3038715113071,149040.99492706056,0,0,0,0,149040.99492706056,0.01314898634203443,-0.091454319674615037,0,0,0,0,73073.200488351431,73073.200488351431,0,0.49028926923168259,0,0,0,0,75967.794438709112,75967.794438709112,0,0.5097107307683173,0,0,0,0,0,0,0,0
TQQQ_50_QQQ_static,2025-06-11,362,2025-05-30,False,False,False,False,False,False,False,149040.99492706056,-1133.8643042824115,147907.13062277815,0,0,0,0,147907.13062277815,-0.0076077344011110659,-0.098366293901807289,0,0,0,0,72803.378447119103,72803.378447119103,0,0.49222358746716949,0,0,0,0,75103.752175659029,75103.752175659029,0,0.50777641253283046,0,0,0,0,0,0,0,0
TQQQ_50_QQQ_static,2025-06-12,363,2025-05-30,False,False,False,False,False,False,False,147907.13062277815,691.25026673931279,148598.38088951746,0,0,0,0,148598.38088951746,0.0046735425386776885,-0.094152470422051771,0,0,0,0,72977.701695212862,72977.701695212862,0,0.49110697746748405,0,0,0,0,75620.679194304597,75620.679194304597,0,0.508893022532516,0,0,0,0,0,0,0,0
TQQQ_50_QQQ_static,2025-06-13,364,2025-05-30,False,False,False,False,False,False,False,148598.38088951746,-3894.8739568725287,144703.50693264493,0,0,0,0,144703.50693264493,-0.026210742900142137,-0.11789540712654822,0,0,0,0,72047.042091636351,72047.042091636351,0,0.49789423642076658,0,0,0,0,72656.464841008565,72656.464841008565,0,0.50210576357923331,0,0,0,0,0,0,0,0
TQQQ_50_QQQ_static,2025-06-16,365,2025-05-30,False,False,False,False,False,False,False,144703.50693264493,4087.3298480593949,148790.83678070433,0,0,0,0,148790.83678070433,0.028246239049077859,-0.092979269929955088,0,0,0,0,73067.671186181309,73067.671186181309,0,0.49107641819282355,0,0,0,0,75723.165594523016,75723.165594523016,0,0.50892358180717645,0,0,0,0,0,0,0,0
TQQQ_50_QQQ_static,2025-06-17,366,2025-05-30,False,False,False,False,False,False,False,148790.83678070433,-3011.9350030148053,145778.90177768952,0,0,0,0,145778.90177768952,-0.020242745240111493,-0.11133985949626291,0,0,0,0,72340.403771661426,72340.403771661426,0,0.49623369972960407,0,0,0,0,73438.498006028109,73438.498006028109,0,0.50376630027039604,0,0,0,0,0,0,0,0
TQQQ_50_QQQ_static,2025-06-18,367,2025-05-30,False,False,False,False,False,False,False,145778.90177768952,-33.918415671214461,145744.98336201831,0,0,0,0,145744.98336201831,-0.00023267026474749208,-0.11154662428642448,0,0,0,0,72343.344499928426,72343.344499928426,0,0.49636936264374626,0,0,0,0,73401.638862089894,73401.638862089894,0,0.50363063735625391,0,0,0,0,0,0,0,0
TQQQ_50_QQQ_static,2025-06-20,368,2025-05-30,False,False,False,False,False,False,False,145744.98336201831,-1292.7859495509183,144452.19741246739,0,0,0,0,144452.19741246739,-0.0088701917536313513,-0.11942737609316501,0,0,0,0,72040.361415644904,72040.361415644904,0,0.49871419546454915,0,0,0,0,72411.835996822483,72411.835996822483,0,0.5012858045354508,0,0,0,0,0,0,0,0
TQQQ_50_QQQ_static,2025-06-23,369,2025-05-30,False,False,False,False,False,False,False,144452.19741246739,3045.921646938601,147498.11905940599,0,0,0,0,147498.11905940599,0.021086018084178537,-0.10085960582103304,0,0,0,0,72804.112706062748,72804.112706062748,0,0.4935934991600831,0,0,0,0,74694.006353343255,74694.006353343255,0,0.50640650083991701,0,0,0,0,0,0,0,0
TQQQ_50_QQQ_static,2025-06-24,370,2025-05-30,False,False,False,False,False,False,False,147498.11905940599,4516.1365468572185,152014.25560626321,0,0,0,0,152014.25560626321,0.03061826534234191,-0.073329486652043641,0,0,0,0,73916.721850734422,73916.721850734422,0,0.48624861895971383,0,0,0,0,78097.533755528784,78097.533755528784,0,0.51375138104028617,0,0,0,0,0,0,0,0
TQQQ_50_QQQ_static,2025-06-25,371,2025-05-30,False,False,False,False,False,False,False,152014.25560626321,633.61886107173632,152647.87446733494,0,0,0,0,152647.87446733494,0.0041681542204363708,-0.069466981040878339,0,0,0,0,74074.547099345742,74074.547099345742,0,0.48526418961173889,0,0,0,0,78573.327367989201,78573.327367989201,0,0.51473581038826111,0,0,0,0,0,0,0,0
TQQQ_50_QQQ_static,2025-06-26,372,2025-05-30,False,False,False,False,False,False,False,152647.87446733494,2893.9588589334162,155541.83332626836,0,0,0,0,155541.83332626836,0.018958396040769543,-0.051825567538438366,0,0,0,0,74772.037579022013,74772.037579022013,0,0.48071979081137839,0,0,0,0,80769.79574724636,80769.79574724636,0,0.51928020918862172,0,0,0,0,0,0,0,0
TQQQ_50_QQQ_static,2025-06-27,373,2025-05-30,False,False,False,False,False,False,False,155541.83332626836,1159.9767708329309,156701.81009710129,0,0,0,0,156701.81009710129,0.0074576513985129544,-0.044754413156157136,0,0,0,0,75062.462087891618,75062.462087891618,0,0.47901464597874571,0,0,0,0,81639.348009209672,81639.348009209672,0,0.52098535402125423,0,0,0,0,0,0,0,0
TQQQ_50_QQQ_static,2025-06-30,374,2025-05-30,False,True,False,False,False,False,False,156701.81009710129,2036.7146281167225,158738.52472521801,0,0,0,0,158738.52472521801,0.012997390565269606,-0.032338713178197587,0,0,0,0,75546.183020641547,75546.183020641547,0,0.47591586951821968,0,0,0,0,83192.341704576451,83192.341704576451,0,0.52408413048178026,0,0,0,0,0,0,0,0
TQQQ_50_QQQ_static,2025-07-01,375,2025-06-30,False,False,True,False,False,False,True,158738.52472521801,-2905.5497265202866,155832.97499869773,6079.4391566667182,6.0824803968651544,0.039012533494387332,0,155826.89251830085,-0.018342316157702099,-0.050087862434651909,0,0,0,0,74876.767921015504,77913.446259150427,3036.6783381349233,0.5,0,0,0,0,80956.207077682222,77913.446259150427,-3042.7608185317949,0.5,0,0,0,0,0,0,0,0
TQQQ_50_QQQ_static,2025-07-02,376,2025-06-30,False,False,False,False,False,False,False,155826.89251830085,2263.8958464641473,158090.788364765,0,0,0,0,158090.788364765,0.014528274355456672,-0.036287278286524116,0,0,0,0,78486.153444592986,78486.153444592986,0,0.49646253432237197,0,0,0,0,79604.63492017203,79604.63492017203,0,0.50353746567762814,0,0,0,0,0,0,0,0
TQQQ_50_QQQ_static,2025-07-03,377,2025-06-30,False,False,False,False,False,False,False,158090.788364765,3088.4885251171654,161179.27688988217,0,0,0,0,161179.27688988217,0.019536170051799973,-0.017460022674046782,0,0,0,0,79273.225626748899,79273.225626748899,0,0.49183261742083906,0,0,0,0,81906.051263133268,81906.051263133268,0,0.50816738257916094,0,0,0,0,0,0,0,0
TQQQ_50_QQQ_static,2025-07-07,378,2025-06-30,False,False,False,False,False,False,False,161179.27688988217,-2604.4244911589194,158574.85239872325,0,0,0,0,158574.85239872325,-0.016158556741374785,-0.033336450648337235,0,0,0,0,78643.413080166458,78643.413080166458,0,0.49593874369451818,0,0,0,0,79931.439318556775,79931.439318556775,0,0.50406125630548171,0,0,0,0,0,0,0,0
TQQQ_50_QQQ_static,2025-07-08,379,2025-06-30,False,False,False,False,False,False,False,158574.85239872325,209.23961496975971,158784.09201369301,0,0,0,0,158784.09201369301,0.0013195006131467846,-0.032060937502261133,0,0,0,0,78701.204403141412,78701.204403141412,0,0.49564917621819748,0,0,0,0,80082.887610551581,80082.887610551581,0,0.5043508237818024,0,0,0,0,0,0,0,0
TQQQ_50_QQQ_static,2025-07-09,380,2025-06-30,False,False,False,False,False,False,False,158784.09201369301,2258.1103902941395,161042.20240398715,0,0,0,0,161042.20240398715,0.014221263362449443,-0.0182956211756784,0,0,0,0,79264.462838272768,79264.462838272768,0,0.49219683818923171,0,0,0,0,81777.739565714379,81777.739565714379,0,0.50780316181076823,0,0,0,0,0,0,0,0
TQQQ_50_QQQ_static,2025-07-10,381,2025-06-30,False,False,False,False,False,False,False,161042.20240398715,-527.22852205549134,160514.97388193166,0,0,0,0,160514.97388193166,-0.0032738531526841363,-0.0215095771512962,0,0,0,0,79141.83551386348,79141.83551386348,0,0.49304954920951499,0,0,0,0,81373.138368068176,81373.138368068176,0,0.50695045079048495,0,0,0,0,0,0,0,0
TQQQ_50_QQQ_static,2025-07-11,382,2025-06-30,False,False,False,False,False,False,False,160514.97388193166,-760.66128710625344,159754.3125948254,0,0,0,0,159754.3125948254,-0.0047388805462209582,-0.026146526380797508,0,0,0,0,78972.989035513514,78972.989035513514,0,0.49434026382628948,0,0,0,0,80781.323559311873,80781.323559311873,0,0.50565973617371041,0,0,0,0,0,0,0,0
TQQQ_50_QQQ_static,2025-07-14,383,2025-06-30,False,False,False,False,False,False,False,159754.3125948254,1029.6600298891135,160783.97262471452,0,0,0,0,160783.97262471452,0.0064452722005732266,-0.019869775659847932,0,0,0,0,79231.718453637834,79231.718453637834,0,0.49278368459381455,0,0,0,0,81552.254171076682,81552.254171076682,0,0.50721631540618539,0,0,0,0,0,0,0,0
TQQQ_50_QQQ_static,2025-07-15,384,2025-06-30,False,False,False,False,False,False,False,160783.97262471452,382.8573466007656,161166.82997131528,0,0,0,0,161166.82997131528,0.0023811909878255211,-0.017535898402753713,0,0,0,0,79331.63452907071,79331.63452907071,0,0.49223301434414435,0,0,0,0,81835.195442244571,81835.195442244571,0,0.50776698565585565,0,0,0,0,0,0,0,0
TQQQ_50_QQQ_static,2025-07-16,385,2025-06-30,False,False,False,False,False,False,False,161166.82997131528,305.20154849725077,161472.03151981253,0,0,0,0,161472.03151981253,0.0018936995196316975,-0.015675406605503595,0,0,0,0,79412.218305226852,79412.218305226852,0,0.49180169195730356,0,0,0,0,82059.813214585694,82059.813214585694,0,0.5081983080426965,0,0,0,0,0,0,0,0
TQQQ_50_QQQ_static,2025-07-17,386,2025-06-30,False,False,False,False,False,False,False,161472.03151981253,2434.5963015767047,163906.62782138924,0,0,0,0,163906.62782138924,0.015077510815103556,-0.0008342419030257231,0,0,0,0,80011.600644546896,80011.600644546896,0,0.48815354026889246,0,0,0,0,83895.027176842341,83895.027176842341,0,0.51184645973110754,0,0,0,0,0,0,0,0
TQQQ_50_QQQ_static,2025-07-18,387,2025-06-30,False,False,False,False,False,False,False,163906.62782138924,-300.23598383751232,163606.39183755172,0,0,0,0,163606.39183755172,-0.0018317501118055857,-0.0026644638921322628,0,0,0,0,79957.190978078448,79957.190978078448,0,0.488716792052169,0,0,0,0,83649.200859473291,83649.200859473291,0,0.51128320794783111,0,0,0,0,0,0,0,0
TQQQ_50_QQQ_static,2025-07-21,388,2025-06-30,False,False,False,False,False,False,False,163606.39183755172,1621.9012109700416,165228.29304852177,0,0,0,0,165228.29304852177,0.0099134342659452646,0,0,0,0,0,80354.780726073266,80354.780726073266,0,0.48632579350363364,0,0,0,0,84873.5123224485,84873.5123224485,0,0.5136742064963663,0,0,0,0,0,0,0,0
TQQQ_50_QQQ_static,2025-07-22,389,2025-06-30,False,False,False,False,False,False,False,165228.29304852177,-1708.9777665955189,163519.31528192625,0,0,0,0,163519.31528192625,-0.01034313031421108,-0.01034313031421108,0,0,0,0,79950.706893559051,79950.706893559051,0,0.48893738795147695,0,0,0,0,83568.608388367196,83568.608388367196,0,0.51106261204852299,0,0,0,0,0,0,0,0
TQQQ_50_QQQ_static,2025-07-23,390,2025-06-30,False,False,False,False,False,False,False,163519.31528192625,1386.5707610697718,164905.88604299602,0,0,0,0,164905.88604299602,0.0084795533706776283,-0.0019512820690525956,0,0,0,0,80292.756812003878,80292.756812003878,0,0.48690049056871804,0,0,0,0,84613.129230992141,84613.129230992141,0,0.51309950943128191,0,0,0,0,0,0,0,0
TQQQ_50_QQQ_static,2025-07-24,391,2025-06-30,False,False,False,False,False,False,False,164905.88604299602,805.39468988793669,165711.28073288396,0,0,0,0,165711.28073288396,0.0048839656922734509,0,0,0,0,0,80491.490711615959,80491.490711615959,0,0.48573332096420835,0,0,0,0,85219.790021267982,85219.790021267982,0,0.5142666790357916,0,0,0,0,0,0,0,0
TQQQ_50_QQQ_static,2025-07-25,392,2025-06-30,False,False,False,False,False,False,False,165711.28073288396,681.86067617993103,166393.14140906389,0,0,0,0,166393.14140906389,0.0041147511090633415,0,0,0,0,0,80672.636920182267,80672.636920182267,0,0.48483150349241383,0,0,0,0,85720.504488881619,85720.504488881619,0,0.51516849650758612,0,0,0,0,0,0,0,0
TQQQ_50_QQQ_static,2025-07-28,393,2025-06-30,False,False,False,False,False,False,False,166393.14140906389,1184.6244623511448,167577.76587141503,0,0,0,0,167577.76587141503,0.0071194308390323258,0,0,0,0,0,80962.453587310083,80962.453587310083,0,0.48313362555169642,0,0,0,0,86615.312284104933,86615.312284104933,0,0.51686637444830352,0,0,0,0,0,0,0,0
TQQQ_50_QQQ_static,2025-07-29,394,2025-06-30,False,False,False,False,False,False,False,167577.76587141503,-716.30360446660779,166861.46226694842,0,0,0,0,166861.46226694842,-0.0042744549119734243,-0.0042744549119734243,0,0,0,0,80797.57215356933,80797.57215356933,0,0.48421948996412184,0,0,0,0,86063.890113379079,86063.890113379079,0,0.5157805100358781,0,0,0,0,0,0,0,0
TQQQ_50_QQQ_static,2025-07-30,395,2025-06-30,False,False,False,False,False,False,False,166861.46226694842,510.30031275437796,167371.7625797028,0,0,0,0,167371.7625797028,0.0030582275009551907,-0.0012292996665816958,0,0,0,0,80925.733045911606,80925.733045911606,0,0.4835088774749241,0,0,0,0,86446.029533791196,86446.029533791196,0,0.5164911225250759,0,0,0,0,0,0,0,0
TQQQ_50_QQQ_static,2025-07-31,396,2025-06-30,False,True,False,False,False,False,False,167371.7625797028,-1854.7491378055129,165517.01344189729,0,0,0,0,165517.01344189729,-0.01108161322566148,-0.012297290268799665,0,0,0,0,80489.835570473762,80489.835570473762,0,0.48629342625692512,0,0,0,0,85027.177871423541,85027.177871423541,0,0.51370657374307493,0,0,0,0,0,0,0,0
TQQQ_50_QQQ_static,2025-08-01,397,2025-07-31,False,False,True,False,False,False,True,165517.01344189729,-6643.8964239741035,158873.11701792318,1041.2405421218136,1.0417614228332386,0.0065539127176836758,0,158872.07525650033,-0.040146556823474677,-0.051950153229723184,0,0,0,0,78915.938237900686,79436.037628250167,520.09939034948184,0.5,0,0,0,0,79957.178780022499,79436.037628250167,-521.1411517723318,0.5,0,0,0,0,0,0,0,0
TQQQ_50_QQQ_static,2025-08-04,398,2025-07-31,False,False,False,False,False,False,False,158872.07525650033,5901.7208619821467,164773.79611848248,0,0,0,0,164773.79611848248,0.037147628697200341,-0.01673234953546332,0,0,0,0,80918.260345339426,80918.260345339426,0,0.49108694617410054,0,0,0,0,83855.535773143041,83855.535773143041,0,0.50891305382589935,0,0,0,0,0,0,0,0
TQQQ_50_QQQ_static,2025-08-05,399,2025-07-31,False,False,False,False,False,False,False,164773.79611848248,-2457.9569094192702,162315.83920906321,0,0,0,0,162315.83920906321,-0.014917158961682553,-0.03139990937932291,0,0,0,0,80325.696552575915,80325.696552575915,0,0.49487281675028777,0,0,0,0,81990.142656487311,81990.142656487311,0,0.50512718324971229,0,0,0,0,0,0,0,0
TQQQ_50_QQQ_static,2025-08-06,400,2025-07-31,False,False,False,False,False,False,False,162315.83920906321,4176.9754199939198,166492.81462905713,0,0,0,0,166492.81462905713,0.025733627970921269,-0.006474314994689645,0,0,0,0,81359.46014859667,81359.46014859667,0,0.48866649488666536,0,0,0,0,85133.354480460446,85133.354480460446,0,0.51133350511333453,0,0,0,0,0,0,0,0
TQQQ_50_QQQ_static,2025-08-07,401,2025-07-31,False,False,False,False,False,False,False,166492.81462905713,1049.0345729374676,167541.8492019946,0,0,0,0,167541.8492019946,0.0063007798581260488,-0.00021432837007739902,0,0,0,0,81618.836856009395,81618.836856009395,0,0.48715492424586249,0,0,0,0,85923.012345985218,85923.012345985218,0,0.51284507575413762,0,0,0,0,0,0,0,0
TQQQ_50_QQQ_static,2025-08-08,402,2025-07-31,False,False,False,False,False,False,False,167541.8492019946,3156.3053574263758,170698.15455942097,0,0,0,0,170698.15455942097,0.018838907248904802,0,0,0,0,0,82395.537686227835,82395.537686227835,0,0.4826972962824006,0,0,0,0,88302.616873193139,88302.616873193139,0,0.51730270371759945,0,0,0,0,0,0,0,0
TQQQ_50_QQQ_static,2025-08-11,403,2025-07-31,False,False,False,False,False,False,False,170698.15455942097,-1235.210507905198,169462.94405151578,0,0,0,0,169462.94405151578,-0.0072362264905166951,-0.0072362264905166951,0,0,0,0,82108.108165252124,82108.108165252124,0,0.48451954275202325,0,0,0,0,87354.835886263667,87354.835886263667,0,0.51548045724797686,0,0,0,0,0,0,0,0
TQQQ_50_QQQ_static,2025-08-12,404,2025-07-31,False,False,False,False,False,False,False,169462.94405151578,4539.5310801826126,174002.47513169839,0,0,0,0,174002.47513169839,0.026787750594033266,0,0,0,0,0,83197.950141937123,83197.950141937123,0,0.47814233722230992,0,0,0,0,90804.524989761267,90804.524989761267,0,0.52185766277769008,0,0,0,0,0,0,0,0
TQQQ_50_QQQ_static,2025-08-13,405,2025-07-31,False,False,False,False,False,False,False,174002.47513169839,118.45026645381586,174120.92539815221,0,0,0,0,174120.92539815221,0.00068073897434017816,0,0,0,0,0,83231.831834072131,83231.831834072131,0,0.47801165565684156,0,0,0,0,90889.09356408006,90889.09356408006,0,0.52198834434315833,0,0,0,0,0,0,0,0
TQQQ_50_QQQ_static,2025-08-14,406,2025-07-31,False,False,False,False,False,False,False,174120.92539815221,-265.75941849453375,173855.16597965767,0,0,0,0,173855.16597965767,-0.0015262922471083185,-0.0015262922471083185,0,0,0,0,83175.626255452458,83175.626255452458,0,0.47841906673733592,0,0,0,0,90679.539724205199,90679.539724205199,0,0.52158093326266397,0,0,0,0,0,0,0,0
TQQQ_50_QQQ_static,2025-08-15,407,2025-07-31,False,False,False,False,False,False,False,173855.16597965767,-1843.6355340276496,172011.53044563002,0,0,0,0,172011.53044563002,-0.010604433429624804,-0.012114540212204594,0,0,0,0,82762.664971905033,82762.664971905033,0,0.48114602990562272,0,0,0,0,89248.865473725004,89248.865473725004,0,0.51885397009437739,0,0,0,0,0,0,0,0
TQQQ_50_QQQ_static,2025-08-18,408,2025-07-31,False,False,False,False,False,False,False,172011.53044563002,1.157467563112732,172012.68791319313,0,0,0,0,172012.68791319313,6.7290114802442957e-06,-0.012107892719604441,0,0,0,0,82770.047759208479,82770.047759208479,0,0.48118571230616836,0,0,0,0,89242.64015398467,89242.64015398467,0,0.51881428769383175,0,0,0,0,0,0,0,0
TQQQ_50_QQQ_static,2025-08-19,409,2025-07-31,False,False,False,False,False,False,False,172012.68791319313,-4883.0468190789106,167129.64109411422,0,0,0,0,167129.64109411422,-0.028387713013025895,-0.040151890348913644,0,0,0,0,81623.054751682866,81623.054751682866,0,0.48838167914044167,0,0,0,0,85506.586342431343,85506.586342431343,0,0.51161832085955827,0,0,0,0,0,0,0,0
TQQQ_50_QQQ_static,2025-08-20,410,2025-07-31,False,False,False,False,False,False,False,167129.64109411422,-1985.8623468778678,165143.77874723636,0,0,0,0,165143.77874723636,-0.011882167243807973,-0.051556966116440783,0,0,0,0,81150.998617356236,81150.998617356236,0,0.49139603824594136,0,0,0,0,83992.780129880121,83992.780129880121,0,0.50860396175405864,0,0,0,0,0,0,0,0
TQQQ_50_QQQ_static,2025-08-21,411,2025-07-31,False,False,False,False,False,False,False,165143.77874723636,-1500.6934474633308,163643.08529977303,0,0,0,0,163643.08529977303,-0.0090871933465943577,-0.060175651343571168,0,0,0,0,80791.454165372328,80791.454165372328,0,0.4937052733842851,0,0,0,0,82851.631134400683,82851.631134400683,0,0.50629472661571484,0,0,0,0,0,0,0,0
TQQQ_50_QQQ_static,2025-08-22,412,2025-07-31,False,False,False,False,False,False,False,163643.08529977303,5013.0938726736931,168656.17917244672,0,0,0,0,168656.17917244672,0.030634315305717585,-0.031384775914839458,0,0,0,0,82038.229595139725,82038.229595139725,0,0.48642291078619593,0,0,0,0,86617.949577307008,86617.949577307008,0,0.51357708921380418,0,0,0,0,0,0,0,0
TQQQ_50_QQQ_static,2025-08-25,413,2025-07-31,False,False,False,False,False,False,False,168656.17917244672,-1084.3724490205641,167571.80672342615,0,0,0,0,167571.80672342615,-0.0064294854439446159,-0.037612473398878188,0,0,0,0,81784.31479948065,81784.31479948065,0,0.48805533817788327,0,0,0,0,85787.491923945519,85787.491923945519,0,0.51194466182211684,0,0,0,0,0,0,0,0
TQQQ_50_QQQ_static,2025-08-26,414,2025-07-31,False,False,False,False,False,False,False,167571.80672342615,1414.5010623179551,168986.30778574411,0,0,0,0,168986.30778574411,0.0084411637612320511,-0.029488802685071147,0,0,0,0,82131.604510004443,82131.604510004443,0,0.48602520278825317,0,0,0,0,86854.703275739666,86854.703275739666,0,0.51397479721174688,0,0,0,0,0,0,0,0
TQQQ_50_QQQ_static,2025-08-27,415,2025-07-31,False,False,False,False,False,False,False,168986.30778574411,563.87747801197111,169550.18526375608,0,0,0,0,169550.18526375608,0.0033368234704962418,-0.026250378143491293,0,0,0,0,82272.830664722162,82272.830664722162,0,0.48524176211743264,0,0,0,0,87277.354599033904,87277.354599033904,0,0.51475823788256725,0,0,0,0,0,0,0,0
TQQQ_50_QQQ_static,2025-08-28,416,2025-07-31,False,False,False,False,False,False,False,169550.18526375608,1983.1990486928262,171533.38431244891,0,0,0,0,171533.38431244891,0.011696826196961885,-0.014860598057278351,0,0,0,0,82752.375560748027,82752.375560748027,0,0.48242723066673815,0,0,0,0,88781.008751700894,88781.008751700894,0,0.51757276933326202,0,0,0,0,0,0,0,0
TQQQ_50_QQQ_static,2025-08-29,417,2025-07-31,False,True,False,False,False,False,False,171533.38431244891,-4316.7863750105025,167216.5979374384,0,0,0,0,167216.5979374384,-0.025165867229363648,-0.039652485448983699,0,0,0,0,81755.121219587061,81755.121219587061,0,0.48891750118115979,0,0,0,0,85461.476717851328,85461.476717851328,0,0.51108249881884016,0,0,0,0,0,0,0,0
TQQQ_50_QQQ_static,2025-09-02,418,2025-08-29,False,False,True,False,False,False,True,167216.5979374384,-2686.1872595934547,164530.41067784495,2305.0935904996149,2.3062467138565479,0.014010136977127295,0,164528.1044311311,-0.016077910563119802,-0.0550928668974493,0,0,0,0,81112.658543672675,82264.052215565549,1151.3936718928744,0.5,0,0,0,0,83417.75213417229,82264.052215565549,-1153.6999186067405,0.5,0,0,0,0,0,0,0,0
TQQQ_50_QQQ_static,2025-09-03,419,2025-08-29,False,False,False,False,False,False,False,164528.1044311311,2573.7583429508959,167101.86277408199,0,0,0,0,167101.86277408199,0.015643274757524583,-0.040311424993981215,0,0,0,0,82913.873099698525,82913.873099698525,0,0.49618760511243515,0,0,0,0,84187.989674383483,84187.989674383483,0,0.50381239488756491,0,0,0,0,0,0,0,0
TQQQ_50_QQQ_static,2025-09-04,420,2025-08-29,False,False,False,False,False,False,False,167101.86277408199,3130.4840518093843,170232.34682589138,0,0,0,0,170232.34682589138,0.018733986562685656,-0.022332632125455554,0,0,0,0,83693.129900657965,83693.129900657965,0,0.49164058101282493,0,0,0,0,86539.216925233413,86539.216925233413,0,0.50835941898717507,0,0,0,0,0,0,0,0
TQQQ_50_QQQ_static,2025-09-05,421,2025-08-29,False,False,False,False,False,False,False,170232.34682589138,252.54981352566392,170484.89663941704,0,0,0,0,170484.89663941704,0.001483559489336983,-0.020882204424430117,0,0,0,0,83771.986980419926,83771.986980419926,0,0.49137482927652715,0,0,0,0,86712.909658997101,86712.909658997101,0,0.5086251707234728,0,0,0,0,0,0,0,0
TQQQ_50_QQQ_static,2025-09-08,422,2025-08-29,False,False,False,False,False,False,False,170484.89663941704,1586.2716941011022,172071.16833351814,0,0,0,0,172071.16833351814,0.0093044705153919605,-0.011772031764401669,0,0,0,0,84163.755137865664,84163.755137865664,0,0.48912177416459846,0,0,0,0,87907.413195652494,87907.413195652494,0,0.51087822583540166,0,0,0,0,0,0,0,0
TQQQ_50_QQQ_static,2025-09-09,423,2025-08-29,False,False,False,False,False,False,False,172071.16833351814,1108.407781727612,173179.57611524576,0,0,0,0,173179.57611524576,0.0064415659663519254,-0.0054062961172181012,0,0,0,0,84438.078889214201,84438.078889214201,0,0.48757527176890203,0,0,0,0,88741.497226031541,88741.497226031541,0,0.51242472823109786,0,0,0,0,0,0,0,0
TQQQ_50_QQQ_static,2025-09-10,424,2025-08-29,False,False,False,False,False,False,False,173179.57611524576,109.8366808728897,173289.41279611865,0,0,0,0,173289.41279611865,0.00063423576461341113,-0.0047754892189562081,0,0,0,0,84471.12808093545,84471.12808093545,0,0.48745694683794,0,0,0,0,88818.284715183196,88818.284715183196,0,0.51254305316205995,0,0,0,0,0,0,0,0
TQQQ_50_QQQ_static,2025-09-11,425,2025-08-29,False,False,False,False,False,False,False,173289.41279611865,2081.5003550215042,175370.91315114015,0,0,0,0,175370.91315114015,0.012011699511443652,0,0,0,0,0,84978.059885345603,84978.059885345603,0,0.48456188291674601,0,0,0,0,90392.853265794532,90392.853265794532,0,0.51543811708325393,0,0,0,0,0,0,0,0
TQQQ_50_QQQ_static,2025-09-12,426,2025-08-29,False,False,False,False,False,False,False,175370.91315114015,1409.7401849161251,176780.65333605628,0,0,0,0,176780.65333605628,0.0080386203138553824,0,0,0,0,0,85332.987427155269,85332.987427155269,0,0.48270546474867398,0,0,0,0,91447.665908901021,91447.665908901021,0,0.51729453525132607,0,0,0,0,0,0,0,0
TQQQ_50_QQQ_static,2025-09-15,427,2025-08-29,False,False,False,False,False,False,False,176780.65333605628,3000.7511060695688,179781.40444212584,0,0,0,0,179781.40444212584,0.016974431587630789,0,0,0,0,0,86051.176109697451,86051.176109697451,0,0.47864336345975389,0,0,0,0,93730.228332428393,93730.228332428393,0,0.52135663654024611,0,0,0,0,0,0,0,0
TQQQ_50_QQQ_static,2025-09-16,428,2025-08-29,False,False,False,False,False,False,False,179781.40444212584,-327.04049727364327,179454.3639448522,0,0,0,0,179454.3639448522,-0.0018191008034922351,-0.0018191008034922351,0,0,0,0,85981.605102494403,85981.605102494403,0,0.4791279699886109,0,0,0,0,93472.758842357813,93472.758842357813,0,0.52087203001138915,0,0,0,0,0,0,0,0
TQQQ_50_QQQ_static,2025-09-17,429,2025-08-29,False,False,False,False,False,False,False,179454.3639448522,-788.09313467238098,178666.27081017982,0,0,0,0,178666.27081017982,-0.0043916075226488882,-0.0062027195493681297,0,0,0,0,85803.278302339852,85803.278302339852,0,0.48024329333822452,0,0,0,0,92862.992507839968,92862.992507839968,0,0.51975670666177543,0,0,0,0,0,0,0,0
TQQQ_50_QQQ_static,2025-09-18,430,2025-08-29,False,False,False,False,False,False,False,178666.27081017982,3449.510531221109,182115.78134140093,0,0,0,0,182115.78134140093,0.019307004705359176,0,0,0,0,0,86620.763052270893,86620.763052270893,0,0.47563567755772046,0,0,0,0,95495.01828913005,95495.01828913005,0,0.5243643224422796,0,0,0,0,0,0,0,0
TQQQ_50_QQQ_static,2025-09-19,431,2025-08-29,False,False,False,False,False,False,False,182115.78134140093,2530.3261706985941,184646.10751209952,0,0,0,0,184646.10751209952,0.013894052190650985,0,0,0,0,0,87226.490617258489,87226.490617258489,0,0.47239820970253976,0,0,0,0,97419.616894841034,97419.616894841034,0,0.52760179029746024,0,0,0,0,0,0,0,0
TQQQ_50_QQQ_static,2025-09-22,432,2025-08-29,False,False,False,False,False,False,False,184646.10751209952,2090.0149132295337,186736.12242532906,0,0,0,0,186736.12242532906,0.011319030449058243,0,0,0,0,0,87712.940966137976,87712.940966137976,0,0.46971598117665803,0,0,0,0,99023.181459191095,99023.181459191095,0,0.53028401882334208,0,0,0,0,0,0,0,0
TQQQ_50_QQQ_static,2025-09-23,433,2025-08-29,False,False,False,False,False,False,False,186736.12242532906,-2838.3086144130502,183897.81381091601,0,0,0,0,183897.81381091601,-0.01519956919715959,-0.01519956919715959,0,0,0,0,87071.717926934667,87071.717926934667,0,0.4734788093591038,0,0,0,0,96826.095883981339,96826.095883981339,0,0.5265211906408962,0,0,0,0,0,0,0,0
TQQQ_50_QQQ_static,2025-09-24,434,2025-08-29,False,False,False,False,False,False,False,183897.81381091601,-1201.8761774380982,182695.93763347791,0,0,0,0,182695.93763347791,-0.0065355653367030753,-0.021635796756284909,0,0,0,0,86801.480837433963,86801.480837433963,0,0.47511445498899874,0,0,0,0,95894.456796043945,95894.456796043945,0,0.52488554501100126,0,0,0,0,0,0,0,0
TQQQ_50_QQQ_static,2025-09-25,435,2025-08-29,False,False,False,False,False,False,False,182695.93763347791,-1653.4946232373477,181042.44301024056,0,0,0,0,181042.44301024056,-0.0090505275850991662,-0.030490508966015684,0,0,0,0,86424.662947943158,86424.662947943158,0,0.47737238578389374,0,0,0,0,94617.780062297403,94617.780062297403,0,0.52262761421610626,0,0,0,0,0,0,0,0
TQQQ_50_QQQ_static,2025-09-26,436,2025-08-29,False,False,False,False,False,False,False,181042.44301024056,1541.4605224227416,182583.9035326633,0,0,0,0,182583.9035326633,0.0085143599301493733,-0.022235756203656365,0,0,0,0,86802.990039139317,86802.990039139317,0,0.47541425262392156,0,0,0,0,95780.913493523971,95780.913493523971,0,0.52458574737607833,0,0,0,0,0,0,0,0
TQQQ_50_QQQ_static,2025-09-29,437,2025-08-29,False,False,False,False,False,False,False,182583.9035326633,1608.8369491014746,184192.74048176478,0,0,0,0,184192.74048176478,0.0088114938829406686,-0.013620192550486965,0,0,0,0,87182.326031311502,87182.326031311502,0,0.4733211841209487,0,0,0,0,97010.414450453289,97010.414450453289,0,0.52667881587905141,0,0,0,0,0,0,0,0
TQQQ_50_QQQ_static,2025-09-30,438,2025-08-29,False,True,False,False,False,False,False,184192.74048176478,1037.4275139076635,185230.16799567244,0,0,0,0,185230.16799567244,0.0056322931685266475,-0.0080646122994163516,0,0,0,0,87427.975727896366,87427.975727896366,0,0.47199641761345784,0,0,0,0,97802.192267776089,97802.192267776089,0,0.52800358238654221,0,0,0,0,0,0,0,0
TQQQ_50_QQQ_static,2025-10-01,439,2025-09-30,False,False,True,False,False,False,True,185230.16799567244,1858.6362913327175,187088.80428700516,11366.169472178954,11.371855399878893,0.06075280407876564,0,187077.43243160527,0.0099728054880130479,0,0,0,0,0,87861.317407413095,93538.716215802633,5677.3988083895383,0.5,0,0,0,0,99227.486879592048,93538.716215802633,-5688.7706637894153,0.5,0,0,0,0,0,0,0,0
TQQQ_50_QQQ_static,2025-10-02,440,2025-09-30,False,False,False,False,False,False,False,187077.43243160527,1358.7759208687639,188436.20835247403,0,0,0,0,188436.20835247403,0.0072631738805029045,0,0,0,0,0,93884.726044609022,93884.726044609022,0,0.49823081702533306,0,0,0,0,94551.482307865022,94551.482307865022,0,0.50176918297466699,0,0,0,0,0,0,0,0
TQQQ_50_QQQ_static,2025-10-03,441,2025-09-30,False,False,False,False,False,False,False,188436.20835247403,-1672.4425610622275,186763.7657914118,0,0,0,0,186763.7657914118,-0.0088753779100345653,-0.0088753779100345653,0,0,0,0,93489.024686898221,93489.024686898221,0,0.50057367547039067,0,0,0,0,93274.741104513581,93274.741104513581,0,0.49942632452960933,0,0,0,0,0,0,0,0
TQQQ_50_QQQ_static,2025-10-06,442,2025-09-30,False,False,False,False,False,False,False,186763.7657914118,2876.3839699878299,189640.14976139963,0,0,0,0,189640.14976139963,0.015401188543179956,0,0,0,0,0,94215.375044513188,94215.375044513188,0,0.49681133010626999,0,0,0,0,95424.774716886444,95424.774716886444,0,0.50318866989373001,0,0,0,0,0,0,0,0
TQQQ_50_QQQ_static,2025-10-07,443,2025-09-30,False,False,False,False,False,False,False,189640.14976139963,-2137.1640943685488,187502.98566703108,0,0,0,0,187502.98566703108,-0.011269576073724252,-0.011269576073724252,0,0,0,0,93693.253815364136,93693.253815364136,0,0.49968939684909963,0,0,0,0,93809.731851666933,93809.731851666933,0,0.50031060315090026,0,0,0,0,0,0,0,0
TQQQ_50_QQQ_static,2025-10-08,444,2025-09-30,False,False,False,False,False,False,False,187502.98566703108,4445.583608711866,191948.56927574295,0,0,0,0,191948.56927574295,0.023709401708441824,0,0,0,0,0,94810.362590712262,94810.362590712262,0,0.49393628172613685,0,0,0,0,97138.206685030687,97138.206685030687,0,0.50606371827386321,0,0,0,0,0,0,0,0
TQQQ_50_QQQ_static,2025-10-09,445,2025-09-30,False,False,False,False,False,False,False,191948.56927574295,-614.2755905984377,191334.29368514451,0,0,0,0,191334.29368514451,-0.0032002092691610917,-0.0032002092691610917,0,0,0,0,94666.554458754879,94666.554458754879,0,0.49477044932957009,0,0,0,0,96667.739226389633,96667.739226389633,0,0.50522955067042985,0,0,0,0,0,0,0,0
TQQQ_50_QQQ_static,2025-10-10,446,2025-09-30,False,False,False,False,False,False,False,191334.29368514451,-13539.5350807574,177794.75860438711,0,0,0,0,177794.75860438711,-0.070763765449375016,-0.073737515860424208,0,0,0,0,91361.535855149239,91361.535855149239,0,0.51385955678501583,0,0,0,0,86433.222749237859,86433.222749237859,0,0.48614044321498412,0,0,0,0,0,0,0,0
TQQQ_50_QQQ_static,2025-10-13,447,2025-09-30,False,False,False,False,False,False,False,177794.75860438711,7638.5432426885818,185433.30184707569,0,0,0,0,185433.30184707569,0.042962702065279634,-0.03394277672008994,0,0,0,0,93352.865423988333,93352.865423988333,0,0.50343096139751187,0,0,0,0,92080.436423087347,92080.436423087347,0,0.49656903860248802,0,0,0,0,0,0,0,0
TQQQ_50_QQQ_static,2025-10-14,448,2025-09-30,False,False,False,False,False,False,False,185433.30184707569,-2576.6559542878531,182856.64589278784,0,0,0,0,182856.64589278784,-0.013895324780512142,-0.047366455594124002,0,0,0,0,92707.808579112694,92707.808579112694,0,0.50699720607075427,0,0,0,0,90148.837313675132,90148.837313675132,0,0.49300279392924568,0,0,0,0,0,0,0,0
TQQQ_50_QQQ_static,2025-10-15,449,2025-09-30,False,False,False,False,False,False,False,182856.64589278784,2423.9532438422611,185280.5991366301,0,0,0,0,185280.5991366301,0.013256030329154456,-0.034738316436909722,0,0,0,0,93333.397957086709,93333.397957086709,0,0.50374080390500331,0,0,0,0,91947.201179543394,91947.201179543394,0,0.49625919609499669,0,0,0,0,0,0,0,0
TQQQ_50_QQQ_static,2025-10-16,450,2025-09-30,False,False,False,False,False,False,False,185280.5991366301,-1344.2883092879492,183936.31082734215,0,0,0,0,183936.31082734215,-0.0072554186220902261,-0.041741694031023568,0,0,0,0,93000.628051961772,93000.628051961772,0,0.50561320727618519,0,0,0,0,90935.682775380395,90935.682775380395,0,0.49438679272381492,0,0,0,0,0,0,0,0
TQQQ_50_QQQ_static,2025-10-17,451,2025-09-30,False,False,False,False,False,False,False,183936.31082734215,2306.6170476078987,186242.92787495005,0,0,0,0,186242.92787495005,0.012540302875668097,-0.029724844641047965,0,0,0,0,93606.111769290976,93606.111769290976,0,0.50260223481957589,0,0,0,0,92636.816105659062,92636.816105659062,0,0.49739776518042406,0,0,0,0,0,0,0,0
TQQQ_50_QQQ_static,2025-10-20,452,2025-09-30,False,False,False,False,False,False,False,186242.92787495005,4801.5187538606697,191044.44662881072,0,0,0,0,191044.44662881072,0.025780945395599497,-0.0047102338420319523,0,0,0,0,94822.755826459528,94822.755826459528,0,0.49633871855325445,0,0,0,0,96221.690802351208,96221.690802351208,0,0.5036612814467456,0,0,0,0,0,0,0,0
TQQQ_50_QQQ_static,2025-10-21,453,2025-09-30,False,False,False,False,False,False,False,191044.44662881072,-238.78721956064692,190805.65940925007,0,0,0,0,190805.65940925007,-0.0012499040080689028,-0.0059542505099428045,0,0,0,0,94769.874103910668,94769.874103910668,0,0.49668272103314937,0,0,0,0,96035.785305339392,96035.785305339392,0,0.50331727896685052,0,0,0,0,0,0,0,0
TQQQ_50_QQQ_static,2025-10-22,454,2025-09-30,False,False,False,False,False,False,False,190805.65940925007,-3811.5164317837625,186994.14297746631,0,0,0,0,186994.14297746631,-0.019975908699901956,-0.025811217645281714,0,0,0,0,93833.743556877074,93833.743556877074,0,0.50180044178273797,0,0,0,0,93160.399420589238,93160.399420589238,0,0.49819955821726197,0,0,0,0,0,0,0,0
TQQQ_50_QQQ_static,2025-10-23,455,2025-09-30,False,False,False,False,False,False,False,186994.14297746631,3247.4876532724884,190241.6306307388,0,0,0,0,190241.6306307388,0.017366788079901552,-0.0088926875123098714,0,0,0,0,94656.795380471172,94656.795380471172,0,0.49756089172827322,0,0,0,0,95584.835250267628,95584.835250267628,0,0.50243910827172678,0,0,0,0,0,0,0,0
TQQQ_50_QQQ_static,2025-10-24,456,2025-09-30,False,False,False,False,False,False,False,190241.6306307388,3881.4036408544634,194123.03427159326,0,0,0,0,194123.03427159326,0.020402493544582345,0,0,0,0,0,95639.55266930793,95639.55266930793,0,0.49267493179351779,0,0,0,0,98483.481602285334,98483.481602285334,0,0.50732506820648215,0,0,0,0,0,0,0,0
TQQQ_50_QQQ_static,2025-10-27,457,2025-09-30,False,False,False,False,False,False,False,194123.03427159326,7106.9355537216179,201229.96982531488,0,0,0,0,201229.96982531488,0.036610470160787001,0,0,0,0,0,97385.262439837257,97385.262439837257,0,0.48395009214768625,0,0,0,0,103844.70738547764,103844.70738547764,0,0.51604990785231386,0,0,0,0,0,0,0,0
TQQQ_50_QQQ_static,2025-10-28,458,2025-09-30,False,False,False,False,False,False,False,201229.96982531488,2996.2241132098425,204226.19393852472,0,0,0,0,204226.19393852472,0.01488955206727316,0,0,0,0,0,98104.723498320076,98104.723498320076,0,0.48037287287374669,0,0,0,0,106121.47044020465,106121.47044020465,0,0.51962712712625325,0,0,0,0,0,0,0,0
TQQQ_50_QQQ_static,2025-10-29,459,2025-09-30,False,False,False,False,False,False,False,204226.19393852472,1691.0477734529122,205917.24171197764,0,0,0,0,205917.24171197764,0.0082802687590699531,0,0,0,0,0,98510.920097075388,98510.920097075388,0,0.47840054226671047,0,0,0,0,107406.32161490226,107406.32161490226,0,0.52159945773328964,0,0,0,0,0,0,0,0
TQQQ_50_QQQ_static,2025-10-30,460,2025-09-30,False,False,False,False,False,False,False,205917.24171197764,-6230.484186528076,199686.75752544956,0,0,0,0,199686.75752544956,-0.030257224381641801,-0.030257224381641801,0,0,0,0,97058.545841894796,97058.545841894796,0,0.48605399298711599,0,0,0,0,102628.21168355476,102628.21168355476,0,0.51394600701288395,0,0,0,0,0,0,0,0
TQQQ_50_QQQ_static,2025-10-31,461,2025-09-30,False,True,False,False,False,False,False,199686.75752544956,1895.5038043857785,201582.26132983534,0,0,0,0,201582.26132983534,0.0094923861145084221,-0.021052051523717252,0,0,0,0,97532.309284905059,97532.309284905059,0,0.48383378895288598,0,0,0,0,104049.95204493028,104049.95204493028,0,0.51616621104711402,0,0,0,0,0,0,0,0
TQQQ_50_QQQ_static,2025-11-03,462,2025-10-31,False,False,True,False,False,False,True,201582.26132983534,1775.901710822247,203358.16304065759,7430.8649546843517,7.4345822458072579,0.036540775366852088,0,203350.72845841176,0.0087729303010586346,-0.012463809403370552,0,0,0,0,97963.64904298661,101675.36422920588,3711.7151862192695,0.5,0,0,0,0,105394.51399767096,101675.36422920588,-3719.1497684650822,0.5,0,0,0,0,0,0,0,0
TQQQ_50_QQQ_static,2025-11-04,463,2025-10-31,False,False,False,False,False,False,False,203350.72845841176,-8430.3131422252627,194920.4153161865,0,0,0,0,194920.4153161865,-0.04145700979846445,-0.053404106933273354,0,0,0,0,99573.463537804608,99573.463537804608,0,0.51084163439875385,0,0,0,0,95346.951778381903,95346.951778381903,0,0.4891583656012462,0,0,0,0,0,0,0,0
TQQQ_50_QQQ_static,2025-11-05,464,2025-10-31,False,False,False,False,False,False,False,194920.4153161865,2759.6640499260393,197680.07936611254,0,0,0,0,197680.07936611254,0.014157901548945029,-0.040002295472598925,0,0,0,0,100294.30012758635,100294.30012758635,0,0.50735663628420913,0,0,0,0,97385.779238526171,97385.779238526171,0,0.49264336371579082,0,0,0,0,0,0,0,0
TQQQ_50_QQQ_static,2025-11-06,465,2025-10-31,False,False,False,False,False,False,False,197680.07936611254,-7535.1260695627425,190144.95329654979,0,0,0,0,190144.95329654979,-0.038117781486759483,-0.076595278201565087,0,0,0,0,98376.13769242297,98376.13769242297,0,0.51737443453992538,0,0,0,0,91768.815604126808,91768.815604126808,0,0.48262556546007457,0,0,0,0,0,0,0,0
TQQQ_50_QQQ_static,2025-11-07,466,2025-10-31,False,False,False,False,False,False,False,190144.95329654979,-1117.8444441267638,189027.10885242303,0,0,0,0,189027.10885242303,-0.0058789067221961533,-0.082023888427853575,0,0,0,0,98102.746453724947,98102.746453724947,0,0.51898771054217196,0,0,0,0,90924.362398698067,90924.362398698067,0,0.48101228945782798,0,0,0,0,0,0,0,0
TQQQ_50_QQQ_static,2025-11-10,467,2025-10-31,False,False,False,False,False,False,False,189027.10885242303,8155.9235925782705,197183.0324450013,0,0,0,0,197183.0324450013,0.043146846196255195,-0.042416114330013799,0,0,0,0,100273.98839524548,100273.98839524548,0,0.50853254030979622,0,0,0,0,96909.044049755801,96909.044049755801,0,0.49146745969020367,0,0,0,0,0,0,0,0
TQQQ_50_QQQ_static,2025-11-11,468,2025-10-31,False,False,False,False,False,False,False,197183.0324450013,-1195.8694616329158,195987.16298336838,0,0,0,0,195987.16298336838,-0.0060647685898961301,-0.048223639002015872,0,0,0,0,99967.193521001958,99967.193521001958,0,0.51007010867076663,0,0,0,0,96019.969462366411,96019.969462366411,0,0.48992989132923331,0,0,0,0,0,0,0,0
TQQQ_50_QQQ_static,2025-11-12,469,2025-10-31,False,False,False,False,False,False,False,195987.16298336838,-270.75441722595133,195716.40856614243,0,0,0,0,195716.40856614243,-0.0013814905685886059,-0.049538509068140169,0,0,0,0,99904.328316841289,99904.328316841289,0,0.51045453495064819,0,0,0,0,95812.080249301158,95812.080249301158,0,0.48954546504935192,0,0,0,0,0,0,0,0
TQQQ_50_QQQ_static,2025-11-13,470,2025-10-31,False,False,False,False,False,False,False,195716.40856614243,-7975.0137664978974,187741.39479964453,0,0,0,0,187741.39479964453,-0.040747803543527361,-0.088267727176319588,0,0,0,0,97855.10285526808,97855.10285526808,0,0.52122283931946878,0,0,0,0,89886.29194437644,89886.29194437644,0,0.47877716068053111,0,0,0,0,0,0,0,0
TQQQ_50_QQQ_static,2025-11-14,471,2025-10-31,False,False,False,False,False,False,False,187741.39479964453,174.74911395198433,187916.14391359652,0,0,0,0,187916.14391359652,0.00093079693020547971,-0.087419089575606179,0,0,0,0,97924.359800307313,97924.359800307313,0,0.52110669025505729,0,0,0,0,89991.784113289206,89991.784113289206,0,0.47889330974494271,0,0,0,0,0,0,0,0
TQQQ_50_QQQ_static,2025-11-17,472,2025-10-31,False,False,False,False,False,False,False,187916.14391359652,-3090.0666634956724,184826.07725010085,0,0,0,0,184826.07725010085,-0.016443859474449818,-0.10242544182569036,0,0,0,0,97109.381786990358,97109.381786990358,0,0.52540952679304553,0,0,0,0,87716.695463110489,87716.695463110489,0,0.47459047320695452,0,0,0,0,0,0,0,0
TQQQ_50_QQQ_static,2025-11-18,473,2025-10-31,False,False,False,False,False,False,False,184826.07725010085,-4324.6270327803213,180501.45021732053,0,0,0,0,180501.45021732053,-0.023398359674800528,-0.123427214172803,0,0,0,0,95949.175918841502,95949.175918841502,0,0.53157011095102236,0,0,0,0,84552.274298479038,84552.274298479038,0,0.46842988904897775,0,0,0,0,0,0,0,0
TQQQ_50_QQQ_static,2025-11-19,474,2025-10-31,False,False,False,False,False,False,False,180501.45021732053,1931.3947265743627,182432.84494389489,0,0,0,0,182432.84494389489,0.010700161822794207,-0.11404774351499447,0,0,0,0,96487.162673477011,96487.162673477011,0,0.5288913994799046,0,0,0,0,85945.682270417892,85945.682270417892,0,0.47110860052009546,0,0,0,0,0,0,0,0
TQQQ_50_QQQ_static,2025-11-20,475,2025-10-31,False,False,False,False,False,False,False,182432.84494389489,-8391.5117497149331,174041.33319417996,0,0,0,0,174041.33319417996,-0.045997812248642189,-0.15479960907005264,0,0,0,0,94210.327814751407,94210.327814751407,0,0.54131007896635586,0,0,0,0,79831.005379428549,79831.005379428549,0,0.45868992103364414,0,0,0,0,0,0,0,0
TQQQ_50_QQQ_static,2025-11-21,476,2025-10-31,False,False,False,False,False,False,False,174041.33319417996,2517.4266324087803,176558.75982658874,0,0,0,0,176558.75982658874,0.014464533143974778,-0.14257418000214594,0,0,0,0,94941.179654978405,94941.179654978405,0,0.53773134648332988,0,0,0,0,81617.580171610316,81617.580171610316,0,0.46226865351667007,0,0,0,0,0,0,0,0
TQQQ_50_QQQ_static,2025-11-24,477,2025-10-31,False,False,False,False,False,False,False,176558.75982658874,8868.1117495458457,185426.87157613458,0,0,0,0,185426.87157613458,0.050227537609891737,-0.099507792380511439,0,0,0,0,97423.189267196241,97423.189267196241,0,0.52539951970874499,0,0,0,0,88003.68230893834,88003.68230893834,0,0.47460048029125507,0,0,0,0,0,0,0,0
TQQQ_50_QQQ_static,2025-11-25,478,2025-10-31,False,False,False,False,False,False,False,185426.87157613458,2069.9824834938045,187496.85405962839,0,0,0,0,187496.85405962839,0.011163336068277907,-0.089455295239989518,0,0,0,0,97988.597214444599,97988.597214444599,0,0.52261462042068152,0,0,0,0,89508.256845183801,89508.256845183801,0,0.47738537957931859,0,0,0,0,0,0,0,0
TQQQ_50_QQQ_static,2025-11-26,479,2025-10-31,False,False,False,False,False,False,False,187496.85405962839,3170.1595000129892,190667.01355964137,0,0,0,0,190667.01355964137,0.016907801018382962,-0.074059986553565049,0,0,0,0,98849.449740540222,98849.449740540222,0,0.51844022673392187,0,0,0,0,91817.563819101139,91817.563819101139,0,0.48155977326607807,0,0,0,0,0,0,0,0
TQQQ_50_QQQ_static,2025-11-28,480,2025-10-31,False,True,False,False,False,False,False,190667.01355964137,2862.3858368467772,193529.39939648815,0,0,0,0,193529.39939648815,0.015012485817067711,-0.060159325234244942,0,0,0,0,99626.753197214159,99626.753197214159,0,0.51478872723160018,0,0,0,0,93902.646199273979,93902.646199273979,0,0.4852112727683997,0,0,0,0,0,0,0,0
TQQQ_50_QQQ_static,2025-12-01,481,2025-11-28,False,False,True,False,False,False,True,193529.39939648815,-1410.4007531232783,192118.99864336487,6410.8252212797379,6.4076214105744658,0.033369033081315953,0,192112.59102195431,-0.0073208948043660405,-0.067039799947069434,0,0,0,0,99264.911932322299,96056.295510977157,-3208.6164213451411,0.5,0,0,0,0,92854.086711042561,96056.295510977157,3202.2087999345968,0.5,0,0,0,0,0,0,0,0
TQQQ_50_QQQ_static,2025-12-02,482,2025-11-28,False,False,False,False,False,False,False,192112.59102195431,3201.4875607382273,195314.07858269254,0,0,0,0,195314.07858269254,0.016664642039898148,-0.051492352175715572,0,0,0,0,96862.432544586176,96862.432544586176,0,0.49593164633841963,0,0,0,0,98451.646038106366,98451.646038106366,0,0.50406835366158043,0,0,0,0,0,0,0,0
TQQQ_50_QQQ_static,2025-12-03,483,2025-11-28,False,False,False,False,False,False,False,195314.07858269254,771.65446891367901,196085.73305160622,0,0,0,0,196085.73305160622,0.0039508389488009943,-0.0477449512174557,0,0,0,0,97059.530188709468,97059.530188709468,0,0.4949851714258332,0,0,0,0,99026.202862896753,99026.202862896753,0,0.5050148285741668,0,0,0,0,0,0,0,0
TQQQ_50_QQQ_static,2025-12-04,484,2025-11-28,False,False,False,False,False,False,False,196085.73305160622,-391.88142418401549,195693.85162742221,0,0,0,0,195693.85162742221,-0.001998520841293816,-0.0496480527786749,0,0,0,0,96970.22497473238,96970.22497473238,0,0.49552003891952695,0,0,0,0,98723.626652689811,98723.626652689811,0,0.50447996108047299,0,0,0,0,0,0,0,0
TQQQ_50_QQQ_static,2025-12-05,485,2025-11-28,False,False,False,False,False,False,False,195693.85162742221,1656.2578335173603,197350.10946093957,0,0,0,0,197350.10946093957,0.0084635149226388595,-0.041604734891608319,0,0,0,0,97398.923474541283,97398.923474541283,0,0.49353366836525076,0,0,0,0,99951.185986398283,99951.185986398283,0,0.50646633163474919,0,0,0,0,0,0,0,0
TQQQ_50_QQQ_static,2025-12-08,486,2025-11-28,False,False,False,False,False,False,False,197350.10946093957,-998.39493247450446,196351.71452846506,0,0,0,0,196351.71452846506,-0.0050590036924814674,-0.046453260076648406,0,0,0,0,97161.860805256511,97161.860805256511,0,0.49483581561072121,0,0,0,0,99189.853723208565,99189.853723208565,0,0.50516418438927879,0,0,0,0,0,0,0,0
TQQQ_50_QQQ_static,2025-12-09,487,2025-11-28,False,False,False,False,False,False,False,196351.71452846506,598.22133480740013,196949.93586327246,0,0,0,0,196949.93586327246,0.0030466825117572149,-0.043548105899980927,0,0,0,0,97316.268122153066,97316.268122153066,0,0.49411677996032677,0,0,0,0,99633.66774111941,99633.66774111941,0,0.50588322003967334,0,0,0,0,0,0,0,0
TQQQ_50_QQQ_static,2025-12-10,488,2025-11-28,False,False,False,False,False,False,False,196949.93586327246,1634.5452461874811,198584.48110945994,0,0,0,0,198584.48110945994,0.0082992931123482272,-0.035610231282984239,0,0,0,0,97724.854966961168,97724.854966961168,0,0.49210721009510877,0,0,0,0,100859.62614249879,100859.62614249879,0,0.50789278990489128,0,0,0,0,0,0,0,0
TQQQ_50_QQQ_static,2025-12-11,489,2025-11-28,False,False,False,False,False,False,False,198584.48110945994,-1421.4264560579613,197163.05465340198,0,0,0,0,197163.05465340198,-0.0071577922308766473,-0.042513132877043835,0,0,0,0,97384.413595810664,97384.413595810664,0,0.4939283060257168,0,0,0,0,99778.641057591318,99778.641057591318,0,0.5060716939742832,0,0,0,0,0,0,0,0
TQQQ_50_QQQ_static,2025-12-12,490,2025-11-28,False,False,False,False,False,False,False,197163.05465340198,-7634.2665825276927,189528.78807087429,0,0,0,0,189528.78807087429,-0.038720573669078995,-0.079587573652653898,0,0,0,0,95531.825179277337,95531.825179277337,0,0.50404915343812151,0,0,0,0,93996.962891596966,93996.962891596966,0,0.49595084656187854,0,0,0,0,0,0,0,0
TQQQ_50_QQQ_static,2025-12-15,491,2025-11-28,False,False,False,False,False,False,False,189528.78807087429,-1939.9348096998874,187588.8532611744,0,0,0,0,187588.8532611744,-0.010235568060375289,-0.08900851768614737,0,0,0,0,95047.493619503031,95047.493619503031,0,0.50667985846243868,0,0,0,0,92541.35964167137,92541.35964167137,0,0.49332014153756126,0,0,0,0,0,0,0,0
TQQQ_50_QQQ_static,2025-12-16,492,2025-11-28,False,False,False,False,False,False,False,187588.8532611744,939.62618513664347,188528.47944631104,0,0,0,0,188528.47944631104,0.0050089659849268386,-0.084445392338679204,0,0,0,0,95295.694919822272,95295.694919822272,0,0.50547108426109433,0,0,0,0,93232.784526488773,93232.784526488773,0,0.49452891573890573,0,0,0,0,0,0,0,0
TQQQ_50_QQQ_static,2025-12-17,493,2025-11-28,False,False,False,False,False,False,False,188528.47944631104,-7263.5428162260505,181264.93663008499,0,0,0,0,181264.93663008499,-0.038527562719215314,-0.1197194799082173,0,0,0,0,93457.178122932775,93457.178122932775,0,0.51558332163078391,0,0,0,0,87807.758507152234,87807.758507152234,0,0.48441667836921615,0,0,0,0,0,0,0,0
TQQQ_50_QQQ_static,2025-12-18,494,2025-11-28,False,False,False,False,False,False,False,181264.93663008499,5352.2310908316285,186617.16772091662,0,0,0,0,186617.16772091662,0.029527117545927517,-0.093727333518077049,0,0,0,0,94864.534073400195,94864.534073400195,0,0.50833765849060997,0,0,0,0,91752.633647516413,91752.633647516413,0,0.49166234150938998,0,0,0,0,0,0,0,0
TQQQ_50_QQQ_static,2025-12-19,495,2025-11-28,False,False,False,False,False,False,False,186617.16772091662,4753.2788610483403,191370.44658196496,0,0,0,0,191370.44658196496,0.025470748051201753,-0.070643890764425121,0,0,0,0,96101.631895553335,96101.631895553335,0,0.50217592952312262,0,0,0,0,95268.814686411613,95268.814686411613,0,0.49782407047687732,0,0,0,0,0,0,0,0
TQQQ_50_QQQ_static,2025-12-22,496,2025-11-28,False,False,False,False,False,False,False,191370.44658196496,1729.0784147767408,193099.5249967417,0,0,0,0,193099.5249967417,0.0090352426179669543,-0.062246932838991853,0,0,0,0,96542.849192224079,96542.849192224079,0,0.49996419822292731,0,0,0,0,96556.675804517625,96556.675804517625,0,0.50003580177707263,0,0,0,0,0,0,0,0
TQQQ_50_QQQ_static,2025-12-23,497,2025-11-28,False,False,False,False,False,False,False,193099.5249967417,1882.9861578498094,194982.51115459151,0,0,0,0,194982.51115459151,0.0097513764359677957,-0.053102549677121469,0,0,0,0,97020.394646461267,97020.394646461267,0,0.49758511197724203,0,0,0,0,97962.116508130246,97962.116508130246,0,0.50241488802275791,0,0,0,0,0,0,0,0
TQQQ_50_QQQ_static,2025-12-24,498,2025-11-28,False,False,False,False,False,False,False,194982.51115459151,992.40109005675185,195974.91224464827,0,0,0,0,195974.91224464827,0.0050896928354253745,-0.048283132508330717,0,0,0,0,97279.668343340265,97279.668343340265,0,0.49638837557890936,0,0,0,0,98695.243901307986,98695.243901307986,0,0.50361162442109053,0,0,0,0,0,0,0,0
TQQQ_50_QQQ_static,2025-12-26,499,2025-11-28,False,False,False,False,False,False,False,195974.91224464827,-262.51095231168438,195712.40129233658,0,0,0,0,195712.40129233658,-0.0013395130494252561,-0.049557969671693902,0,0,0,0,97234.151457752392,97234.151457752392,0,0.49682161587968693,0,0,0,0,98478.249834584174,98478.249834584174,0,0.50317838412031302,0,0,0,0,0,0,0,0
TQQQ_50_QQQ_static,2025-12-29,500,2025-11-28,False,False,False,False,False,False,False,195712.40129233658,-1843.9390950009983,193868.46219733558,0,0,0,0,193868.46219733558,-0.0094216773327853165,-0.058512727804964637,0,0,0,0,96784.817908165234,96784.817908165234,0,0.49922930636159651,0,0,0,0,97083.644289170348,97083.644289170348,0,0.50077069363840354,0,0,0,0,0,0,0,0
TQQQ_50_QQQ_static,2025-12-30,501,2025-11-28,False,False,False,False,False,False,False,193868.46219733558,-985.36150248566992,192883.10069484991,0,0,0,0,192883.10069484991,-0.0050826291771102206,-0.063297958484501038,0,0,0,0,96545.573935596913,96545.573935596913,0,0.50053930897936216,0,0,0,0,96337.526759253,96337.526759253,0,0.49946069102063778,0,0,0,0,0,0,0,0
TQQQ_50_QQQ_static,2025-12-31,502,2025-11-28,False,True,False,False,False,False,False,192883.10069484991,-3259.8071767567308,189623.29351809318,0,0,0,0,189623.29351809318,-0.01690042914601364,-0.079128624968060057,0,0,0,0,95742.716819750014,95742.716819750014,0,0.50491010383497315,0,0,0,0,93880.576698343168,93880.576698343168,0,0.49508989616502685,0,0,0,0,0,0,0,0
TQQQ_50_QQQ_static,2026-01-02,503,2025-12-31,False,False,True,False,False,False,True,189623.29351809318,-698.08566661304212,188925.20785148014,2248.6684763164085,2.2475447039644352,0.01190242690157131,0,188922.96030677619,-0.0036932868231727145,-0.082529667083302449,0,0,0,0,95586.938163898274,94461.480153388096,-1125.4580105101777,0.5,0,0,0,0,93338.269687581866,94461.480153388096,1123.2104658062308,0.5,0,0,0,0,0,0,0,0
TQQQ_50_QQQ_static,2026-01-05,504,2025-12-31,False,False,False,False,False,False,False,188922.96030677619,2891.6614245817473,191814.62173135794,0,0,0,0,191814.62173135794,0.015306034903784127,-0.068486834144493081,0,0,0,0,95190.98475040606,95190.98475040606,0,0.49626552914054622,0,0,0,0,96623.636980951866,96623.636980951866,0,0.50373447085945378,0,0,0,0,0,0,0,0
TQQQ_50_QQQ_static,2026-01-06,505,2025-12-31,False,False,False,False,False,False,False,191814.62173135794,3587.0326842888608,195401.6544156468,0,0,0,0,195401.6544156468,0.018700517467915567,-0.05106705591481886,0,0,0,0,96083.434897341591,96083.434897341591,0,0.49172272970094005,0,0,0,0,99318.219518305195,99318.219518305195,0,0.50827727029905989,0,0,0,0,0,0,0,0
TQQQ_50_QQQ_static,2026-01-07,506,2025-12-31,False,False,False,False,False,False,False,195401.6544156468,192.95024953014217,195594.60466517694,0,0,0,0,195594.60466517694,0.00098745453362281133,-0.050130027777077868,0,0,0,0,96136.111796984798,96136.111796984798,0,0.4915069715831511,0,0,0,0,99458.492868192145,99458.492868192145,0,0.50849302841684885,0,0,0,0,0,0,0,0
TQQQ_50_QQQ_static,2026-01-08,507,2025-12-31,False,False,False,False,False,False,False,195594.60466517694,-2286.2521362585248,193308.35252891842,0,0,0,0,193308.35252891842,-0.011688728020755934,-0.061232799537474514,0,0,0,0,95585.7874405615,95585.7874405615,0,0.49447313677903348,0,0,0,0,97722.565088356903,97722.565088356903,0,0.5055268632209664,0,0,0,0,0,0,0,0
TQQQ_50_QQQ_static,2026-01-09,508,2025-12-31,False,False,False,False,False,False,False,193308.35252891842,3876.2631320002256,197184.61566091864,0,0,0,0,197184.61566091864,0.020052227859219673,-0.04240842572703829,0,0,0,0,96558.13980999148,96558.13980999148,0,0.48968394155066425,0,0,0,0,100626.47585092716,100626.47585092716,0,0.5103160584493357,0,0,0,0,0,0,0,0
TQQQ_50_QQQ_static,2026-01-12,509,2025-12-31,False,False,False,False,False,False,False,197184.61566091864,295.64920116518624,197480.26486208383,0,0,0,0,197480.26486208383,0.0014993522703292683,-0.040972658626103997,0,0,0,0,96636.88818864504,96636.88818864504,0,0.48934959782504983,0,0,0,0,100843.37667343878,100843.37667343878,0,0.51065040217495006,0,0,0,0,0,0,0,0
TQQQ_50_QQQ_static,2026-01-13,510,2025-12-31,False,False,False,False,False,False,False,197480.26486208383,-737.65823692112463,196742.60662516271,0,0,0,0,196742.60662516271,-0.0037353516688681809,-0.044554963006195214,0,0,0,0,96465.191449532693,96465.191449532693,0,0.49031164679707523,0,0,0,0,100277.41517563,100277.41517563,0,0.50968835320292472,0,0,0,0,0,0,0,0
TQQQ_50_QQQ_static,2026-01-14,511,2025-12-31,False,False,False,False,False,False,False,196742.60662516271,-4261.8403216353327,192480.76630352737,0,0,0,0,192480.76630352737,-0.02166201004826096,-0.06525182299811616,0,0,0,0,95437.03047265693,95437.03047265693,0,0.49582632231503104,0,0,0,0,97043.735830870442,97043.735830870442,0,0.5041736776849689,0,0,0,0,0,0,0,0
TQQQ_50_QQQ_static,2026-01-15,512,2025-12-31,False,False,False,False,False,False,False,192480.76630352737,1199.7198939603404,193680.48619748771,0,0,0,0,193680.48619748771,0.006232933902956761,-0.059425599394954176,0,0,0,0,95740.47938681244,95740.47938681244,0,0.49432176295339308,0,0,0,0,97940.006810675273,97940.006810675273,0,0.50567823704660697,0,0,0,0,0,0,0,0
TQQQ_50_QQQ_static,2026-01-16,513,2025-12-31,False,False,False,False,False,False,False,193680.48619748771,-372.97367469887831,193307.51252278883,0,0,0,0,193307.51252278883,-0.0019257163280691492,-0.061236878875963185,0,0,0,0,95673.294402869753,95673.294402869753,0,0.49492796815949364,0,0,0,0,97634.218119919096,97634.218119919096,0,0.50507203184050642,0,0,0,0,0,0,0,0
TQQQ_50_QQQ_static,2026-01-20,514,2025-12-31,False,False,False,False,False,False,False,193307.51252278883,-8286.9481805104588,185020.56434227838,0,0,0,0,185020.56434227838,-0.042869250513652535,-0.10148095028840787,0,0,0,0,93640.950987885299,93640.950987885299,0,0.50611104403862062,0,0,0,0,91379.613354393077,91379.613354393077,0,0.49388895596137933,0,0,0,0,0,0,0,0
TQQQ_50_QQQ_static,2026-01-21,515,2025-12-31,False,False,False,False,False,False,False,185020.56434227838,4963.2984097727749,189983.86275205115,0,0,0,0,189983.86275205115,0.026825658150036347,-0.077377585419549089,0,0,0,0,94910.985517086316,94910.985517086316,0,0.49957393297637653,0,0,0,0,95072.87723496485,95072.87723496485,0,0.50042606702362358,0,0,0,0,0,0,0,0
TQQQ_50_QQQ_static,2026-01-22,516,2025-12-31,False,False,False,False,False,False,False,189983.86275205115,2848.0702071911364,192831.93295924229,0,0,0,0,192831.93295924229,0.014991116434495133,-0.063546445377498539,0,0,0,0,95629.172585183784,95629.172585183784,0,0.49591979459852398,0,0,0,0,97202.760374058504,97202.760374058504,0,0.50408020540147602,0,0,0,0,0,0,0,0
TQQQ_50_QQQ_static,2026-01-23,517,2025-12-31,False,False,False,False,False,False,False,192831.93295924229,1241.185387419886,194073.11834666217,0,0,0,0,194073.11834666217,0.0064366174646095509,-0.057518852073019655,0,0,0,0,95955.15549956217,95955.15549956217,0,0.49442785439332582,0,0,0,0,98117.962847100003,98117.962847100003,0,0.50557214560667418,0,0,0,0,0,0,0,0
TQQQ_50_QQQ_static,2026-01-26,518,2025-12-31,False,False,False,False,False,False,False,194073.11834666217,1612.5214419527911,195685.63978861496,0,0,0,0,195685.63978861496,0.0083088346067199392,-0.049687932094942822,0,0,0,0,96357.503773852499,96357.503773852499,0,0.49240968258039036,0,0,0,0,99328.136014762465,99328.136014762465,0,0.50759031741960969,0,0,0,0,0,0,0,0
TQQQ_50_QQQ_static,2026-01-27,519,2025-12-31,False,False,False,False,False,False,False,195685.63978861496,3444.9543317684438,199130.59412038341,0,0,0,0,199130.59412038341,0.017604533145558321,-0.032958131796884227,0,0,0,0,97205.958733227191,97205.958733227191,0,0.48815180390845325,0,0,0,0,101924.63538715622,101924.63538715622,0,0.51184819609154675,0,0,0,0,0,0,0,0
TQQQ_50_QQQ_static,2026-01-28,520,2025-12-31,False,False,False,False,False,False,False,199130.59412038341,1269.3706876176002,200399.96480800101,0,0,0,0,200399.96480800101,0.0063745638545638084,-0.026793661657986911,0,0,0,0,97518.657962618163,97518.657962618163,0,0.4866201351684305,0,0,0,0,102881.30684538285,102881.30684538285,0,0.5133798648315695,0,0,0,0,0,0,0,0
TQQQ_50_QQQ_static,2026-01-29,521,2025-12-31,False,False,False,False,False,False,False,200399.96480800101,-2194.3396367866662,198205.62517121434,0,0,0,0,198205.62517121434,-0.010949800509640895,-0.037450076917549979,0,0,0,0,97000.566826987284,97000.566826987284,0,0.48939361202890219,0,0,0,0,101205.05834422704,101205.05834422704,0,0.5106063879710977,0,0,0,0,0,0,0,0
TQQQ_50_QQQ_static,2026-01-30,522,2025-12-31,False,True,False,False,False,False,False,198205.62517121434,-5176.3460629115289,193029.27910830281,0,0,0,0,193029.27910830281,-0.026116040139829932,-0.062588069345361541,0,0,0,0,95765.757655951398,95765.757655951398,0,0.49612037147079729,0,0,0,0,97263.521452351415,97263.521452351415,0,0.50387962852920276,0,0,0,0,0,0,0,0
TQQQ_50_QQQ_static,2026-02-02,523,2026-01-30,False,False,True,False,False,False,True,193029.27910830281,2788.4636574439064,195817.74276574672,2893.3404441967723,2.8947878381158372,0.014775680708657866,0,195814.84797790859,0.014430810095098945,-0.049060455793204283,0,0,0,0,96462.201160774974,97907.423988954295,1445.2228281793214,0.5,0,0,0,0,99355.541604971746,97907.423988954295,-1448.1176160174509,0.5,0,0,0,0,0,0,0,0
TQQQ_50_QQQ_static,2026-02-03,524,2026-01-30,False,False,False,False,False,False,False,195814.84797790859,-6111.1325974793872,189703.7153804292,0,0,0,0,189703.7153804292,-0.031208729371578814,-0.078738070677086713,0,0,0,0,96385.560308546424,96385.560308546424,0,0.50808472630731638,0,0,0,0,93318.155071882778,93318.155071882778,0,0.49191527369268356,0,0,0,0,0,0,0,0
TQQQ_50_QQQ_static,2026-02-04,525,2026-01-30,False,False,False,False,False,False,False,189703.7153804292,-6672.3219827578578,183031.39339767135,0,0,0,0,183031.39339767135,-0.035172331598130713,-0.11114100074396582,0,0,0,0,94683.436106901965,94683.436106901965,0,0.51730708240407564,0,0,0,0,88347.95729076938,88347.95729076938,0,0.48269291759592431,0,0,0,0,0,0,0,0
TQQQ_50_QQQ_static,2026-02-05,526,2026-01-30,False,False,False,False,False,False,False,183031.39339767135,-4975.1365992991487,178056.2567983722,0,0,0,0,178056.2567983722,-0.027181875780673881,-0.13530185564827735,0,0,0,0,93380.069985349619,93380.069985349619,0,0.52444138534874163,0,0,0,0,84676.186813022563,84676.186813022563,0,0.47555861465125826,0,0,0,0,0,0,0,0
TQQQ_50_QQQ_static,2026-02-06,527,2026-01-30,False,False,False,False,False,False,False,178056.2567983722,7383.4917254828615,185439.74852385506,0,0,0,0,185439.74852385506,0.041467184912484134,-0.099445257802962539,0,0,0,0,95384.362882599526,95384.362882599526,0,0.514368487025473,0,0,0,0,90055.385641255532,90055.385641255532,0,0.48563151297452695,0,0,0,0,0,0,0,0
TQQQ_50_QQQ_static,2026-02-09,528,2026-01-30,False,False,False,False,False,False,False,185439.74852385506,2798.5981770271319,188238.34670088219,0,0,0,0,188238.34670088219,0.015091684492158031,-0.085854369765808292,0,0,0,0,96121.787667952347,96121.787667952347,0,0.51063871603533306,0,0,0,0,92116.559032929828,92116.559032929828,0,0.48936128396466688,0,0,0,0,0,0,0,0
TQQQ_50_QQQ_static,2026-02-10,529,2026-01-30,False,False,False,False,False,False,False,188238.34670088219,-2081.9220033664897,186156.4246975157,0,0,0,0,186156.4246975157,-0.011060031284033434,-0.095964849034360866,0,0,0,0,95590.231927472705,95590.231927472705,0,0.51349413313452175,0,0,0,0,90566.192770042995,90566.192770042995,0,0.4865058668654782,0,0,0,0,0,0,0,0
TQQQ_50_QQQ_static,2026-02-11,530,2026-01-30,False,False,False,False,False,False,False,186156.4246975157,1052.0570967031235,187208.48179421882,0,0,0,0,187208.48179421882,0.0056514681049155691,-0.090855723212956097,0,0,0,0,95870.65933362834,95870.65933362834,0,0.51210638756747251,0,0,0,0,91337.822460590498,91337.822460590498,0,0.4878936124325276,0,0,0,0,0,0,0,0
TQQQ_50_QQQ_static,2026-02-12,531,2026-01-30,False,False,False,False,False,False,False,187208.48179421882,-7566.5311574191437,179641.95063679968,0,0,0,0,179641.95063679968,-0.040417672772627533,-0.12760121909524191,0,0,0,0,93916.255055169269,93916.255055169269,0,0.52279690084778285,0,0,0,0,85725.695581630425,85725.695581630425,0,0.4772030991522172,0,0,0,0,0,0,0,0
TQQQ_50_QQQ_static,2026-02-13,532,2026-01-30,False,False,False,False,False,False,False,179641.95063679968,585.42033335188171,180227.37097015156,0,0,0,0,180227.37097015156,0.0032588175049128587,-0.12475823067676495,0,0,0,0,94098.892862969413,94098.892862969413,0,0.52211210958935672,0,0,0,0,86128.478107182164,86128.478107182164,0,0.47788789041064339,0,0,0,0,0,0,0,0
TQQQ_50_QQQ_static,2026-02-17,533,2026-01-30,False,False,False,False,False,False,False,180227.37097015156,-460.20406439196086,179767.1669057596,0,0,0,0,179767.1669057596,-0.0025534637825248563,-0.12699312883568481,0,0,0,0,93982.306533212235,93982.306533212235,0,0.52280017619947883,0,0,0,0,85784.86037254738,85784.86037254738,0,0.47719982380052128,0,0,0,0,0,0,0,0
TQQQ_50_QQQ_static,2026-02-18,534,2026-01-30,False,False,False,False,False,False,False,179767.1669057596,2780.1390514367959,182547.3059571964,0,0,0,0,182547.3059571964,0.015465221482264591,-0.11349188421758993,0,0,0,0,94733.075488993127,94733.075488993127,0,0.51895082752525579,0,0,0,0,87814.230468203255,87814.230468203255,0,0.4810491724747441,0,0,0,0,0,0,0,0
TQQQ_50_QQQ_static,2026-02-19,535,2026-01-30,False,False,False,False,False,False,False,182547.3059571964,-1431.0207212432288,181116.28523595317,0,0,0,0,181116.28523595317,-0.0078391774326089791,-0.12044137863265614,0,0,0,0,94360.802482687155,94360.802482687155,0,0.52099568164042553,0,0,0,0,86755.482753266013,86755.482753266013,0,0.47900431835957452,0,0,0,0,0,0,0,0
TQQQ_50_QQQ_static,2026-02-20,536,2026-01-30,False,False,False,False,False,False,False,181116.28523595317,3004.8284186164674,184121.11365456964,0,0,0,0,184121.11365456964,0.016590603184588604,-0.10584897056796672,0,0,0,0,95179.731734182787,95179.731734182787,0,0.51694088659896908,0,0,0,0,88941.381920386848,88941.381920386848,0,0.48305911340103086,0,0,0,0,0,0,0,0
TQQQ_50_QQQ_static,2026-02-23,537,2026-01-30,False,False,False,False,False,False,False,184121.11365456964,-4421.15081253057,179699.96284203907,0,0,0,0,179699.96284203907,-0.024012188090634212,-0.12731949326812286,0,0,0,0,94024.370777040982,94024.370777040982,0,0.52322977306172758,0,0,0,0,85675.592064998084,85675.592064998084,0,0.47677022693827242,0,0,0,0,0,0,0,0
TQQQ_50_QQQ_static,2026-02-24,538,2026-01-30,False,False,False,False,False,False,False,179699.96284203907,3782.3906257861527,183482.35346782522,0,0,0,0,183482.35346782522,0.021048366209797109,-0.10895099437827915,0,0,0,0,95043.783434210025,95043.783434210025,0,0.51799958763269593,0,0,0,0,88438.570033615179,88438.570033615179,0,0.48200041236730395,0,0,0,0,0,0,0,0
TQQQ_50_QQQ_static,2026-02-25,539,2026-01-30,False,False,False,False,False,False,False,183482.35346782522,5054.3930959375284,188536.74656376275,0,0,0,0,188536.74656376275,0.027547025642571388,-0.084405244571629789,0,0,0,0,96382.876401425805,96382.876401425805,0,0.51121533684060527,0,0,0,0,92153.870162336942,92153.870162336942,0,0.48878466315939473,0,0,0,0,0,0,0,0
TQQQ_50_QQQ_static,2026-02-26,540,2026-01-30,False,False,False,False,False,False,False,188536.74656376275,-4365.5393730591459,184171.2071907036,0,0,0,0,184171.2071907036,-0.02315484621764563,-0.1056057003312566,0,0,0,0,95261.983910424722,95261.983910424722,0,0.51724688871580171,0,0,0,0,88909.223280278864,88909.223280278864,0,0.48275311128419823,0,0,0,0,0,0,0,0
TQQQ_50_QQQ_static,2026-02-27,541,2026-01-30,False,True,False,False,False,False,False,184171.2071907036,-1106.4436761370744,183064.76351456653,0,0,0,0,183064.76351456653,-0.006007690849261671,-0.11097894478100834,0,0,0,0,94989.710484603202,94989.710484603202,0,0.51888582303303188,0,0,0,0,88075.05302996331,88075.05302996331,0,0.48111417696696801,0,0,0,0,0,0,0,0
TQQQ_50_QQQ_static,2026-03-02,542,2026-02-27,False,False,True,False,False,False,True,183064.76351456653,443.56781492865412,183508.33132949518,6720.3826287522534,6.7170241166939011,0.036621675866506505,0,183501.61430537849,0.0023863182757024592,-0.10885745758945498,0,0,0,0,95114.356979123724,91750.807152689245,-3363.5498264344787,0.5,0,0,0,0,88393.974350371471,91750.807152689245,3356.8328023177746,0.5,0,0,0,0,0,0,0,0
TQQQ_50_QQQ_static,2026-03-03,543,2026-02-27,False,False,False,False,False,False,False,183501.61430537849,-4012.8184189899184,179488.79588638857,0,0,0,0,179488.79588638857,-0.021868027887274599,-0.12834498755842549,0,0,0,0,90752.690780132383,90752.690780132383,0,0.50561758093010056,0,0,0,0,88736.105106256189,88736.105106256189,0,0.49438241906989938,0,0,0,0,0,0,0,0
TQQQ_50_QQQ_static,2026-03-04,544,2026-02-27,False,False,False,False,False,False,False,179488.79588638857,5375.6417345739901,184864.43762096256,0,0,0,0,184864.43762096256,0.029949734232863401,-0.10223915159305719,0,0,0,0,92126.065198887518,92126.065198887518,0,0.49834390207476525,0,0,0,0,92738.37242207503,92738.37242207503,0,0.50165609792523469,0,0,0,0,0,0,0,0
TQQQ_50_QQQ_static,2026-03-05,545,2026-02-27,False,False,False,False,False,False,False,184864.43762096256,-1082.5624831715249,183781.87513779104,0,0,0,0,183781.87513779104,-0.0058559801825766034,-0.10749642133002135,0,0,0,0,91863.06201677119,91863.06201677119,0,0.4998483226264645,0,0,0,0,91918.813121019863,91918.813121019863,0,0.50015167737353561,0,0,0,0,0,0,0,0
TQQQ_50_QQQ_static,2026-03-06,546,2026-02-27,False,False,False,False,False,False,False,183781.87513779104,-5565.6472749631503,178216.22786282789,0,0,0,0,178216.22786282789,-0.030283983503761158,-0.13452498498351073,0,0,0,0,90490.924855825375,90490.924855825375,0,0.50775917513794411,0,0,0,0,87725.303007002527,87725.303007002527,0,0.492240824862056,0,0,0,0,0,0,0,0
TQQQ_50_QQQ_static,2026-03-09,547,2026-02-27,False,False,False,False,False,False,False,178216.22786282789,4640.2851483339327,182856.51301116182,0,0,0,0,182856.51301116182,0.026037388424052788,-0.11199027584621357,0,0,0,0,91684.782412323402,91684.782412323402,0,0.50140288088467944,0,0,0,0,91171.730598838403,91171.730598838403,0,0.49859711911532051,0,0,0,0,0,0,0,0
TQQQ_50_QQQ_static,2026-03-10,548,2026-02-27,False,False,False,False,False,False,False,182856.51301116182,-181.73858404561179,182674.77442711621,0,0,0,0,182674.77442711621,-0.00099388630491126229,-0.11287285654967805,0,0,0,0,91644.862258185851,91644.862258185851,0,0.50168318283458679,0,0,0,0,91029.912168930343,91029.912168930343,0,0.4983168171654131,0,0,0,0,0,0,0,0
TQQQ_50_QQQ_static,2026-03-11,549,2026-02-27,False,False,False,False,False,False,False,182674.77442711621,109.88969647022896,182784.66412358644,0,0,0,0,182784.66412358644,0.00060155922904425729,-0.1123391970291997,0,0,0,0,91679.877725081751,91679.877725081751,0,0.50157313888814059,0,0,0,0,91104.786398504672,91104.786398504672,0,0.4984268611118593,0,0,0,0,0,0,0,0
TQQQ_50_QQQ_static,2026-03-12,550,2026-02-27,False,False,False,False,False,False,False,182784.66412358644,-6328.4720229498344,176456.1921006366,0,0,0,0,176456.1921006366,-0.03462255465081554,-0.14307228169144304,0,0,0,0,90095.591800161579,90095.591800161579,0,0.51058333928445088,0,0,0,0,86360.600300475009,86360.600300475009,0,0.48941666071554907,0,0,0,0,0,0,0,0
TQQQ_50_QQQ_static,2026-03-13,551,2026-02-27,False,False,False,False,False,False,False,176456.1921006366,-2207.282412841625,174248.90968779498,0,0,0,0,174248.90968779498,-0.012508954129434979,-0.15379155121200616,0,0,0,0,89544.947821473557,89544.947821473557,0,0.51389100788012343,0,0,0,0,84703.961866321435,84703.961866321435,0,0.48610899211987668,0,0,0,0,0,0,0,0
TQQQ_50_QQQ_static,2026-03-16,552,2026-02-27,False,False,False,False,False,False,False,174248.90968779498,3853.0685420507798,178101.97822984576,0,0,0,0,178101.97822984576,0.022112439893910318,-0.13507981775046252,0,0,0,0,90554.824251830534,90554.824251830534,0,0.50844367452767381,0,0,0,0,87547.153978015238,87547.153978015238,0,0.49155632547232631,0,0,0,0,0,0,0,0
TQQQ_50_QQQ_static,2026-03-17,553,2026-02-27,False,False,False,False,False,False,False,178101.97822984576,1767.2939119497605,179869.27214179552,0,0,0,0,179869.27214179552,0.0099229325216647624,-0.1264972731453744,0,0,0,0,91013.663339075894,91013.663339075894,0,0.50599895276902829,0,0,0,0,88855.608802719624,88855.608802719624,0,0.49400104723097166,0,0,0,0,0,0,0,0
TQQQ_50_QQQ_static,2026-03-18,554,2026-02-27,False,False,False,False,False,False,False,179869.27214179552,-5156.3387264823832,174712.93341531313,0,0,0,0,174712.93341531313,-0.028667146228386953,-0.15153810354701069,0,0,0,0,89708.368114986355,89708.368114986355,0,0.51346151862575073,0,0,0,0,85004.565300326794,85004.565300326794,0,0.48653848137424932,0,0,0,0,0,0,0,0
TQQQ_50_QQQ_static,2026-03-19,555,2026-02-27,False,False,False,False,False,False,False,174712.93341531313,-1008.7093996442272,173704.22401566891,0,0,0,0,173704.22401566891,-0.0057735244891481408,-0.15643671908429113,0,0,0,0,89451.536138924872,89451.536138924872,0,0.51496465699565219,0,0,0,0,84252.687876744021,84252.687876744021,0,0.4850353430043477,0,0,0,0,0,0,0,0
TQQQ_50_QQQ_static,2026-03-20,556,2026-02-27,False,False,False,False,False,False,False,173704.22401566891,-6477.5030242560315,167226.72099141288,0,0,0,0,167226.72099141288,-0.037290417437815027,-0.18789354596485075,0,0,0,0,87778.339899499566,87778.339899499566,0,0.52490618352797214,0,0,0,0,79448.381091913296,79448.381091913296,0,0.47509381647202775,0,0,0,0,0,0,0,0
TQQQ_50_QQQ_static,2026-03-23,557,2026-02-27,False,False,False,False,False,False,False,167226.72099141288,3963.5498525891453,171190.27084400202,0,0,0,0,171190.27084400202,0.023701653833137604,-0.16864527991565281,0,0,0,0,88847.797917827163,88847.797917827163,0,0.51900027659159531,0,0,0,0,82342.472926174858,82342.472926174858,0,0.48099972340840469,0,0,0,0,0,0,0,0
TQQQ_50_QQQ_static,2026-03-24,558,2026-02-27,False,False,False,False,False,False,False,171190.27084400202,-2610.4802903565869,168579.79055364543,0,0,0,0,168579.79055364543,-0.015248999125279772,-0.18132260731501626,0,0,0,0,88163.761475090287,88163.761475090287,0,0.52297942229934635,0,0,0,0,80416.029078555148,80416.029078555148,0,0.4770205777006537,0,0,0,0,0,0,0,0
TQQQ_50_QQQ_static,2026-03-25,559,2026-02-27,False,False,False,False,False,False,False,168579.79055364543,2178.7990250393341,170758.58957868477,0,0,0,0,170758.58957868477,0.01292443784562658,-0.17074166223763954,0,0,0,0,88754.680952070878,88754.680952070878,0,0.51976700657376373,0,0,0,0,82003.908626613891,82003.908626613891,0,0.48023299342623621,0,0,0,0,0,0,0,0
TQQQ_50_QQQ_static,2026-03-26,560,2026-02-27,False,False,False,False,False,False,False,170758.58957868477,-7997.1775134600757,162761.41206522469,0,0,0,0,162761.41206522469,-0.046833237105036063,-0.20957851459139221,0,0,0,0,86639.070606046371,86639.070606046371,0,0.53230719435714158,0,0,0,0,76122.341459178322,76122.341459178322,0,0.46769280564285842,0,0,0,0,0,0,0,0
TQQQ_50_QQQ_static,2026-03-27,561,2026-02-27,False,False,False,False,False,False,False,162761.41206522469,-6124.9194802767888,156636.4925849479,0,0,0,0,156636.4925849479,-0.037631275144149656,-0.23932308298865101,0,0,0,0,84972.10602727675,84972.10602727675,0,0.54247962671402539,0,0,0,0,71664.386557671154,71664.386557671154,0,0.45752037328597456,0,0,0,0,0,0,0,0
TQQQ_50_QQQ_static,2026-03-30,562,2026-02-27,False,False,False,False,False,False,False,156636.4925849479,-2352.0591696128249,154284.43341533508,0,0,0,0,154284.43341533508,-0.015016035732141053,-0.25074543475510835,0,0,0,0,84311.683179367858,84311.683179367858,0,0.54646914995241325,0,0,0,0,69972.750235967222,69972.750235967222,0,0.45353085004758681,0,0,0,0,0,0,0,0
TQQQ_50_QQQ_static,2026-03-31,563,2026-02-27,False,True,False,False,False,False,False,154284.43341533508,10066.7929770911,164351.22639242618,0,0,0,0,164351.22639242618,0.065248273946025392,-0.20185786762669944,0,0,0,0,87203.891490450842,87203.891490450842,0,0.53059471112330847,0,0,0,0,77147.334901975337,77147.334901975337,0,0.46940528887669153,0,0,0,0,0,0,0,0
TQQQ_50_QQQ_static,2026-04-01,564,2026-03-31,False,False,True,False,False,False,True,164351.22639242618,3752.1345997411991,168103.36099216738,8370.2595892205572,8.3660765509450794,0.049792339307306067,0,168094.99491561644,0.022779072632236774,-0.18367693002251972,0,0,0,0,88236.810290693975,84047.497457808218,-4189.3128328857565,0.5,0,0,0,0,79866.550701473418,84047.497457808218,4180.9467563348007,0.5,0,0,0,0,0,0,0,0
TQQQ_50_QQQ_static,2026-04-02,565,2026-03-31,False,False,False,False,False,False,False,168094.99491561644,295.27706229660544,168390.27197791304,0,0,0,0,168390.27197791304,0.0017566082942852557,-0.18224297014698088,0,0,0,0,84144.305848600299,84144.305848600299,0,0.49969814087382147,0,0,0,0,84245.966129312743,84245.966129312743,0,0.50030185912617853,0,0,0,0,0,0,0,0
TQQQ_50_QQQ_static,2026-04-06,566,2026-03-31,False,False,False,False,False,False,False,168390.27197791304,2029.8340941473725,170420.10607206041,0,0,0,0,170420.10607206041,0.012054342987305233,-0.17238544642885267,0,0,0,0,84655.980956998159,84655.980956998159,0,0.49674878691368868,0,0,0,0,85764.12511506227,85764.12511506227,0,0.50325121308631138,0,0,0,0,0,0,0,0
TQQQ_50_QQQ_static,2026-04-07,567,2026-03-31,False,False,False,False,False,False,False,170420.10607206041,123.84940467675915,170543.95547673717,0,0,0,0,170543.95547673717,0.00072673000581513492,-0.17178399409952327,0,0,0,0,84691.384479662578,84691.384479662578,0,0.49659563860188993,0,0,0,0,85852.570997074581,85852.570997074581,0,0.50340436139810996,0,0,0,0,0,0,0,0
TQQQ_50_QQQ_static,2026-04-08,568,2026-03-31,False,False,False,False,False,False,False,170543.95547673717,9884.9480411798577,180428.90351791703,0,0,0,0,180428.90351791703,0.057961292228432049,-0.12377952415326088,0,0,0,0,87143.18508728595,87143.18508728595,0,0.48297796743320792,0,0,0,0,93285.718430631096,93285.718430631096,0,0.51702203256679213,0,0,0,0,0,0,0,0
TQQQ_50_QQQ_static,2026-04-09,569,2026-03-31,False,False,False,False,False,False,False,180428.90351791703,2614.3795627064828,183043.28308062351,0,0,0,0,183043.28308062351,0.014489804636244719,-0.11108326063996421,0,0,0,0,87770.545296300785,87770.545296300785,0,0.47950705329974463,0,0,0,0,95272.73778432273,95272.73778432273,0,0.52049294670025537,0,0,0,0,0,0,0,0
TQQQ_50_QQQ_static,2026-04-10,570,2026-03-31,False,False,False,False,False,False,False,183043.28308062351,433.47273064908222,183476.7558112726,0,0,0,0,183476.7558112726,0.0023681433339357572,-0.10897817838922486,0,0,0,0,87890.278128998529,87890.278128998529,0,0.47902677230353913,0,0,0,0,95586.477682274053,95586.477682274053,0,0.52097322769646082,0,0,0,0,0,0,0,0
TQQQ_50_QQQ_static,2026-04-13,571,2026-03-31,False,False,False,False,False,False,False,183476.7558112726,3952.431240254431,187429.18705152703,0,0,0,0,187429.18705152703,0.021541863560744279,-0.089783907878439706,0,0,0,0,88824.469347264108,88824.469347264108,0,0.47390948413410638,0,0,0,0,98604.717704262905,98604.717704262905,0,0.5260905158658935,0,0,0,0,0,0,0,0
TQQQ_50_QQQ_static,2026-04-14,572,2026-03-31,False,False,False,False,False,False,False,187429.18705152703,6914.9801719944226,194344.16722352145,0,0,0,0,194344.16722352145,0.036893827907888088,-0.056202552016716423,0,0,0,0,90427.642548120028,90427.642548120028,0,0.46529640606150169,0,0,0,0,103916.52467540141,103916.52467540141,0,0.5347035939384982,0,0,0,0,0,0,0,0
TQQQ_50_QQQ_static,2026-04-15,573,2026-03-31,False,False,False,False,False,False,False,194344.16722352145,5609.8955645866226,199954.06278810807,0,0,0,0,199954.06278810807,0.028865777886374566,-0.028959104513503697,0,0,0,0,91695.91443194919,91695.91443194919,0,0.45858490271897917,0,0,0,0,108258.14835615887,108258.14835615887,0,0.54141509728102077,0,0,0,0,0,0,0,0
TQQQ_50_QQQ_static,2026-04-16,574,2026-03-31,False,False,False,False,False,False,False,199954.06278810807,2006.6048482756596,201960.66763638373,0,0,0,0,201960.66763638373,0.01003532921660133,-0.019214389444513258,0,0,0,0,92144.899824039079,92144.899824039079,0,0.45625170931767578,0,0,0,0,109815.76781234464,109815.76781234464,0,0.54374829068232411,0,0,0,0,0,0,0,0
TQQQ_50_QQQ_static,2026-04-17,575,2026-03-31,False,False,False,False,False,False,False,201960.66763638373,5355.1693175359978,207315.83695391973,0,0,0,0,207315.83695391973,0.026515902230911603,0,0,0,0,0,93332.032653426359,93332.032653426359,0,0.45019248902905257,0,0,0,0,113983.80430049337,113983.80430049337,0,0.54980751097094749,0,0,0,0,0,0,0,0
TQQQ_50_QQQ_static,2026-04-20,576,2026-03-31,False,False,False,False,False,False,False,207315.83695391973,-1375.2804211376351,205940.5565327821,0,0,0,0,205940.5565327821,-0.0066337451173270612,-0.0066337451173270612,0,0,0,0,93043.373068439818,93043.373068439818,0,0.45179723039948644,0,0,0,0,112897.18346434228,112897.18346434228,0,0.54820276960051351,0,0,0,0,0,0,0,0
TQQQ_50_QQQ_static,2026-04-21,577,2026-03-31,False,False,False,False,False,False,False,205940.5565327821,-1830.1978920095717,204110.35864077252,0,0,0,0,204110.35864077252,-0.0088870202296371659,-0.015461811119908297,0,0,0,0,92654.940246507584,92654.940246507584,0,0.4539453110734924,0,0,0,0,111455.41839426493,111455.41839426493,0,0.54605468892650755,0,0,0,0,0,0,0,0
TQQQ_50_QQQ_static,2026-04-22,578,2026-03-31,False,False,False,False,False,False,False,204110.35864077252,7343.2144719598873,211453.57311273241,0,0,0,0,211453.57311273241,0.035976686929857005,0,0,0,0,0,94256.364690161528,94256.364690161528,0,0.44575441929236426,0,0,0,0,117197.20842257088,117197.20842257088,0,0.55424558070763574,0,0,0,0,0,0,0,0
TQQQ_50_QQQ_static,2026-04-23,579,2026-03-31,False,False,False,False,False,False,False,211453.57311273241,-2591.1961899592716,208862.37692277314,0,0,0,0,208862.37692277314,-0.012254208580234405,-0.012254208580234405,0,0,0,0,93714.780324241045,93714.780324241045,0,0.44869153413346474,0,0,0,0,115147.59659853208,115147.59659853208,0,0.55130846586653515,0,0,0,0,0,0,0,0
TQQQ_50_QQQ_static,2026-04-24,580,2026-03-31,False,False,False,False,False,False,False,208862.37692277314,8439.9605887013022,217302.33751147444,0,0,0,0,217302.33751147444,0.040409195342165249,0,0,0,0,0,95537.433845991589,95537.433845991589,0,0.43965212220023553,0,0,0,0,121764.90366548284,121764.90366548284,0,0.56034787779976436,0,0,0,0,0,0,0,0
TQQQ_50_QQQ_static,2026-04-27,581,2026-03-31,False,False,False,False,False,False,False,217302.33751147444,0.13242622537654825,217302.46993769982,0,0,0,0,217302.46993769982,6.0941003621195478e-07,0,0,0,0,0,95544.175415048667,95544.175415048667,0,0.43968287816719703,0,0,0,0,121758.29452265115,121758.29452265115,0,0.56031712183280291,0,0,0,0,0,0,0,0
TQQQ_50_QQQ_static,2026-04-28,582,2026-03-31,False,False,False,False,False,False,False,217302.46993769982,-4691.2864759457589,212611.18346175406,0,0,0,0,212611.18346175406,-0.021588739774981547,-0.021588739774981547,0,0,0,0,94576.946538205273,94576.946538205273,0,0.44483523866569519,0,0,0,0,118034.2369235488,118034.2369235488,0,0.55516476133430492,0,0,0,0,0,0,0,0
TQQQ_50_QQQ_static,2026-04-29,583,2026-03-31,False,False,False,False,False,False,False,212611.18346175406,2587.5063781330828,215198.68983988714,0,0,0,0,215198.68983988714,0.012170132991139448,-0.0096813446180148421,0,0,0,0,95129.225697286151,95129.225697286151,0,0.44205299654967473,0,0,0,0,120069.46414260098,120069.46414260098,0,0.55794700345032522,0,0,0,0,0,0,0,0
TQQQ_50_QQQ_static,2026-04-30,584,2026-03-31,False,True,False,False,False,False,False,215198.68983988714,4407.939937605348,219606.62977749249,0,0,0,0,219606.62977749249,0.020483116978476712,0,0,0,0,0,96056.480001238393,96056.480001238393,0,0.43740245956401103,0,0,0,0,123550.14977625411,123550.14977625411,0,0.56259754043598909,0,0,0,0,0,0,0,0
TQQQ_50_QQQ_static,2026-05-01,585,2026-04-30,False,False,True,False,False,False,True,219606.62977749249,4296.5822697461117,223903.2120472386,29978.068050581598,29.993064582873043,0.1338885127036806,0,223873.21898265573,0.01942832604592204,0,0,0,0,0,96962.571998328509,111936.60949132786,14974.037492999356,0.5,0,0,0,0,126940.64004891011,111936.60949132786,-15004.030557582242,0.5,0,0,0,0,0,0,0,0
TQQQ_50_QQQ_static,2026-05-04,586,2026-04-30,False,False,False,False,False,False,False,223873.21898265573,-979.98255075851921,222893.23643189721,0,0,0,0,222893.23643189721,-0.0043773996515162894,-0.0043773996515162894,0,0,0,0,111701.92024636189,111701.92024636189,0,0.50114540052672829,0,0,0,0,111191.31618553534,111191.31618553534,0,0.49885459947327171,0,0,0,0,0,0,0,0
TQQQ_50_QQQ_static,2026-05-05,587,2026-04-30,False,False,False,False,False,False,False,222893.23643189721,5845.6800562044373,228738.91648810165,0,0,0,0,228738.91648810165,0.026226368057563398,0,0,0,0,0,113176.80131351312,113176.80131351312,0,0.4947859465767831,0,0,0,0,115562.11517458853,115562.11517458853,0,0.5052140534232169,0,0,0,0,0,0,0,0
TQQQ_50_QQQ_static,2026-05-06,588,2026-04-30,False,False,False,False,False,False,False,228738.91648810165,9567.3823579590244,238306.29884606067,0,0,0,0,238306.29884606067,0.041826648936044375,0,0,0,0,0,115535.68213472,115535.68213472,0,0.48482009369526941,0,0,0,0,122770.61671134067,122770.61671134067,0,0.51517990630473065,0,0,0,0,0,0,0,0
TQQQ_50_QQQ_static,2026-05-07,589,2026-04-30,False,False,False,False,False,False,False,238306.29884606067,-629.48019011408905,237676.81865594658,0,0,0,0,237676.81865594658,-0.0026414752491318305,-0.0026414752491318305,0,0,0,0,115392.8366491011,115392.8366491011,0,0.48550311848519018,0,0,0,0,122283.9820068455,122283.9820068455,0,0.51449688151480988,0,0,0,0,0,0,0,0
TQQQ_50_QQQ_static,2026-05-08,590,2026-04-30,False,False,False,False,False,False,False,237676.81865594658,11250.182872464851,248927.00152841143,0,0,0,0,248927.00152841143,0.04733395093423165,0,0,0,0,0,118112.08517566267,118112.08517566267,0,0.47448482667792014,0,0,0,0,130814.91635274877,130814.91635274877,0,0.52551517332207986,0,0,0,0,0,0,0,0
TQQQ_50_QQQ_static,2026-05-11,591,2026-04-30,False,False,False,False,False,False,False,248927.00152841143,1492.426788564102,250419.42831697554,0,0,0,0,250419.42831697554,0.0059954395441257358,0,0,0,0,0,118464.11721642605,118464.11721642605,0,0.47306280512100168,0,0,0,0,131955.31110054947,131955.31110054947,0,0.52693719487899826,0,0,0,0,0,0,0,0
TQQQ_50_QQQ_static,2026-05-12,592,2026-04-30,False,False,False,False,False,False,False,250419.42831697554,-4521.2474392640288,245898.18087771151,0,0,0,0,245898.18087771151,-0.018054699148746245,-0.018054699148746245,0,0,0,0,117430.04710306886,117430.04710306886,0,0.4775555747664047,0,0,0,0,128468.13377464266,128468.13377464266,0,0.52244442523359536,0,0,0,0,0,0,0,0
TQQQ_50_QQQ_static,2026-05-13,593,2026-04-30,False,False,False,False,False,False,False,245898.18087771151,5209.1888184831187,251107.36969619463,0,0,0,0,251107.36969619463,0.021184332474072809,0,0,0,0,0,118653.25373827253,118653.25373827253,0,0.47251999764812413,0,0,0,0,132454.1159579221,132454.1159579221,0,0.52748000235187587,0,0,0,0,0,0,0,0
TQQQ_50_QQQ_static,2026-05-14,594,2026-04-30,False,False,False,False,False,False,False,251107.36969619463,3712.7576296901098,254820.12732588474,0,0,0,0,254820.12732588474,0.014785538290580824,0,0,0,0,0,119516.13866738623,119516.13866738623,0,0.4690215797378488,0,0,0,0,135303.98865849851,135303.98865849851,0,0.53097842026215125,0,0,0,0,0,0,0,0
TQQQ_50_QQQ_static,2026-05-15,595,2026-04-30,False,False,False,False,False,False,False,254820.12732588474,-8106.1572212347237,246713.97010465001,0,0,0,0,246713.97010465001,-0.031811290992990959,-0.031811290992990959,0,0,0,0,117696.63675508572,117696.63675508572,0,0.47705704182524283,0,0,0,0,129017.33334956429,129017.33334956429,0,0.52294295817475722,0,0,0,0,0,0,0,0
TQQQ_50_QQQ_static,2026-05-18,596,2026-04-30,False,False,False,False,False,False,False,246713.97010465001,-2296.0276986779063,244417.94240597211,0,0,0,0,244417.94240597211,-0.0093064356984080554,-0.040821676957289443,0,0,0,0,117169.0522569279,117169.0522569279,0,0.47937991418941339,0,0,0,0,127248.89014904419,127248.89014904419,0,0.5206200858105865,0,0,0,0,0,0,0,0
TQQQ_50_QQQ_static,2026-05-19,597,2026-04-30,False,False,False,False,False,False,False,244417.94240597211,-3042.3121435733046,241375.6302623988,0,0,0,0,241375.6302623988,-0.012447171895916265,-0.052760734423038746,0,0,0,0,116461.52394918713,116461.52394918713,0,0.48249081244275621,0,0,0,0,124914.10631321168,124914.10631321168,0,0.51750918755724384,0,0,0,0,0,0,0,0
TQQQ_50_QQQ_static,2026-05-20,598,2026-04-30,False,False,False,False,False,False,False,241375.6302623988,8120.2057213734952,249495.8359837723,0,0,0,0,249495.8359837723,0.033641365172391469,-0.020894312384136415,0,0,0,0,118397.40649215948,118397.40649215948,0,0.47454662329458791,0,0,0,0,131098.4294916128,131098.4294916128,0,0.52545337670541203,0,0,0,0,0,0,0,0
TQQQ_50_QQQ_static,2026-05-21,599,2026-04-30,False,False,False,False,False,False,False,249495.8359837723,1067.6545429968974,250563.49052676919,0,0,0,0,250563.49052676919,0.0042792479433058084,-0.016704476384127309,0,0,0,0,118653.08900444365,118653.08900444365,0,0.47354500352383633,0,0,0,0,131910.40152232556,131910.40152232556,0,0.52645499647616367,0,0,0,0,0,0,0,0
TQQQ_50_QQQ_static,2026-05-22,600,2026-04-30,False,False,False,False,False,False,False,250563.49052676919,2045.0397430726443,252608.53026984184,0,0,0,0,252608.53026984184,0.0081617626685088762,-0.0086790516873673784,0,0,0,0,119157.3188289862,119157.3188289862,0,0.47170742295083939,0,0,0,0,133451.21144085564,133451.21144085564,0,0.52829257704916055,0,0,0,0,0,0,0,0
TQQQ_50_QQQ_static,2026-05-26,601,2026-04-30,False,False,False,False,False,False,False,252608.53026984184,9102.2597402626707,261710.79001010451,0,0,0,0,261710.79001010451,0.03603306559180508,0,0,0,0,0,121254.37000873176,121254.37000873176,0,0.46331437081386745,0,0,0,0,140456.42000137275,140456.42000137275,0,0.53668562918613261,0,0,0,0,0,0,0,0
TQQQ_50_QQQ_static,2026-05-27,602,2026-04-30,False,False,False,False,False,False,False,261710.79001010451,-530.56277848721948,261180.22723161729,0,0,0,0,261180.22723161729,-0.0020272866031497694,-0.0020272866031497694,0,0,0,0,121142.04910378036,121142.04910378036,0,0.46382549853726235,0,0,0,0,140038.17812783693,140038.17812783693,0,0.5361745014627376,0,0,0,0,0,0,0,0
TQQQ_50_QQQ_static,2026-05-28,603,2026-04-30,False,False,False,False,False,False,False,261180.22723161729,4479.9279622023168,265660.15519381961,0,0,0,0,265660.15519381961,0.017152630617131237,0,0,0,0,0,122153.14067469406,122153.14067469406,0,0.45980979189586751,0,0,0,0,143507.01451912554,143507.01451912554,0,0.54019020810413243,0,0,0,0,0,0,0,0
TQQQ_50_QQQ_static,2026-05-29,604,2026-04-30,False,True,False,False,False,False,False,265660.15519381961,1906.4589521489688,267566.61414596858,0,0,0,0,267566.61414596858,0.007176307454755726,0,0,0,0,0,122601.58103000057,122601.58103000057,0,0.45820956183687539,0,0,0,0,144965.03311596799,144965.03311596799,0,0.54179043816312455,0,0,0,0,0,0,0,0
TQQQ_50_QQQ_static,2026-06-01,605,2026-05-29,False,False,True,False,False,False,True,267566.61414596858,3266.3422847355832,270832.95643070416,24172.920604159124,24.185013110714468,0.089253984901737957,0,270808.77141759347,0.012117196616526105,0,0,0,0,0,123330.01791327252,135404.38570879673,12074.367795524216,0.5,0,0,0,0,147502.93851743164,135404.38570879673,-12098.552808634908,0.5,0,0,0,0,0,0,0,0
TQQQ_50_QQQ_static,2026-06-02,606,2026-05-29,False,False,False,False,False,False,False,270808.77141759347,2572.5760976653546,273381.34751525882,0,0,0,0,273381.34751525882,0.0094996040349755173,0,0,0,0,0,136057.59326255639,136057.59326255639,0,0.49768425863422272,0,0,0,0,137323.75425270241,137323.75425270241,0,0.50231574136577717,0,0,0,0,0,0,0,0
TQQQ_50_QQQ_static,2026-06-03,607,2026-05-29,False,False,False,False,False,False,False,273381.34751525882,-1629.6575222456595,271751.68999301316,0,0,0,0,271751.68999301316,-0.0059611145275911825,-0.0059611145275911825,0,0,0,0,135660.62414602953,135660.62414602953,0,0.49920802387472701,0,0,0,0,136091.06584698366,136091.06584698366,0,0.50079197612527304,0,0,0,0,0,0,0,0
TQQQ_50_QQQ_static,2026-06-04,608,2026-05-29,False,False,False,False,False,False,False,271751.68999301316,-2832.1206351915607,268919.5693578216,0,0,0,0,268919.5693578216,-0.010421722254107646,-0.01632071170176741,0,0,0,0,134961.55482918405,134961.55482918405,0,0.50186587443774167,0,0,0,0,133958.01452863758,133958.01452863758,0,0.49813412556225845,0,0,0,0,0,0,0,0
TQQQ_50_QQQ_static,2026-06-05,609,2026-05-29,False,False,False,False,False,False,False,268919.5693578216,-25643.899454764207,243275.66990305739,0,0,0,0,243275.66990305739,-0.095358993456674424,-0.11012337851806464,0,0,0,0,128543.28308388278,128543.28308388278,0,0.52838528051368983,0,0,0,0,114732.38681917462,114732.38681917462,0,0.47161471948631023,0,0,0,0,0,0,0,0
TQQQ_50_QQQ_static,2026-06-08,610,2026-05-29,False,False,False,False,False,False,False,243275.66990305739,7409.9355248287029,250685.6054278861,0,0,0,0,250685.6054278861,0.030459007790550885,-0.0830186195717173,0,0,0,0,130572.59823169434,130572.59823169434,0,0.52086196975221111,0,0,0,0,120113.00719619176,120113.00719619176,0,0.47913803024778889,0,0,0,0,0,0,0,0
TQQQ_50_QQQ_static,2026-06-09,611,2026-05-29,False,False,False,False,False,False,False,250685.6054278861,-5536.1170657319308,245149.48836215417,0,0,0,0,245149.48836215417,-0.022083904882701733,-0.10326914915630403,0,0,0,0,129109.19931827519,129109.19931827519,0,0.52665498174544378,0,0,0,0,116040.28904387899,116040.28904387899,0,0.47334501825455627,0,0,0,0,0,0,0,0
TQQQ_50_QQQ_static,2026-06-10,612,2026-05-29,False,False,False,False,False,False,False,245149.48836215417,-9490.0138859412109,235659.47447621296,0,0,0,0,235659.47447621296,-0.038711130703735441,-0.13798261432938619,0,0,0,0,126550.02870610132,126550.02870610132,0,0.53700378050734832,0,0,0,0,109109.44577011163,109109.44577011163,0,0.46299621949265163,0,0,0,0,0,0,0,0
TQQQ_50_QQQ_static,2026-06-11,613,2026-05-29,False,False,False,False,False,False,False,235659.47447621296,14889.165996837692,250548.64047305065,0,0,0,0,250548.64047305065,0.063180850377142717,-0.08351962286283543,0,0,0,0,130712.57118776839,130712.57118776839,0,0.52170537002705475,0,0,0,0,119836.06928528225,119836.06928528225,0,0.47829462997294525,0,0,0,0,0,0,0,0
TQQQ_50_QQQ_static,2026-06-12,614,2026-05-29,False,False,False,False,False,False,False,250548.64047305065,3075.6435515249032,253624.28402457555,0,0,0,0,253624.28402457555,0.012275634566277782,-0.072269244665935095,0,0,0,0,131558.23515212888,131558.23515212888,0,0.51871308639901859,0,0,0,0,122066.04887244666,122066.04887244666,0,0.48128691360098136,0,0,0,0,0,0,0,0
TQQQ_50_QQQ_static,2026-06-15,615,2026-05-29,False,False,False,False,False,False,False,253624.28402457555,15246.976189904264,268871.26021447981,0,0,0,0,268871.26021447981,0.060116389282450777,-0.01649742142897026,0,0,0,0,135597.72290882879,135597.72290882879,0,0.50432211609623834,0,0,0,0,133273.53730565103,133273.53730565103,0,0.49567788390376172,0,0,0,0,0,0,0,0
TQQQ_50_QQQ_static,2026-06-16,616,2026-05-29,False,False,False,False,False,False,False,268871.26021447981,-10119.642499664915,258751.6177148149,0,0,0,0,258751.6177148149,-0.037637501648902227,-0.053514001351637086,0,0,0,0,133041.94710087945,133041.94710087945,0,0.5141685616339321,0,0,0,0,125709.67061393545,125709.67061393545,0,0.48583143836606785,0,0,0,0,0,0,0,0
TQQQ_50_QQQ_static,2026-06-17,617,2026-05-29,False,False,False,False,False,False,False,258751.6177148149,-5095.2510230667249,253656.36669174818,0,0,0,0,253656.36669174818,-0.019691668280437558,-0.072151889669099245,0,0,0,0,131723.9088910982,131723.9088910982,0,0.51930062158137569,0,0,0,0,121932.45780064998,121932.45780064998,0,0.48069937841862426,0,0,0,0,0,0,0,0
TQQQ_50_QQQ_static,2026-06-18,618,2026-05-29,False,False,False,False,False,False,False,253656.36669174818,12183.325295932562,265839.69198768074,0,0,0,0,265839.69198768074,0.048030827906394125,-0.027586576758522829,0,0,0,0,134986.2143807729,134986.2143807729,0,0.50777298668788817,0,0,0,0,130853.47760690782,130853.47760690782,0,0.49222701331211177,0,0,0,0,0,0,0,0
TQQQ_50_QQQ_static,2026-06-22,619,2026-05-29,False,False,False,False,False,False,False,265839.69198768074,-1051.2115450358251,264788.48044264491,0,0,0,0,264788.48044264491,-0.0039543062105433791,-0.031431797197262301,0,0,0,0,134727.58025462978,134727.58025462978,0,0.50881209042556041,0,0,0,0,130060.90018801512,130060.90018801512,0,0.49118790957443953,0,0,0,0,0,0,0,0
TQQQ_50_QQQ_static,2026-06-23,620,2026-05-29,False,False,False,False,False,False,False,264788.48044264491,-17320.129715401446,247468.35072724347,0,0,0,0,247468.35072724347,-0.065411190420548215,-0.094786996346080343,0,0,0,0,130288.36776932047,130288.36776932047,0,0.52648497226589874,0,0,0,0,117179.98295792298,117179.98295792298,0,0.47351502773410126,0,0,0,0,0,0,0,0
TQQQ_50_QQQ_static,2026-06-24,621,2026-05-29,False,False,False,False,False,False,False,247468.35072724347,-2123.0154281974537,245345.33529904601,0,0,0,0,245345.33529904601,-0.0085789371528055547,-0.1025527618143296,0,0,0,0,129725.12802228873,129725.12802228873,0,0.5287450354993285,0,0,0,0,115620.20727675727,115620.20727675727,0,0.47125496450067145,0,0,0,0,0,0,0,0
TQQQ_50_QQQ_static,2026-06-25,622,2026-05-29,False,False,False,False,False,False,False,245345.33529904601,3544.0507398488699,248889.38603889488,0,0,0,0,248889.38603889488,0.014445152321844956,-0.089588999757918453,0,0,0,0,130702.30824282221,130702.30824282221,0,0.52514215380159635,0,0,0,0,118187.07779607268,118187.07779607268,0,0.47485784619840377,0,0,0,0,0,0,0,0
TQQQ_50_QQQ_static,2026-06-26,623,2026-05-29,False,False,False,False,False,False,False,248889.38603889488,-5427.4246398542891,243461.96139904059,0,0,0,0,243461.96139904059,-0.021806573298413512,-0.1094419439663793,0,0,0,0,129273.5237428268,129273.5237428268,0,0.53098037574314982,0,0,0,0,114188.43765621378,114188.43765621378,0,0.46901962425685018,0,0,0,0,0,0,0,0
TQQQ_50_QQQ_static,2026-06-29,624,2026-05-29,False,False,False,False,False,False,False,243461.96139904059,10605.426993521367,254067.38839256196,0,0,0,0,254067.38839256196,0.043560919876673321,-0.070648415841972678,0,0,0,0,132186.22510933684,132186.22510933684,0,0.52028017427051532,0,0,0,0,121881.16328322512,121881.16328322512,0,0.47971982572948468,0,0,0,0,0,0,0,0
TQQQ_50_QQQ_static,2026-06-30,625,2026-05-29,False,True,False,False,False,False,False,254067.38839256196,8353.1604576505779,262420.54885021254,0,0,0,0,262420.54885021254,0.032877735747588455,-0.040093440041422346,0,0,0,0,134416.59107049936,134416.59107049936,0,0.51221823770829478,0,0,0,0,128003.95777971319,128003.95777971319,0,0.48778176229170522,0,0,0,0,0,0,0,0
TQQQ_50_QQQ_static,2026-07-01,626,2026-06-30,False,False,True,False,False,False,True,262420.54885021254,-7983.7501169553725,254436.79873325716,10260.618511342516,10.255490765959555,0.040326786700768856,0,254426.54324249123,-0.030462574835495193,-0.069334665459243272,0,0,0,0,132348.70862229983,127213.27162124561,-5135.4370010542189,0.5,0,0,0,0,122088.09011095732,127213.27162124561,5125.1815102882974,0.5,0,0,0,0,0,0,0,0
TQQQ_50_QQQ_static,2026-07-02,627,2026-06-30,False,False,False,False,False,False,False,254426.54324249123,-8358.1444760232407,246068.39876646799,0,0,0,0,246068.39876646799,-0.032850913939656001,-0.099907872270862841,0,0,0,0,125164.61539120279,125164.61539120279,0,0.5086578204216734,0,0,0,0,120903.78337526521,120903.78337526521,0,0.49134217957832665,0,0,0,0,0,0,0,0
TQQQ_50_QQQ_static,2026-07-06,628,2026-06-30,False,False,False,False,False,False,False,246068.39876646799,6127.5497551072622,252195.94852157525,0,0,0,0,252195.94852157525,0.024901815047460252,-0.077493944580476981,0,0,0,0,126745.54722603045,126745.54722603045,0,0.50256773738451799,0,0,0,0,125450.40129554478,125450.40129554478,0,0.49743226261548196,0,0,0,0,0,0,0,0
TQQQ_50_QQQ_static,2026-07-07,629,2026-06-30,False,False,False,False,False,False,False,252195.94852157525,-8939.5339433166082,243256.41457825864,0,0,0,0,243256.41457825864,-0.035446778569291126,-0.11019381245576287,0,0,0,0,124504.65757710104,124504.65757710104,0,0.51182476644226915,0,0,0,0,118751.7570011576,118751.7570011576,0,0.48817523355773079,0,0,0,0,0,0,0,0
TQQQ_50_QQQ_static,2026-07-08,630,2026-06-30,False,False,False,False,False,False,False,243256.41457825864,1274.9421299785317,244531.35670823717,0,0,0,0,244531.35670823717,0.0052411449547546951,-0.10553020924520606,0,0,0,0,124844.01466333809,124844.01466333809,0,0.51054399052918131,0,0,0,0,119687.34204489908,119687.34204489908,0,0.48945600947081869,0,0,0,0,0,0,0,0
TQQQ_50_QQQ_static,2026-07-09,631,2026-06-30,False,False,False,False,False,False,False,244531.35670823717,7817.5536331105104,252348.91034134768,0,0,0,0,252348.91034134768,0.031969534452949588,-0.076934426452547999,0,0,0,0,126870.40698318566,126870.40698318566,0,0.50275789505716673,0,0,0,0,125478.50335816201,125478.50335816201,0,0.49724210494283316,0,0,0,0,0,0,0,0
TQQQ_50_QQQ_static,2026-07-10,632,2026-06-30,False,False,False,False,False,False,False,252348.91034134768,1558.6354320821702,253907.54577342985,0,0,0,0,253907.54577342985,0.0061765094605474857,-0.071233103204826453,0,0,0,0,127288.36161628496,127288.36161628496,0,0.50131775811762835,0,0,0,0,126619.1841571449,126619.1841571449,0,0.49868224188237165,0,0,0,0,0,0,0,0
TQQQ_50_QQQ_static,2026-07-13,633,2026-06-30,False,False,False,False,False,False,False,253907.54577342985,-9576.95915964304,244330.58661378681,0,0,0,0,244330.58661378681,-0.037718292815877463,-0.10626460497584067,0,0,0,0,124892.21898330339,124892.21898330339,0,0.5111608035416394,0,0,0,0,119438.36763048342,119438.36763048342,0,0.4888391964583606,0,0,0,0,0,0,0,0
TQQQ_50_QQQ_static,2026-07-14,634,2026-06-30,False,False,False,False,False,False,False,244330.58661378681,5277.2905770028883,249607.8771907897,0,0,0,0,249607.8771907897,0.021598976412006587,-0.086960835260138536,0,0,0,0,126266.60964746308,126266.60964746308,0,0.50585987537144195,0,0,0,0,123341.26754332663,123341.26754332663,0,0.494140124628558,0,0,0,0,0,0,0,0
TQQQ_50_QQQ_static,2026-07-15,635,2026-06-30,False,False,False,False,False,False,False,249607.8771907897,-1445.6191894238291,248162.25800136587,0,0,0,0,248162.25800136587,-0.0057915607700107508,-0.092248757068129295,0,0,0,0,125908.75392273709,125908.75392273709,0,0.50736463689834777,0,0,0,0,122253.50407862877,122253.50407862877,0,0.49263536310165218,0,0,0,0,0,0,0,0
TQQQ_50_QQQ_static,2026-07-16,636,2026-06-30,False,False,False,False,False,False,False,248162.25800136587,-7989.8854560829932,240172.37254528288,0,0,0,0,240172.37254528288,-0.032196215171603648,-0.12147491140785449,0,0,0,0,123873.21895055384,123873.21895055384,0,0.51576797796423646,0,0,0,0,116299.15359472904,116299.15359472904,0,0.4842320220357636,0,0,0,0,0,0,0,0
TQQQ_50_QQQ_static,2026-07-17,637,2026-06-30,False,False,False,False,False,False,False,240172.37254528288,-7156.2457193640876,233016.12682591879,0,0,0,0,233016.12682591879,-0.029796290237399492,-0.14765169992838312,0,0,0,0,122024.15457715624,122024.15457715624,0,0.52367257253536703,0,0,0,0,110991.97224876255,110991.97224876255,0,0.47632742746463297,0,0,0,0,0,0,0,0
TQQQ_50_QQQ_static,2026-07-20,638,2026-06-30,False,False,False,False,False,False,False,233016.12682591879,137.83795825933339,233153.96478417813,0,0,0,0,233153.96478417813,0.00059153827735847209,-0.14714750328324944,0,0,0,0,122071.77012385504,122071.77012385504,0,0.52356720691776482,0,0,0,0,111082.19466032309,111082.19466032309,0,0.47643279308223518,0,0,0,0,0,0,0,0
TQQQ_50_QQQ_static,2026-07-21,639,2026-06-30,False,False,False,False,False,False,False,233153.96478417813,8728.6566827381612,241882.62146691629,0,0,0,0,241882.62146691629,0.037437307535464592,-0.11521900208127556,0,0,0,0,124422.40896931814,124422.40896931814,0,0.51439168392813261,0,0,0,0,117460.21249759813,117460.21249759813,0,0.48560831607186733,0,0,0,0,0,0,0,0
TQQQ_50_QQQ_static,2026-07-22,640,2026-06-30,False,False,False,False,False,False,False,241882.62146691629,-2589.13688509856,239293.48458181773,0,0,0,0,239293.48458181773,-0.010704104616514165,-0.12468979044570139,0,0,0,0,123751.60762182622,123751.60762182622,0,0.5171541040412817,0,0,0,0,115541.87695999151,115541.87695999151,0,0.48284589595871824,0,0,0,0,0,0,0,0
TQQQ_50_QQQ_static,2026-07-23,641,2026-06-30,False,False,False,False,False,False,False,239293.48458181773,-8855.9947546246403,230437.48982719309,0,0,0,0,230437.48982719309,-0.037008925546389682,-0.15708408082109115,0,0,0,0,121432.38270733175,121432.38270733175,0,0.52696452646830538,0,0,0,0,109005.10711986135,109005.10711986135,0,0.47303547353169467,0,0,0,0,0,0,0,0
TQQQ_50_QQQ_static,2026-07-24,642,2026-06-30,False,False,False,False,False,False,False,230437.48982719309,-5230.8934216508933,225206.59640554219,0,0,0,0,225206.59640554219,-0.022699836843274035,-0.17621813465905078,0,0,0,0,120042.26884958071,120042.26884958071,0,0.53303176179357481,0,0,0,0,105164.32755596148,105164.32755596148,0,0.46696823820642519,0,0,0,0,0,0,0,0
TQQQ_50_QQQ_static,2026-07-27,643,2026-06-30,False,False,False,False,False,False,False,225206.59640554219,-1419.0834120193322,223787.51299352286,0,0,0,0,223787.51299352286,-0.0063012515382271372,-0.18140899140519406,0,0,0,0,119660.1679820913,119660.1679820913,0,0.53470440053353041,0,0,0,0,104127.34501143156,104127.34501143156,0,0.46529559946646953,0,0,0,0,0,0,0,0
TQQQ_50_QQQ_static,2026-07-28,644,2026-06-30,False,False,False,False,False,False,False,223787.51299352286,-4256.3167497557006,219531.19624376716,0,0,0,0,219531.19624376716,-0.019019455968836363,-0.19697814704964833,0,0,0,0,118486.36812421314,118486.36812421314,0,0.53972451365247442,0,0,0,0,101044.82811955403,101044.82811955403,0,0.46027548634752569,0,0,0,0,0,0,0,0
TQQQ_50_QQQ_static,2026-07-29,645,2026-06-30,False,False,False,False,False,False,False,219531.19624376716,-8697.1549787402619,210834.0412650269,0,0,0,0,210834.0412650269,-0.039616943411919237,-0.22879141835651695,0,0,0,0,116049.72820630751,116049.72820630751,0,0.55043164524095201,0,0,0,0,94784.313058719403,94784.313058719403,0,0.44956835475904811,0,0,0,0,0,0,0,0
TQQQ_50_QQQ_static,2026-07-30,646,2026-06-30,False,False,False,False,False,False,False,210834.0412650269,13413.912930395396,224247.9541954223,0,0,0,0,224247.9541954223,0.063623088804400263,-0.1797247462798981,0,0,0,0,119949.86039417036,119949.86039417036,0,0.53489834868076125,0,0,0,0,104298.09380125195,104298.09380125195,0,0.46510165131923886,0,0,0,0,0,0,0,0
TQQQ_50_QQQ_static,2026-07-31,647,2026-06-30,False,True,False,False,False,False,False,224247.9541954223,2519.8086743360036,226767.7628697583,0,0,0,0,226767.7628697583,0.011236707524832523,-0.17050755316398747,0,0,0,0,120672.78045647942,120672.78045647942,0,0.53214257145442045,0,0,0,0,106094.98241327888,106094.98241327888,0,0.4678574285455796,0,0,0,0,0,0,0,0
TQQQ_50_QQQ_static,2026-08-03,648,2026-07-31,False,False,True,False,False,False,True,226767.7628697583,7756.8147307578765,234524.57760051618,11107.263569965813,11.101712713609013,0.047360765697170015,0,234513.47588780258,0.034157028847583426,-0.14217455572855731,0,0,0,0,122815.92058524099,117256.73794390129,-5559.1826413397066,0.5,0,0,0,0,111708.65701527518,117256.73794390129,5548.0809286261065,0.5,0,0,0,0,0,0,0,0
TQQQ_50_QQQ_static,2026-08-04,649,2026-07-31,False,False,False,False,False,False,False,234513.47588780258,15559.265038068843,250072.74092587142,0,0,0,0,250072.74092587142,0.066346997668964791,-0.085260412977101296,0,0,0,0,121152.82650812183,121152.82650812183,0,0.48447034274733258,0,0,0,0,128919.91441774958,128919.91441774958,0,0.51552965725266742,0,0,0,0,0,0,0,0
TQQQ_50_QQQ_static,2026-08-05,650,2026-07-31,False,False,False,False,False,False,False,250072.74092587142,-4232.4984388028388,245840.24248706858,0,0,0,0,245840.24248706858,-0.016925069174402618,-0.1007424437640283,0,0,0,0,120152.4900759228,120152.4900759228,0,0.48874215572026591,0,0,0,0,125687.75241114579,125687.75241114579,0,0.5112578442797342,0,0,0,0,0,0,0,0
TQQQ_50_QQQ_static,2026-08-06,651,2026-07-31,False,False,False,False,False,False,False,245840.24248706858,-1968.5172891032125,243871.72519796537,0,0,0,0,243871.72519796537,-0.008007302910168379,-0.10794307141106751,0,0,0,0,119685.59899525669,119685.59899525669,0,0.49077275726860375,0,0,0,0,124186.12620270868,124186.12620270868,0,0.5092272427313963,0,0,0,0,0,0,0,0
TQQQ_50_QQQ_static,2026-08-07,652,2026-07-31,False,False,False,False,False,False,False,243871.72519796537,5746.3779862088268,249618.10318417419,0,0,0,0,249618.10318417419,0.023563116968743136,-0.086923429659948814,0,0,0,0,121108.22500967045,121108.22500967045,0,0.48517404573142642,0,0,0,0,128509.87817450374,128509.87817450374,0,0.51482595426857358,0,0,0,0,0,0,0,0
TQQQ_50_QQQ_static,2026-08-10,653,2026-07-31,False,False,False,False,False,False,False,249618.10318417419,-1713.302784658008,247904.80039951619,0,0,0,0,247904.80039951619,-0.0068636960332716379,-0.093190509693865109,0,0,0,0,120707.48670749352,120707.48670749352,0,0.48691064680056551,0,0,0,0,127197.31369202267,127197.31369202267,0,0.51308935319943449,0,0,0,0,0,0,0,0
TQQQ_50_QQQ_static,2026-08-11,654,2026-07-31,False,False,False,False,False,False,False,247904.80039951619,-1675.4392520032125,246229.36114751297,0,0,0,0,246229.36114751297,-0.0067583977773045811,-0.099319088937588784,0,0,0,0,120314.42416238537,120314.42416238537,0,0.48862744719670731,0,0,0,0,125914.9369851276,125914.9369851276,0,0.51137255280329263,0,0,0,0,0,0,0,0
TQQQ_50_QQQ_static,2026-08-12,655,2026-07-31,False,False,False,False,False,False,False,246229.36114751297,3633.9493560526171,249863.31050356559,0,0,0,0,249863.31050356559,0.014758391684554395,-0.086026487269328267,0,0,0,0,121199.5609243604,121199.5609243604,0,0.48506345601560763,0,0,0,0,128663.74957920519,128663.74957920519,0,0.51493654398439237,0,0,0,0,0,0,0,0
TQQQ_50_QQQ_static,2026-08-13,656,2026-07-31,False,False,False,False,False,False,False,249863.31050356559,5794.9644865287119,255658.2749900943,0,0,0,0,255658.2749900943,0.023192538651832351,-0.06482912124857132,0,0,0,0,122593.66523516856,122593.66523516856,0,0.47952160062066662,0,0,0,0,133064.60975492574,133064.60975492574,0,0.52047839937933338,0,0,0,0,0,0,0,0
TQQQ_50_QQQ_static,2026-08-14,657,2026-07-31,False,False,False,False,False,False,False,255658.2749900943,-753.2641065089847,254905.01088358532,0,0,0,0,254905.01088358532,-0.0029463709185167941,-0.067584481529568308,0,0,0,0,122442.77662778216,122442.77662778216,0,0.48034668366602479,0,0,0,0,132462.23425580314,132462.23425580314,0,0.51965331633397516,0,0,0,0,0,0,0,0
TQQQ_50_QQQ_static,2026-08-17,658,2026-07-31,False,False,False,False,False,False,False,254905.01088358532,-910.33719501586165,253994.67368856946,0,0,0,0,253994.67368856946,-0.0035712801088544355,-0.070914398523868938,0,0,0,0,122235.9008547085,122235.9008547085,0,0.48125379591457745,0,0,0,0,131758.77283386097,131758.77283386097,0,0.5187462040854226,0,0,0,0,0,0,0,0
TQQQ_50_QQQ_static,2026-08-18,659,2026-07-31,False,False,False,False,False,False,False,253994.67368856946,-8735.1729577146471,245259.50073085481,0,0,0,0,245259.50073085481,-0.034391165888876474,-0.10286673556920112,0,0,0,0,120181.36888497228,120181.36888497228,0,0.4900171798720982,0,0,0,0,125078.13184588254,125078.13184588254,0,0.50998282012790186,0,0,0,0,0,0,0,0
TQQQ_50_QQQ_static,2026-08-19,660,2026-07-31,False,False,False,False,False,False,False,245259.50073085481,-1129.6722782290599,244129.82845262575,0,0,0,0,244129.82845262575,-0.0046060286140301443,-0.10699895705576767,0,0,0,0,119917.30950897609,119917.30950897609,0,0.49120302205204092,0,0,0,0,124212.51894364966,124212.51894364966,0,0.50879697794795908,0,0,0,0,0,0,0,0
TQQQ_50_QQQ_static,2026-08-20,661,2026-07-31,False,False,False,False,False,False,False,244129.82845262575,-3530.4072342369764,240599.42121838877,0,0,0,0,240599.42121838877,-0.014461187543586274,-0.11991281261440234,0,0,0,0,119066.02423260661,119066.02423260661,0,0.4948724466154556,0,0,0,0,121533.39698578216,121533.39698578216,0,0.5051275533845444,0,0,0,0,0,0,0,0
TQQQ_50_QQQ_static,2026-08-21,662,2026-07-31,False,False,False,False,False,False,False,240599.42121838877,1529.985454700538,242129.40667308931,0,0,0,0,242129.40667308931,0.0063590570873059971,-0.11431628794801074,0,0,0,0,119468.88439771174,119468.88439771174,0,0.49340923120095231,0,0,0,0,122660.52227537756,122660.52227537756,0,0.50659076879904763,0,0,0,0,0,0,0,0
TQQQ_50_QQQ_static,2026-08-24,663,2026-07-31,False,False,False,False,False,False,False,242129.40667308931,-4781.7053901945474,237347.70128289476,0,0,0,0,237347.70128289476,-0.019748552874664038,-0.13180725956569816,0,0,0,0,118304.19202744935,118304.19202744935,0,0.49844254394712911,0,0,0,0,119043.50925544543,119043.50925544543,0,0.50155745605287094,0,0,0,0,0,0,0,0
TQQQ_50_QQQ_static,2026-08-25,664,2026-07-31,False,False,False,False,False,False,False,237347.70128289476,3003.9118584515236,240351.61314134629,0,0,0,0,240351.61314134629,0.012656165794802332,-0.12081926830091794,0,0,0,0,119061.78837914979,119061.78837914979,0,0.49536504799379805,0,0,0,0,121289.8247621965,121289.8247621965,0,0.5046349520062019,0,0,0,0,0,0,0,0
TQQQ_50_QQQ_static,2026-08-26,665,2026-07-31,False,False,False,False,False,False,False,240351.61314134629,217.51349175538053,240569.12663310167,0,0,0,0,240569.12663310167,0.00090498036985287023,-0.12002362699717739,0,0,0,0,119123.53294888114,119123.53294888114,0,0.49517381808747052,0,0,0,0,121445.59368422053,121445.59368422053,0,0.50482618191252948,0,0,0,0,0,0,0,0
TQQQ_50_QQQ_static,2026-08-27,666,2026-07-31,False,False,False,False,False,False,False,240569.12663310167,6855.0739133662428,247424.20054646791,0,0,0,0,247424.20054646791,0.028495235483068093,-0.094948493028925829,0,0,0,0,120822.53479215151,120822.53479215151,0,0.4883214112657514,0,0,0,0,126601.6657543164,126601.6657543164,0,0.51167858873424865,0,0,0,0,0,0,0,0
TQQQ_50_QQQ_static,2026-08-28,667,2026-07-31,False,False,False,False,False,False,False,247424.20054646791,-3589.0403361144708,243835.16021035344,0,0,0,0,243835.16021035344,-0.014505615571102637,-0.10807682226109538,0,0,0,0,119979.54702491817,119979.54702491817,0,0.49205187193435668,0,0,0,0,123855.61318543529,123855.61318543529,0,0.50794812806564338,0,0,0,0,0,0,0,0
TQQQ_50_QQQ_static,2026-08-31,668,2026-07-31,False,True,False,False,False,False,False,243835.16021035344,351.26918382791337,244186.42939418135,0,0,0,0,244186.42939418135,0.0014406010336034392,-0.10679191680934985,0,0,0,0,120075.16887492598,120075.16887492598,0,0.49173563482962013,0,0,0,0,124111.26051925537,124111.26051925537,0,0.50826436517037987,0,0,0,0,0,0,0,0
TQQQ_50_QQQ_static,2026-09-01,669,2026-08-31,False,False,True,False,False,False,True,244186.42939418135,-6376.5391729497642,237809.89022123159,750.47261084846104,0.75084803486589224,0.0031557670294969889,0,237809.13937319673,-0.026116480087802096,-0.13011936792826229,0,0,0,0,118529.70880519156,118904.56968659836,374.86088140679931,0.5,0,0,0,0,119280.18141604002,118904.56968659836,-375.61172944166174,0.5,0,0,0,0,0,0,0,0
TQQQ_50_QQQ_static,2026-09-02,670,2026-08-31,False,False,False,False,False,False,False,237809.13937319673,1045.3730644035677,238854.51243760029,0,0,0,0,238854.51243760029,0.0043958489869602158,-0.12629550403299339,0,0,0,0,119174.58246257868,119174.58246257868,0,0.49894214367715795,0,0,0,0,119679.9299750216,119679.9299750216,0,0.50105785632284194,0,0,0,0,0,0,0,0
TQQQ_50_QQQ_static,2026-09-03,671,2026-08-31,False,False,False,False,False,False,False,238854.51243760029,5563.7005883049569,244418.21302590525,0,0,0,0,244418.21302590525,0.023293261372897334,-0.10594407684575846,0,0,0,0,120568.98042211683,120568.98042211683,0,0.49328967317725231,0,0,0,0,123849.2326037884,123849.2326037884,0,0.50671032682274764,0,0,0,0,0,0,0,0
TQQQ_50_QQQ_static,2026-09-04,672,2026-08-31,False,False,False,False,False,False,False,244418.21302590525,973.27235476797796,245391.48538067323,0,0,0,0,245391.48538067323,0.0039819960334330773,-0.10238394970609077,0,0,0,0,120842.21025433639,120842.21025433639,0,0.49244663101034308,0,0,0,0,124549.27512633684,124549.27512633684,0,0.50755336898965697,0,0,0,0,0,0,0,0
TQQQ_50_QQQ_static,2026-09-08,673,2026-08-31,False,False,False,False,False,False,False,245391.48538067323,-648.98969668001519,244742.49568399321,0,0,0,0,244742.49568399321,-0.0026447115541651245,-0.10475788524550722,0,0,0,0,120691.89982943003,120691.89982943003,0,0.49313830641518452,0,0,0,0,124050.5958545632,124050.5958545632,0,0.50686169358481548,0,0,0,0,0,0,0,0
TQQQ_50_QQQ_static,2026-09-09,674,2026-08-31,False,False,False,False,False,False,False,244742.49568399321,-1472.2776221214444,243270.21806187177,0,0,0,0,243270.21806187177,-0.0060156190611965199,-0.11014332077541023,0,0,0,0,120338.89923488602,120338.89923488602,0,0.494671728391676,0,0,0,0,122931.31882698576,122931.31882698576,0,0.50532827160832405,0,0,0,0,0,0,0,0
TQQQ_50_QQQ_static,2026-09-10,675,2026-08-31,False,False,False,False,False,False,False,243270.21806187177,-5278.6231400539982,237991.59492181777,0,0,0,0,237991.59492181777,-0.021698599944163566,-0.12945196486554655,0,0,0,0,119049.19439391239,119049.19439391239,0,0.50022436478490362,0,0,0,0,118942.40052790537,118942.40052790537,0,0.49977563521509633,0,0,0,0,0,0,0,0
TQQQ_50_QQQ_static,2026-09-11,676,2026-08-31,False,False,False,False,False,False,False,237991.59492181777,4247.5863574240939,242239.18127924186,0,0,0,0,242239.18127924186,0.017847631799011499,-0.1139147440711139,0,0,0,0,120137.38962709611,120137.38962709611,0,0.49594532557723359,0,0,0,0,122101.79165214575,122101.79165214575,0,0.50405467442276641,0,0,0,0,0,0,0,0
TQQQ_50_QQQ_static,2026-09-14,677,2026-08-31,False,False,False,False,False,False,False,242239.18127924186,-4036.7902520406351,238202.39102720123,0,0,0,0,238202.39102720123,-0.01666448107495544,-0.12868089504933788,0,0,0,0,119148.73343417948,119148.73343417948,0,0.50019956945173327,0,0,0,0,119053.65759302175,119053.65759302175,0,0.49980043054826667,0,0,0,0,0,0,0,0
TQQQ_50_QQQ_static,2026-09-15,678,2026-08-31,False,False,False,False,False,False,False,238202.39102720123,-3109.7971677497262,235092.5938594515,0,0,0,0,235092.5938594515,-0.013055272679419083,-0.14005620355525616,0,0,0,0,118381.18121843967,118381.18121843967,0,0.50355129983045344,0,0,0,0,116711.41264101183,116711.41264101183,0,0.49644870016954662,0,0,0,0,0,0,0,0
TQQQ_50_QQQ_static,2026-09-16,679,2026-08-31,False,False,False,False,False,False,False,235092.5938594515,85.00575868258602,235177.59961813409,0,0,0,0,235177.59961813409,0.0003615841625934646,-0.13974526149774125,0,0,0,0,118411.33225722711,118411.33225722711,0,0.50349749486981599,0,0,0,0,116766.26736090696,116766.26736090696,0,0.4965025051301839,0,0,0,0,0,0,0,0
TQQQ_50_QQQ_static,2026-09-17,680,2026-08-31,False,False,False,False,False,False,False,235177.59961813409,8088.3331955361064,243265.9328136702,0,0,0,0,243265.9328136702,0.034392447276736515,-0.11015899575923971,0,0,0,0,120463.58276386723,120463.58276386723,0,0.49519298230770542,0,0,0,0,122802.35004980295,122802.35004980295,0,0.50480701769229452,0,0,0,0,0,0,0,0
TQQQ_50_QQQ_static,2026-09-18,681,2026-08-31,False,False,False,False,False,False,False,243265.9328136702,3157.0225771139085,246422.9553907841,0,0,0,0,246422.9553907841,0.012977660047171602,-0.098610941710169264,0,0,0,0,121269.41855375325,121269.41855375325,0,0.4921190006890428,0,0,0,0,125153.53683703086,125153.53683703086,0,0.5078809993109572,0,0,0,0,0,0,0,0
TQQQ_50_QQQ_static,2026-09-21,682,2026-08-31,False,False,False,False,False,False,False,246422.9553907841,14037.595335706574,260460.55072649068,0,0,0,0,260460.55072649068,0.056965453212122208,-0.047262905484241058,0,0,0,0,124700.44969557364,124700.44969557364,0,0.47876904716569318,0,0,0,0,135760.10103091705,135760.10103091705,0,0.52123095283430687,0,0,0,0,0,0,0,0
TQQQ_50_QQQ_static,2026-09-22,683,2026-08-31,False,False,False,False,False,False,False,260460.55072649068,4317.5819720978616,264778.13269858854,0,0,0,0,264778.13269858854,0.016576721350143098,-0.031469648148508389,0,0,0,0,125722.96538983476,125722.96538983476,0,0.4748238236612693,0,0,0,0,139055.16730875379,139055.16730875379,0,0.52517617633873082,0,0,0,0,0,0,0,0
TQQQ_50_QQQ_static,2026-09-23,684,2026-08-31,False,False,False,False,False,False,False,264778.13269858854,-4658.9666980890906,260119.16600049945,0,0,0,0,260119.16600049945,-0.01759573817749005,-0.048511654636639534,0,0,0,0,124652.4053130766,124652.4053130766,0,0.47921269020537016,0,0,0,0,135466.76068742285,135466.76068742285,0,0.52078730979462984,0,0,0,0,0,0,0,0
TQQQ_50_QQQ_static,2026-09-24,685,2026-08-31,False,False,False,False,False,False,False,260119.16600049945,110.0711533552967,260229.23715385474,0,0,0,0,260229.23715385474,0.0004231566441170731,-0.048109026021499135,0,0,0,0,124687.69844512209,124687.69844512209,0,0.47914561718291193,0,0,0,0,135541.53870873264,135541.53870873264,0,0.52085438281708796,0,0,0,0,0,0,0,0
TQQQ_50_QQQ_static,2026-09-25,686,2026-08-31,False,False,False,False,False,False,False,260229.23715385474,2130.5679218305741,262359.80507568532,0,0,0,0,262359.80507568532,0.008187273440650733,-0.040315634331849703,0,0,0,0,125215.88019602896,125215.88019602896,0,0.47726777415430233,0,0,0,0,137143.92487965638,137143.92487965638,0,0.52273222584569778,0,0,0,0,0,0,0,0
TQQQ_50_QQQ_static,2026-09-28,687,2026-08-31,False,False,False,False,False,False,False,262359.80507568532,-5840.829107712023,256518.9759679733,0,0,0,0,256518.9759679733,-0.022262667507422007,-0.06168076827679092,0,0,0,0,123860.52626978548,123860.52626978548,0,0.48285132046234902,0,0,0,0,132658.44969818782,132658.44969818782,0,0.51714867953765098,0,0,0,0,0,0,0,0
TQQQ_50_QQQ_static,2026-09-29,688,2026-08-31,False,False,False,False,False,False,False,256518.9759679733,1026.3072636656289,257545.28323163892,0,0,0,0,257545.28323163892,0.0040009019207754015,-0.057926645060288884,0,0,0,0,124115.62057634848,124115.62057634848,0,0.4819176613097495,0,0,0,0,133429.66265529045,133429.66265529045,0,0.51808233869025044,0,0,0,0,0,0,0,0
TQQQ_50_QQQ_static,2026-09-30,689,2026-08-31,False,True,False,False,False,False,False,257545.28323163892,1181.7606360691134,258727.04386770804,0,0,0,0,258727.04386770804,0.0045885547630326595,-0.05360388988035425,0,0,0,0,124402.11255175955,124402.11255175955,0,0.48082376968434992,0,0,0,0,134324.93131594849,134324.93131594849,0,0.51917623031565008,0,0,0,0,0,0,0,0
TQQQ_50_QQQ_static,2026-10-01,690,2026-09-30,False,False,True,False,True,True,False,258727.04386770804,1565.8341999099648,260292.878067618,260292.878067618,265.65730841582933,1,260027.22075920217,260027.22075920217,0.0050252840679421151,-0.048847980586207651,0,0,0,0,124782.00868559766,0,-124782.00868559766,0.4793907909120057,0,0,0,0,135510.86938202035,0,-135510.86938202035,0.52060920908799435,0,0,0,0,0,0,0,0
